{
  "type": "FeatureCollection",
  "generator": "overpass-turbo",
  "copyright": "The data included in this document is from www.openstreetmap.org. The data is made available under ODbL.",
  "timestamp": "2026-04-21T06:55:42Z",
  "features": [
    {
      "type": "Feature",
      "properties": {
        "@id": "way/5937197",
        "highway": "cycleway",
        "lit": "no",
        "oneway": "yes",
        "smoothness": "good",
        "surface": "asphalt"
      },
      "geometry": {
        "type": "LineString",
        "coordinates": [
          [
            8.5319637,
            47.3738136
          ],
          [
            8.532043,
            47.3738125
          ],
          [
            8.5321138,
            47.3738409
          ]
        ]
      },
      "id": "way/5937197"
    },
    {
      "type": "Feature",
      "properties": {
        "@id": "way/5937203",
        "highway": "cycleway",
        "lit": "yes",
        "smoothness": "good",
        "surface": "asphalt"
      },
      "geometry": {
        "type": "LineString",
        "coordinates": [
          [
            8.5356961,
            47.3761806
          ],
          [
            8.5356481,
            47.3761359
          ],
          [
            8.5356308,
            47.3761198
          ],
          [
            8.5356135,
            47.3761036
          ]
        ]
      },
      "id": "way/5937203"
    },
    {
      "type": "Feature",
      "properties": {
        "@id": "way/10588464",
        "bicycle": "designated",
        "cycleway:surface": "asphalt",
        "cycleway:width": "1.8",
        "foot": "designated",
        "footway:surface": "asphalt",
        "highway": "cycleway",
        "incline": "down",
        "lit": "yes",
        "segregated": "yes",
        "source:cycleway:width": "ARCore",
        "surface": "asphalt"
      },
      "geometry": {
        "type": "LineString",
        "coordinates": [
          [
            8.4836722,
            47.3938477
          ],
          [
            8.4835418,
            47.3936387
          ]
        ]
      },
      "id": "way/10588464"
    },
    {
      "type": "Feature",
      "properties": {
        "@id": "way/11008241",
        "bicycle": "designated",
        "cycleway:surface": "asphalt",
        "foot": "designated",
        "footway:surface": "asphalt",
        "highway": "cycleway",
        "lcn": "yes",
        "lit": "yes",
        "motor_vehicle": "no",
        "name": "Schärenmoosstrasse",
        "segregated": "yes",
        "surface": "asphalt",
        "wikidata": "Q27332051"
      },
      "geometry": {
        "type": "LineString",
        "coordinates": [
          [
            8.5539085,
            47.4203111
          ],
          [
            8.5537662,
            47.4203543
          ],
          [
            8.5533432,
            47.4204374
          ],
          [
            8.5532056,
            47.4204531
          ],
          [
            8.553064,
            47.4204605
          ],
          [
            8.5528239,
            47.4204744
          ],
          [
            8.552347,
            47.4205599
          ],
          [
            8.5523229,
            47.4205642
          ],
          [
            8.5517341,
            47.4206758
          ]
        ]
      },
      "id": "way/11008241"
    },
    {
      "type": "Feature",
      "properties": {
        "@id": "way/11487038",
        "foot": "yes",
        "highway": "cycleway",
        "lcn": "yes",
        "lit": "yes",
        "motor_vehicle": "no",
        "name": "Scheuchzerstrasse",
        "oneway": "no",
        "segregated": "no",
        "surface": "asphalt",
        "wikidata": "Q27330758"
      },
      "geometry": {
        "type": "LineString",
        "coordinates": [
          [
            8.5437604,
            47.3896518
          ],
          [
            8.5437419,
            47.3897048
          ],
          [
            8.543736,
            47.3897217
          ],
          [
            8.5436999,
            47.3898255
          ],
          [
            8.543676,
            47.3899145
          ],
          [
            8.5436714,
            47.3899379
          ],
          [
            8.5436651,
            47.3899765
          ]
        ]
      },
      "id": "way/11487038"
    },
    {
      "type": "Feature",
      "properties": {
        "@id": "way/14478270",
        "foot": "yes",
        "highway": "cycleway",
        "lit": "yes",
        "segregated": "no",
        "smoothness": "excellent",
        "surface": "asphalt"
      },
      "geometry": {
        "type": "LineString",
        "coordinates": [
          [
            8.4741964,
            47.3812805
          ],
          [
            8.4745048,
            47.3813183
          ]
        ]
      },
      "id": "way/14478270"
    },
    {
      "type": "Feature",
      "properties": {
        "@id": "way/14844963",
        "highway": "cycleway",
        "lit": "yes",
        "smoothness": "good",
        "surface": "asphalt",
        "width": "2"
      },
      "geometry": {
        "type": "LineString",
        "coordinates": [
          [
            8.4881844,
            47.3926422
          ],
          [
            8.4882354,
            47.3926034
          ]
        ]
      },
      "id": "way/14844963"
    },
    {
      "type": "Feature",
      "properties": {
        "@id": "way/14845403",
        "bicycle": "designated",
        "cycleway:surface": "concrete",
        "cycleway:width": "3",
        "foot": "designated",
        "footway:surface": "concrete",
        "highway": "cycleway",
        "layer": "-1",
        "lit": "yes",
        "segregated": "yes",
        "surface": "concrete",
        "tunnel": "yes"
      },
      "geometry": {
        "type": "LineString",
        "coordinates": [
          [
            8.4835418,
            47.3936387
          ],
          [
            8.4829931,
            47.3923385
          ],
          [
            8.4829319,
            47.3921934
          ],
          [
            8.4830107,
            47.3921786
          ]
        ]
      },
      "id": "way/14845403"
    },
    {
      "type": "Feature",
      "properties": {
        "@id": "way/21021146",
        "bicycle": "designated",
        "foot": "designated",
        "highway": "cycleway",
        "lit": "no",
        "segregated": "no",
        "smoothness": "good",
        "surface": "asphalt"
      },
      "geometry": {
        "type": "LineString",
        "coordinates": [
          [
            8.5347768,
            47.3866921
          ],
          [
            8.5348621,
            47.3866409
          ]
        ]
      },
      "id": "way/21021146"
    },
    {
      "type": "Feature",
      "properties": {
        "@id": "way/23406823",
        "foot": "yes",
        "highway": "cycleway",
        "lit": "yes",
        "segregated": "no",
        "smoothness": "good",
        "surface": "asphalt"
      },
      "geometry": {
        "type": "LineString",
        "coordinates": [
          [
            8.5417241,
            47.3760075
          ],
          [
            8.54185,
            47.3759633
          ]
        ]
      },
      "id": "way/23406823"
    },
    {
      "type": "Feature",
      "properties": {
        "@id": "way/25950311",
        "foot": "no",
        "highway": "cycleway",
        "oneway": "yes",
        "smoothness": "excellent",
        "surface": "asphalt"
      },
      "geometry": {
        "type": "LineString",
        "coordinates": [
          [
            8.5352008,
            47.3979519
          ],
          [
            8.5352585,
            47.3979554
          ],
          [
            8.5354397,
            47.3979639
          ],
          [
            8.5354952,
            47.3979951
          ]
        ]
      },
      "id": "way/25950311"
    },
    {
      "type": "Feature",
      "properties": {
        "@id": "way/25956686",
        "bicycle": "designated",
        "foot": "designated",
        "highway": "cycleway",
        "segregated": "no",
        "smoothness": "good",
        "surface": "asphalt"
      },
      "geometry": {
        "type": "LineString",
        "coordinates": [
          [
            8.5356811,
            47.3857409
          ],
          [
            8.5357239,
            47.3856894
          ],
          [
            8.5356897,
            47.3856339
          ]
        ]
      },
      "id": "way/25956686"
    },
    {
      "type": "Feature",
      "properties": {
        "@id": "way/27434037",
        "foot": "no",
        "highway": "cycleway",
        "lcn": "yes",
        "lit": "yes",
        "oneway": "no",
        "surface": "asphalt"
      },
      "geometry": {
        "type": "LineString",
        "coordinates": [
          [
            8.5260128,
            47.3718094
          ],
          [
            8.5260594,
            47.3718829
          ],
          [
            8.5262629,
            47.3719636
          ],
          [
            8.5264025,
            47.3720377
          ],
          [
            8.5265634,
            47.3721598
          ],
          [
            8.5266384,
            47.3722467
          ],
          [
            8.5266342,
            47.3722972
          ],
          [
            8.526632,
            47.3723244
          ]
        ]
      },
      "id": "way/27434037"
    },
    {
      "type": "Feature",
      "properties": {
        "@id": "way/27434191",
        "highway": "cycleway",
        "lit": "yes",
        "smoothness": "good",
        "surface": "asphalt",
        "width": "1"
      },
      "geometry": {
        "type": "LineString",
        "coordinates": [
          [
            8.5166333,
            47.3757061
          ],
          [
            8.5166421,
            47.3756748
          ],
          [
            8.5166492,
            47.3756493
          ],
          [
            8.516654,
            47.3756322
          ],
          [
            8.5166578,
            47.3756188
          ],
          [
            8.5166665,
            47.3755876
          ],
          [
            8.5166749,
            47.3755578
          ]
        ]
      },
      "id": "way/27434191"
    },
    {
      "type": "Feature",
      "properties": {
        "@id": "way/28047109",
        "alt_name": "Biketrail Triemli",
        "bicycle": "designated",
        "foot": "no",
        "highway": "cycleway",
        "horse": "no",
        "incline": "down",
        "info": "Viel schlamm, lange trockenzeit.",
        "lit": "no",
        "loc_name": "Antennentrail",
        "mtb": "designated",
        "mtb:scale": "2",
        "mtb_trail_type": "freeride",
        "name": "Triemlitrail",
        "name:gsw": "Üetzgitrail",
        "oneway": "yes",
        "surface": "compacted"
      },
      "geometry": {
        "type": "LineString",
        "coordinates": [
          [
            8.489868,
            47.3624816
          ],
          [
            8.4899478,
            47.3624544
          ],
          [
            8.490017,
            47.3624338
          ],
          [
            8.4901714,
            47.3624141
          ],
          [
            8.4902209,
            47.3624025
          ],
          [
            8.4902415,
            47.3623841
          ],
          [
            8.490246,
            47.3623265
          ],
          [
            8.4902185,
            47.3622905
          ],
          [
            8.4901891,
            47.362267
          ],
          [
            8.490145,
            47.3622391
          ],
          [
            8.490111,
            47.3622337
          ],
          [
            8.4900923,
            47.3622293
          ],
          [
            8.4900773,
            47.3622202
          ],
          [
            8.4900724,
            47.3622075
          ],
          [
            8.4900762,
            47.3621901
          ],
          [
            8.4900898,
            47.3621768
          ],
          [
            8.4901098,
            47.3621697
          ],
          [
            8.4901418,
            47.3621724
          ],
          [
            8.4901672,
            47.3621804
          ],
          [
            8.4902666,
            47.3622325
          ],
          [
            8.4903893,
            47.3622729
          ],
          [
            8.4904632,
            47.3623009
          ],
          [
            8.4905514,
            47.362319
          ],
          [
            8.4906545,
            47.3623313
          ],
          [
            8.4906711,
            47.3623322
          ],
          [
            8.4907043,
            47.3623308
          ],
          [
            8.4907202,
            47.3623276
          ],
          [
            8.4907294,
            47.3623203
          ],
          [
            8.4907306,
            47.3623066
          ],
          [
            8.4907244,
            47.3622989
          ],
          [
            8.4907042,
            47.3622883
          ],
          [
            8.49067,
            47.3622818
          ],
          [
            8.4905457,
            47.3622665
          ],
          [
            8.4905344,
            47.3622599
          ],
          [
            8.4905284,
            47.3622542
          ],
          [
            8.4905201,
            47.3622452
          ],
          [
            8.4905206,
            47.3622362
          ],
          [
            8.4905288,
            47.3622219
          ],
          [
            8.4905507,
            47.3622118
          ],
          [
            8.4905733,
            47.3622111
          ],
          [
            8.4906607,
            47.3622308
          ],
          [
            8.4906978,
            47.3622414
          ],
          [
            8.4907094,
            47.362243
          ],
          [
            8.4907246,
            47.362242
          ],
          [
            8.4907372,
            47.3622367
          ],
          [
            8.4907434,
            47.3622289
          ],
          [
            8.4907437,
            47.362221
          ],
          [
            8.4907304,
            47.3622062
          ],
          [
            8.4907104,
            47.3621959
          ],
          [
            8.4905596,
            47.3621136
          ],
          [
            8.4903981,
            47.3619632
          ],
          [
            8.4903854,
            47.3619397
          ],
          [
            8.4903713,
            47.3618817
          ],
          [
            8.490371,
            47.3618643
          ],
          [
            8.4903802,
            47.3618422
          ],
          [
            8.4903908,
            47.361833
          ],
          [
            8.4904071,
            47.361826
          ],
          [
            8.4904287,
            47.3618239
          ],
          [
            8.4904436,
            47.3618295
          ],
          [
            8.4904631,
            47.3618413
          ],
          [
            8.4904839,
            47.361859
          ],
          [
            8.490522,
            47.3618954
          ],
          [
            8.4905407,
            47.3619121
          ],
          [
            8.4905601,
            47.3619173
          ],
          [
            8.4905798,
            47.3619168
          ],
          [
            8.4905956,
            47.3619091
          ],
          [
            8.490602,
            47.3618989
          ],
          [
            8.4905986,
            47.3618784
          ],
          [
            8.4905859,
            47.3618449
          ],
          [
            8.4905823,
            47.3618302
          ],
          [
            8.4905852,
            47.3618167
          ],
          [
            8.4906035,
            47.3618104
          ],
          [
            8.4906217,
            47.361809
          ],
          [
            8.4906399,
            47.3618157
          ],
          [
            8.4906508,
            47.3618304
          ],
          [
            8.4906655,
            47.3619005
          ],
          [
            8.4906727,
            47.3619546
          ],
          [
            8.4906777,
            47.3619729
          ],
          [
            8.4906886,
            47.3619881
          ],
          [
            8.4907065,
            47.3619929
          ],
          [
            8.4907265,
            47.3619934
          ],
          [
            8.4907442,
            47.3619875
          ],
          [
            8.4907597,
            47.3619705
          ],
          [
            8.4907618,
            47.361954
          ],
          [
            8.4907736,
            47.3619026
          ],
          [
            8.4907781,
            47.3618504
          ],
          [
            8.4907851,
            47.3617978
          ],
          [
            8.4907933,
            47.3617767
          ],
          [
            8.4908027,
            47.3617667
          ],
          [
            8.4908185,
            47.3617564
          ],
          [
            8.4908428,
            47.3617542
          ],
          [
            8.4908658,
            47.3617579
          ],
          [
            8.4908895,
            47.3617714
          ],
          [
            8.4909225,
            47.3618145
          ],
          [
            8.4909578,
            47.361859
          ],
          [
            8.4909946,
            47.3618954
          ],
          [
            8.4910254,
            47.3619286
          ],
          [
            8.4910475,
            47.3619514
          ],
          [
            8.4910974,
            47.3619965
          ],
          [
            8.49112,
            47.362011
          ],
          [
            8.4911427,
            47.3620171
          ],
          [
            8.4911674,
            47.3620165
          ],
          [
            8.4911834,
            47.3620073
          ],
          [
            8.4911915,
            47.3619893
          ],
          [
            8.4911868,
            47.3619509
          ],
          [
            8.4912067,
            47.3618645
          ],
          [
            8.491218,
            47.3617785
          ],
          [
            8.4912412,
            47.3616811
          ],
          [
            8.4912465,
            47.3616581
          ],
          [
            8.4912592,
            47.3616429
          ],
          [
            8.4912797,
            47.3616339
          ],
          [
            8.4913022,
            47.3616321
          ],
          [
            8.4913283,
            47.3616345
          ],
          [
            8.4913749,
            47.3616534
          ],
          [
            8.4913936,
            47.3616674
          ],
          [
            8.4914023,
            47.3616833
          ],
          [
            8.4914034,
            47.3616969
          ],
          [
            8.4913978,
            47.3617054
          ],
          [
            8.4913678,
            47.3617399
          ],
          [
            8.4913625,
            47.3617537
          ],
          [
            8.4913646,
            47.3617717
          ],
          [
            8.4913825,
            47.3617911
          ],
          [
            8.4914216,
            47.3618254
          ],
          [
            8.4914535,
            47.3618462
          ],
          [
            8.4914761,
            47.3618569
          ],
          [
            8.4915426,
            47.3618753
          ],
          [
            8.4915677,
            47.3618814
          ],
          [
            8.4915922,
            47.3618822
          ],
          [
            8.491615,
            47.3618767
          ],
          [
            8.4916314,
            47.3618698
          ],
          [
            8.4916427,
            47.3618581
          ],
          [
            8.4916547,
            47.361836
          ],
          [
            8.4916707,
            47.3618069
          ],
          [
            8.4917495,
            47.3617337
          ],
          [
            8.4917827,
            47.3616978
          ],
          [
            8.4918106,
            47.3616118
          ],
          [
            8.4918179,
            47.3616
          ],
          [
            8.4918292,
            47.3615921
          ],
          [
            8.4918399,
            47.361591
          ],
          [
            8.4918535,
            47.3615927
          ],
          [
            8.4918685,
            47.3615987
          ],
          [
            8.491879,
            47.3616106
          ],
          [
            8.4918838,
            47.3616253
          ],
          [
            8.4918654,
            47.3616997
          ],
          [
            8.4918632,
            47.3617143
          ],
          [
            8.4918681,
            47.3617276
          ],
          [
            8.4918814,
            47.3617391
          ],
          [
            8.4918931,
            47.3617431
          ],
          [
            8.4919089,
            47.3617456
          ],
          [
            8.4919301,
            47.3617384
          ],
          [
            8.4919457,
            47.361724
          ],
          [
            8.4919526,
            47.3617085
          ],
          [
            8.4919518,
            47.3616773
          ],
          [
            8.4919495,
            47.3616306
          ],
          [
            8.4919523,
            47.3616143
          ],
          [
            8.4919585,
            47.3616034
          ],
          [
            8.4919746,
            47.3615942
          ],
          [
            8.4919923,
            47.3615889
          ],
          [
            8.4920135,
            47.3615886
          ],
          [
            8.4920332,
            47.3615928
          ],
          [
            8.4920472,
            47.3616074
          ],
          [
            8.4920464,
            47.3616265
          ],
          [
            8.4920226,
            47.3616763
          ],
          [
            8.4920073,
            47.3617276
          ],
          [
            8.4919696,
            47.3617829
          ],
          [
            8.4919605,
            47.3618087
          ],
          [
            8.4919627,
            47.3618291
          ],
          [
            8.4919739,
            47.3618546
          ],
          [
            8.4919915,
            47.3618663
          ],
          [
            8.4920097,
            47.3618714
          ],
          [
            8.4920256,
            47.3618721
          ],
          [
            8.4920465,
            47.3618656
          ],
          [
            8.4920586,
            47.3618534
          ],
          [
            8.4920624,
            47.3618382
          ],
          [
            8.4920582,
            47.3618226
          ],
          [
            8.4920571,
            47.3618075
          ],
          [
            8.4920654,
            47.3617911
          ],
          [
            8.4921029,
            47.3617297
          ],
          [
            8.492119,
            47.361697
          ],
          [
            8.4921366,
            47.3616817
          ],
          [
            8.4921555,
            47.3616755
          ],
          [
            8.4921759,
            47.3616712
          ],
          [
            8.4921971,
            47.3616709
          ],
          [
            8.4922147,
            47.3616762
          ],
          [
            8.4922281,
            47.3616891
          ],
          [
            8.4922307,
            47.3617017
          ],
          [
            8.4922275,
            47.3617182
          ],
          [
            8.492211,
            47.3617443
          ],
          [
            8.4921785,
            47.3618442
          ],
          [
            8.4921709,
            47.3618703
          ],
          [
            8.4921706,
            47.3618904
          ],
          [
            8.4921842,
            47.361905
          ],
          [
            8.4922094,
            47.3619168
          ],
          [
            8.4922353,
            47.3619155
          ],
          [
            8.4922562,
            47.3619108
          ],
          [
            8.4922743,
            47.3618973
          ],
          [
            8.4922834,
            47.3618783
          ],
          [
            8.4923148,
            47.3617839
          ],
          [
            8.4923231,
            47.361766
          ],
          [
            8.4923381,
            47.3617581
          ],
          [
            8.4923579,
            47.3617519
          ],
          [
            8.4923834,
            47.3617534
          ],
          [
            8.4924021,
            47.3617609
          ],
          [
            8.4924202,
            47.3617781
          ],
          [
            8.492426,
            47.3617927
          ],
          [
            8.4924224,
            47.3618094
          ],
          [
            8.4924081,
            47.3618302
          ],
          [
            8.4923404,
            47.3619321
          ],
          [
            8.4923333,
            47.3619488
          ],
          [
            8.4923319,
            47.3619666
          ],
          [
            8.4923369,
            47.3619769
          ],
          [
            8.4923476,
            47.3619871
          ],
          [
            8.4923622,
            47.3619932
          ],
          [
            8.4923774,
            47.3619937
          ],
          [
            8.4923932,
            47.3619898
          ],
          [
            8.4924075,
            47.3619819
          ],
          [
            8.4924151,
            47.3619706
          ],
          [
            8.4924238,
            47.361939
          ],
          [
            8.4924287,
            47.3619266
          ],
          [
            8.4924376,
            47.3619182
          ],
          [
            8.4924608,
            47.3619096
          ],
          [
            8.4924879,
            47.3619102
          ],
          [
            8.4925061,
            47.3619155
          ],
          [
            8.492522,
            47.3619274
          ],
          [
            8.4925242,
            47.3619475
          ],
          [
            8.4924951,
            47.3620054
          ],
          [
            8.4924514,
            47.3620486
          ],
          [
            8.4924394,
            47.3620655
          ],
          [
            8.4924379,
            47.3620841
          ],
          [
            8.4924437,
            47.3620967
          ],
          [
            8.4924526,
            47.362106
          ],
          [
            8.4924636,
            47.3621099
          ],
          [
            8.4924806,
            47.3621155
          ],
          [
            8.4924993,
            47.3621167
          ],
          [
            8.4925158,
            47.3621114
          ],
          [
            8.4925277,
            47.3621049
          ],
          [
            8.4925403,
            47.3620809
          ],
          [
            8.4925534,
            47.3620501
          ],
          [
            8.4925801,
            47.3620185
          ],
          [
            8.4926048,
            47.3620014
          ],
          [
            8.492625,
            47.361991
          ],
          [
            8.4926431,
            47.3619866
          ],
          [
            8.4926617,
            47.3619815
          ],
          [
            8.4926803,
            47.3619818
          ],
          [
            8.4926965,
            47.3619856
          ],
          [
            8.4927109,
            47.361997
          ],
          [
            8.4927168,
            47.3620139
          ],
          [
            8.4927195,
            47.3620484
          ],
          [
            8.4927157,
            47.3620643
          ],
          [
            8.4927086,
            47.3620761
          ],
          [
            8.4926588,
            47.3621348
          ],
          [
            8.4926529,
            47.3621508
          ],
          [
            8.4926543,
            47.3621627
          ],
          [
            8.4926686,
            47.3621755
          ],
          [
            8.4926843,
            47.3621883
          ],
          [
            8.4926949,
            47.3622033
          ],
          [
            8.4927002,
            47.3622202
          ],
          [
            8.4926969,
            47.3622299
          ],
          [
            8.4926962,
            47.3622386
          ],
          [
            8.4926989,
            47.3622465
          ],
          [
            8.492705,
            47.3622508
          ],
          [
            8.4927541,
            47.3622621
          ]
        ]
      },
      "id": "way/28047109"
    },
    {
      "type": "Feature",
      "properties": {
        "@id": "way/28682758",
        "foot": "no",
        "highway": "cycleway",
        "lcn": "yes",
        "lit": "yes",
        "oneway": "yes",
        "smoothness": "good",
        "surface": "asphalt",
        "width": "1"
      },
      "geometry": {
        "type": "LineString",
        "coordinates": [
          [
            8.5320042,
            47.3844763
          ],
          [
            8.5319082,
            47.3845298
          ]
        ]
      },
      "id": "way/28682758"
    },
    {
      "type": "Feature",
      "properties": {
        "@id": "way/28757184",
        "cycleway:surface": "asphalt",
        "footway:surface": "asphalt",
        "highway": "cycleway",
        "lcn": "yes",
        "lit": "yes",
        "segregated": "yes",
        "surface": "paved"
      },
      "geometry": {
        "type": "LineString",
        "coordinates": [
          [
            8.5443399,
            47.3876711
          ],
          [
            8.5443112,
            47.3876075
          ],
          [
            8.5442786,
            47.3875352
          ]
        ]
      },
      "id": "way/28757184"
    },
    {
      "type": "Feature",
      "properties": {
        "@id": "way/29214452",
        "highway": "cycleway",
        "lit": "yes",
        "smoothness": "good",
        "surface": "asphalt",
        "width": "2"
      },
      "geometry": {
        "type": "LineString",
        "coordinates": [
          [
            8.5420133,
            47.3666441
          ],
          [
            8.5420035,
            47.3666581
          ],
          [
            8.5419936,
            47.3666723
          ],
          [
            8.5419449,
            47.3667431
          ]
        ]
      },
      "id": "way/29214452"
    },
    {
      "type": "Feature",
      "properties": {
        "@id": "way/29914490",
        "bicycle": "yes",
        "foot": "no",
        "hazard": "pedestrians",
        "highway": "cycleway",
        "horse": "no",
        "incline": "down",
        "lit": "no",
        "motor_vehicle": "no",
        "mtb": "yes",
        "mtb:scale": "2",
        "mtb_trail_type": "freeride",
        "name": "Adlisberg Trail",
        "oneway": "yes",
        "surface": "ground"
      },
      "geometry": {
        "type": "LineString",
        "coordinates": [
          [
            8.5781928,
            47.3657791
          ],
          [
            8.5780652,
            47.3657526
          ],
          [
            8.5780256,
            47.3657461
          ],
          [
            8.5780142,
            47.3657403
          ],
          [
            8.5780079,
            47.365732
          ],
          [
            8.578006,
            47.3657234
          ],
          [
            8.5780087,
            47.3657153
          ],
          [
            8.578021,
            47.3657063
          ],
          [
            8.5780455,
            47.3656883
          ],
          [
            8.57808,
            47.3656609
          ],
          [
            8.5781743,
            47.3656078
          ],
          [
            8.578304,
            47.3655428
          ],
          [
            8.578344,
            47.3655241
          ],
          [
            8.5783642,
            47.3655116
          ],
          [
            8.5783701,
            47.3655034
          ],
          [
            8.5783685,
            47.3654948
          ],
          [
            8.5783613,
            47.3654873
          ],
          [
            8.5783471,
            47.3654837
          ],
          [
            8.5782974,
            47.3654775
          ],
          [
            8.5780526,
            47.3655031
          ],
          [
            8.5780287,
            47.3655057
          ],
          [
            8.5780147,
            47.365505
          ],
          [
            8.5780067,
            47.3654986
          ],
          [
            8.578004,
            47.3654894
          ],
          [
            8.5780041,
            47.3654813
          ],
          [
            8.5780534,
            47.3654287
          ],
          [
            8.5781344,
            47.3653452
          ],
          [
            8.5781585,
            47.3653291
          ],
          [
            8.5781664,
            47.3653199
          ],
          [
            8.578167,
            47.3653089
          ],
          [
            8.5781621,
            47.3652988
          ],
          [
            8.5781529,
            47.3652938
          ],
          [
            8.5781374,
            47.3652901
          ],
          [
            8.5781138,
            47.3652931
          ],
          [
            8.5780631,
            47.3653163
          ],
          [
            8.5780337,
            47.3653238
          ],
          [
            8.577948,
            47.3653421
          ],
          [
            8.5779175,
            47.3653619
          ],
          [
            8.5779023,
            47.3653665
          ],
          [
            8.5778886,
            47.3653657
          ],
          [
            8.5778759,
            47.3653601
          ],
          [
            8.5778683,
            47.3653516
          ],
          [
            8.577866,
            47.365342
          ],
          [
            8.5778687,
            47.3653335
          ],
          [
            8.5779425,
            47.3652498
          ],
          [
            8.5779795,
            47.3652038
          ],
          [
            8.5779882,
            47.3651906
          ],
          [
            8.5779893,
            47.3651786
          ],
          [
            8.5779845,
            47.3651694
          ],
          [
            8.5779767,
            47.3651643
          ],
          [
            8.5779648,
            47.3651613
          ],
          [
            8.5779487,
            47.365163
          ],
          [
            8.5779355,
            47.3651684
          ],
          [
            8.5779206,
            47.3651734
          ],
          [
            8.5779041,
            47.3651771
          ],
          [
            8.5777557,
            47.3651887
          ],
          [
            8.5777375,
            47.3651894
          ],
          [
            8.5777246,
            47.3651869
          ],
          [
            8.5777188,
            47.3651824
          ],
          [
            8.5777149,
            47.3651764
          ],
          [
            8.5777129,
            47.3651683
          ],
          [
            8.5777163,
            47.3651529
          ],
          [
            8.5777232,
            47.3651336
          ],
          [
            8.5777749,
            47.3649792
          ],
          [
            8.5777732,
            47.36497
          ],
          [
            8.5777653,
            47.3649647
          ],
          [
            8.577753,
            47.3649634
          ],
          [
            8.5777381,
            47.364967
          ],
          [
            8.5777213,
            47.3649738
          ],
          [
            8.5776926,
            47.3649945
          ],
          [
            8.5776702,
            47.3650156
          ],
          [
            8.5776542,
            47.3650401
          ],
          [
            8.5776282,
            47.3650706
          ],
          [
            8.5775713,
            47.3651034
          ],
          [
            8.5774719,
            47.3651419
          ],
          [
            8.5773368,
            47.3651765
          ],
          [
            8.5772703,
            47.3651945
          ],
          [
            8.5771982,
            47.3651977
          ],
          [
            8.5768592,
            47.3651457
          ]
        ]
      },
      "id": "way/29914490"
    },
    {
      "type": "Feature",
      "properties": {
        "@id": "way/30437936",
        "foot": "yes",
        "highway": "cycleway",
        "lit": "yes",
        "name": "Mattackerstrasse",
        "oneway": "no",
        "wikidata": "Q27325740"
      },
      "geometry": {
        "type": "LineString",
        "coordinates": [
          [
            8.5520749,
            47.4251069
          ],
          [
            8.5520272,
            47.4250722
          ],
          [
            8.5519022,
            47.4250183
          ]
        ]
      },
      "id": "way/30437936"
    },
    {
      "type": "Feature",
      "properties": {
        "@id": "way/30611849",
        "cycleway": "link",
        "highway": "cycleway",
        "lcn": "yes",
        "lit": "yes",
        "surface": "asphalt"
      },
      "geometry": {
        "type": "LineString",
        "coordinates": [
          [
            8.5229776,
            47.3600508
          ],
          [
            8.5230805,
            47.3599471
          ]
        ]
      },
      "id": "way/30611849"
    },
    {
      "type": "Feature",
      "properties": {
        "@id": "way/30998755",
        "highway": "cycleway",
        "lcn": "yes",
        "lit": "yes",
        "name": "Berninastrasse",
        "oneway": "no",
        "surface": "asphalt",
        "wikidata": "Q27324780"
      },
      "geometry": {
        "type": "LineString",
        "coordinates": [
          [
            8.5480169,
            47.4033315
          ],
          [
            8.5479805,
            47.4033474
          ],
          [
            8.547969,
            47.4033524
          ],
          [
            8.5478984,
            47.4033833
          ],
          [
            8.5478896,
            47.4033871
          ],
          [
            8.5478546,
            47.4034076
          ],
          [
            8.547782,
            47.4034341
          ],
          [
            8.5477647,
            47.4034417
          ],
          [
            8.5477344,
            47.403466
          ],
          [
            8.5476889,
            47.4035024
          ]
        ]
      },
      "id": "way/30998755"
    },
    {
      "type": "Feature",
      "properties": {
        "@id": "way/30998892",
        "highway": "cycleway",
        "lit": "yes",
        "oneway": "yes",
        "surface": "asphalt"
      },
      "geometry": {
        "type": "LineString",
        "coordinates": [
          [
            8.5463887,
            47.4003
          ],
          [
            8.5463088,
            47.4003275
          ]
        ]
      },
      "id": "way/30998892"
    },
    {
      "type": "Feature",
      "properties": {
        "@id": "way/31573017",
        "bicycle": "designated",
        "foot": "designated",
        "highway": "cycleway",
        "lcn": "yes",
        "lit": "yes",
        "oneway": "yes",
        "segregated": "no",
        "smoothness": "good",
        "surface": "asphalt"
      },
      "geometry": {
        "type": "LineString",
        "coordinates": [
          [
            8.5420553,
            47.3983213
          ],
          [
            8.5420975,
            47.3983719
          ],
          [
            8.5425049,
            47.3990075
          ],
          [
            8.5425671,
            47.3991105
          ],
          [
            8.5426457,
            47.3992044
          ],
          [
            8.5427369,
            47.3992648
          ],
          [
            8.5427848,
            47.3992897
          ],
          [
            8.5428864,
            47.3993318
          ],
          [
            8.5430448,
            47.3993826
          ]
        ]
      },
      "id": "way/31573017"
    },
    {
      "type": "Feature",
      "properties": {
        "@id": "way/31574126",
        "foot": "yes",
        "highway": "cycleway",
        "lit": "yes",
        "motor_vehicle": "no",
        "name": "Röslistrasse",
        "oneway": "no",
        "segregated": "no",
        "smoothness": "good",
        "surface": "asphalt",
        "wikidata": "Q27330773"
      },
      "geometry": {
        "type": "LineString",
        "coordinates": [
          [
            8.5438103,
            47.3899341
          ],
          [
            8.5437766,
            47.3899046
          ],
          [
            8.5437651,
            47.3898927
          ],
          [
            8.5436999,
            47.3898255
          ],
          [
            8.5435938,
            47.3897504
          ],
          [
            8.543579,
            47.3897388
          ],
          [
            8.5435309,
            47.3896983
          ]
        ]
      },
      "id": "way/31574126"
    },
    {
      "type": "Feature",
      "properties": {
        "@id": "way/31824826",
        "highway": "cycleway",
        "lit": "yes",
        "oneway": "yes",
        "smoothness": "good",
        "source:width": "ARCore",
        "surface": "asphalt",
        "width": "1.2"
      },
      "geometry": {
        "type": "LineString",
        "coordinates": [
          [
            8.5388484,
            47.3774409
          ],
          [
            8.5387664,
            47.3774357
          ],
          [
            8.5387069,
            47.3774118
          ],
          [
            8.5385811,
            47.3773614
          ],
          [
            8.5385389,
            47.3773274
          ],
          [
            8.5384917,
            47.3772821
          ],
          [
            8.538431,
            47.3772192
          ],
          [
            8.5380746,
            47.3768527
          ],
          [
            8.5380255,
            47.3767996
          ],
          [
            8.537579,
            47.3763452
          ],
          [
            8.5375053,
            47.3762639
          ],
          [
            8.5374752,
            47.3762293
          ],
          [
            8.5374439,
            47.376198
          ]
        ]
      },
      "id": "way/31824826"
    },
    {
      "type": "Feature",
      "properties": {
        "@id": "way/32063861",
        "cycleway:surface": "asphalt",
        "foot": "no",
        "footway:surface": "asphalt",
        "highway": "cycleway",
        "lcn": "yes",
        "lit": "yes",
        "smoothness": "excellent",
        "surface": "asphalt"
      },
      "geometry": {
        "type": "LineString",
        "coordinates": [
          [
            8.5402413,
            47.3953829
          ],
          [
            8.5401825,
            47.3954813
          ],
          [
            8.5401415,
            47.3954949
          ]
        ]
      },
      "id": "way/32063861"
    },
    {
      "type": "Feature",
      "properties": {
        "@id": "way/33699051",
        "bicycle": "designated",
        "foot": "designated",
        "highway": "cycleway",
        "lit": "yes",
        "name": "Baumhaldenstrasse",
        "sidewalk": "no",
        "surface": "fine_gravel",
        "wikidata": "Q27325575"
      },
      "geometry": {
        "type": "LineString",
        "coordinates": [
          [
            8.5031126,
            47.3616353
          ],
          [
            8.5030828,
            47.3616553
          ],
          [
            8.5030724,
            47.3616646
          ],
          [
            8.5030634,
            47.3616723
          ],
          [
            8.5029144,
            47.3617996
          ],
          [
            8.502551,
            47.3620686
          ],
          [
            8.5023472,
            47.3621971
          ],
          [
            8.5019442,
            47.3624169
          ],
          [
            8.5016522,
            47.3625329
          ],
          [
            8.5012788,
            47.3626429
          ],
          [
            8.5009544,
            47.3627246
          ],
          [
            8.5006143,
            47.3627831
          ]
        ]
      },
      "id": "way/33699051"
    },
    {
      "type": "Feature",
      "properties": {
        "@id": "way/35393371",
        "highway": "cycleway",
        "lit": "yes",
        "oneway": "yes",
        "smoothness": "good",
        "surface": "asphalt",
        "width": "1"
      },
      "geometry": {
        "type": "LineString",
        "coordinates": [
          [
            8.5416073,
            47.3784035
          ],
          [
            8.5415904,
            47.3784519
          ],
          [
            8.5415731,
            47.3785404
          ],
          [
            8.5415544,
            47.3786044
          ]
        ]
      },
      "id": "way/35393371"
    },
    {
      "type": "Feature",
      "properties": {
        "@id": "way/35471121",
        "highway": "cycleway",
        "surface": "asphalt"
      },
      "geometry": {
        "type": "LineString",
        "coordinates": [
          [
            8.5191003,
            47.3435479
          ],
          [
            8.5192549,
            47.3436101
          ]
        ]
      },
      "id": "way/35471121"
    },
    {
      "type": "Feature",
      "properties": {
        "@id": "way/35932602",
        "highway": "cycleway",
        "smoothness": "excellent",
        "surface": "asphalt"
      },
      "geometry": {
        "type": "LineString",
        "coordinates": [
          [
            8.5219595,
            47.3637248
          ],
          [
            8.5218606,
            47.3636965
          ]
        ]
      },
      "id": "way/35932602"
    },
    {
      "type": "Feature",
      "properties": {
        "@id": "way/38693547",
        "bicycle": "designated",
        "check_date:surface": "2024-05-09",
        "cycleway:surface": "asphalt",
        "cycleway:width": "1.5",
        "foot": "designated",
        "footway:surface": "asphalt",
        "highway": "cycleway",
        "incline": "down",
        "lcn": "yes",
        "segregated": "yes",
        "smoothness": "excellent",
        "surface": "asphalt"
      },
      "geometry": {
        "type": "LineString",
        "coordinates": [
          [
            8.4896667,
            47.3937012
          ],
          [
            8.4897541,
            47.3937175
          ],
          [
            8.4897972,
            47.3937239
          ],
          [
            8.4898254,
            47.3937256
          ],
          [
            8.4898533,
            47.3937257
          ],
          [
            8.4898849,
            47.3937234
          ],
          [
            8.4899339,
            47.3937158
          ],
          [
            8.4900684,
            47.3936879
          ],
          [
            8.4900805,
            47.393708
          ]
        ]
      },
      "id": "way/38693547"
    },
    {
      "type": "Feature",
      "properties": {
        "@id": "way/38693549",
        "bicycle": "designated",
        "check_date": "2025-11-14",
        "cycleway:surface": "asphalt",
        "foot": "designated",
        "footway:surface": "asphalt",
        "highway": "cycleway",
        "layer": "-1",
        "lcn": "yes",
        "name": "Unterführung Meierwiesenstrasse",
        "segregated": "yes",
        "smoothness": "excellent",
        "surface": "asphalt",
        "tunnel": "yes"
      },
      "geometry": {
        "type": "LineString",
        "coordinates": [
          [
            8.4900805,
            47.393708
          ],
          [
            8.4903555,
            47.3942067
          ],
          [
            8.4900696,
            47.3942703
          ]
        ]
      },
      "id": "way/38693549"
    },
    {
      "type": "Feature",
      "properties": {
        "@id": "way/39297896",
        "bicycle": "designated",
        "foot": "designated",
        "highway": "cycleway",
        "lit": "yes",
        "name": "Grünmattstrasse",
        "sidewalk": "no",
        "surface": "fine_gravel",
        "wikidata": "Q27330393"
      },
      "geometry": {
        "type": "LineString",
        "coordinates": [
          [
            8.5009429,
            47.3632761
          ],
          [
            8.5012595,
            47.363211
          ],
          [
            8.5015771,
            47.3631276
          ],
          [
            8.5016961,
            47.3630918
          ],
          [
            8.5020415,
            47.3629868
          ],
          [
            8.502604,
            47.3627628
          ],
          [
            8.5029065,
            47.3625982
          ],
          [
            8.5032232,
            47.3623857
          ],
          [
            8.5035809,
            47.3620973
          ],
          [
            8.5036824,
            47.3620155
          ],
          [
            8.5036913,
            47.3620083
          ],
          [
            8.5037034,
            47.3619989
          ],
          [
            8.5037292,
            47.3619776
          ]
        ]
      },
      "id": "way/39297896"
    },
    {
      "type": "Feature",
      "properties": {
        "@id": "way/39823778",
        "foot": "no",
        "highway": "cycleway",
        "lcn": "yes",
        "lit": "yes",
        "surface": "asphalt",
        "width": "1.5"
      },
      "geometry": {
        "type": "LineString",
        "coordinates": [
          [
            8.5672289,
            47.4064762
          ],
          [
            8.5672638,
            47.406483
          ],
          [
            8.5673609,
            47.4064455
          ],
          [
            8.5674278,
            47.4064271
          ],
          [
            8.5675499,
            47.4064207
          ],
          [
            8.5680687,
            47.4061973
          ],
          [
            8.5686199,
            47.4059832
          ],
          [
            8.5687406,
            47.4059363
          ],
          [
            8.5689028,
            47.4058738
          ],
          [
            8.5692626,
            47.4057362
          ]
        ]
      },
      "id": "way/39823778"
    },
    {
      "type": "Feature",
      "properties": {
        "@id": "way/39947444",
        "bicycle": "designated",
        "foot": "designated",
        "highway": "cycleway",
        "lit": "yes",
        "name": "Binzallee",
        "oneway": "no",
        "segregated": "no",
        "surface": "asphalt",
        "wikidata": "Q27331624"
      },
      "geometry": {
        "type": "LineString",
        "coordinates": [
          [
            8.5142047,
            47.3664169
          ],
          [
            8.5142485,
            47.3663842
          ],
          [
            8.5143257,
            47.3663099
          ],
          [
            8.5143662,
            47.3662686
          ],
          [
            8.5147628,
            47.3658646
          ],
          [
            8.5150387,
            47.3656059
          ],
          [
            8.51542,
            47.3652132
          ],
          [
            8.515556,
            47.3650732
          ],
          [
            8.5156214,
            47.365009
          ],
          [
            8.5157064,
            47.3649255
          ],
          [
            8.5160226,
            47.3646152
          ],
          [
            8.5160667,
            47.3645719
          ],
          [
            8.5161061,
            47.3645332
          ],
          [
            8.5162888,
            47.3643538
          ],
          [
            8.516909,
            47.3637288
          ],
          [
            8.5169442,
            47.3636933
          ],
          [
            8.5169265,
            47.3635745
          ],
          [
            8.5169214,
            47.3635406
          ]
        ]
      },
      "id": "way/39947444"
    },
    {
      "type": "Feature",
      "properties": {
        "@id": "way/43067653",
        "foot": "yes",
        "highway": "cycleway",
        "incline": "0%",
        "motor_vehicle": "no",
        "name": "Florhofgasse",
        "smoothness": "good",
        "surface": "asphalt",
        "wikidata": "Q27325832"
      },
      "geometry": {
        "type": "LineString",
        "coordinates": [
          [
            8.5492549,
            47.3720911
          ],
          [
            8.5493004,
            47.3720568
          ],
          [
            8.5493106,
            47.3720525
          ],
          [
            8.5493462,
            47.372047
          ]
        ]
      },
      "id": "way/43067653"
    },
    {
      "type": "Feature",
      "properties": {
        "@id": "way/43394248",
        "bicycle": "yes",
        "highway": "cycleway",
        "lit": "yes",
        "name": "Streulistrasse",
        "surface": "asphalt",
        "wikidata": "Q27331960"
      },
      "geometry": {
        "type": "LineString",
        "coordinates": [
          [
            8.5647162,
            47.3634652
          ],
          [
            8.5646917,
            47.3634838
          ],
          [
            8.5646314,
            47.363511
          ]
        ]
      },
      "id": "way/43394248"
    },
    {
      "type": "Feature",
      "properties": {
        "@id": "way/43523181",
        "highway": "cycleway",
        "lcn": "yes",
        "lit": "yes",
        "surface": "asphalt"
      },
      "geometry": {
        "type": "LineString",
        "coordinates": [
          [
            8.5324013,
            47.3658192
          ],
          [
            8.532386,
            47.3658455
          ],
          [
            8.5323452,
            47.3659154
          ]
        ]
      },
      "id": "way/43523181"
    },
    {
      "type": "Feature",
      "properties": {
        "@id": "way/43920298",
        "bicycle": "designated",
        "cycleway:surface": "asphalt",
        "cycleway:width": "1.5",
        "foot": "designated",
        "footway:surface": "asphalt",
        "highway": "cycleway",
        "incline": "up",
        "segregated": "yes",
        "smoothness": "excellent",
        "surface": "asphalt"
      },
      "geometry": {
        "type": "LineString",
        "coordinates": [
          [
            8.490025,
            47.3942798
          ],
          [
            8.4899875,
            47.394282
          ],
          [
            8.4899408,
            47.3942871
          ],
          [
            8.4896548,
            47.3943412
          ]
        ]
      },
      "id": "way/43920298"
    },
    {
      "type": "Feature",
      "properties": {
        "@id": "way/46197218",
        "bicycle": "designated",
        "foot": "designated",
        "highway": "cycleway",
        "incline": "up",
        "segregated": "no",
        "surface": "asphalt"
      },
      "geometry": {
        "type": "LineString",
        "coordinates": [
          [
            8.4830107,
            47.3921786
          ],
          [
            8.4831806,
            47.3921466
          ],
          [
            8.4831585,
            47.3920954
          ],
          [
            8.4829631,
            47.3921337
          ]
        ]
      },
      "id": "way/46197218"
    },
    {
      "type": "Feature",
      "properties": {
        "@id": "way/46197305",
        "foot": "designated",
        "highway": "cycleway",
        "segregated": "no",
        "surface": "asphalt"
      },
      "geometry": {
        "type": "LineString",
        "coordinates": [
          [
            8.5112259,
            47.4274209
          ],
          [
            8.5113041,
            47.4273927
          ]
        ]
      },
      "id": "way/46197305"
    },
    {
      "type": "Feature",
      "properties": {
        "@id": "way/50480409",
        "highway": "cycleway",
        "lcn": "yes",
        "lit": "yes",
        "oneway": "yes",
        "smoothness": "intermediate",
        "surface": "sett",
        "width": "1"
      },
      "geometry": {
        "type": "LineString",
        "coordinates": [
          [
            8.5313092,
            47.3844392
          ],
          [
            8.531355,
            47.3844088
          ],
          [
            8.5313584,
            47.3844075
          ],
          [
            8.5313634,
            47.3844056
          ],
          [
            8.5313767,
            47.3844006
          ],
          [
            8.5313979,
            47.3843952
          ],
          [
            8.5314637,
            47.3843937
          ]
        ]
      },
      "id": "way/50480409"
    },
    {
      "type": "Feature",
      "properties": {
        "@id": "way/51265906",
        "highway": "cycleway",
        "lit": "yes",
        "oneway": "no",
        "smoothness": "good",
        "surface": "asphalt",
        "width": "1"
      },
      "geometry": {
        "type": "LineString",
        "coordinates": [
          [
            8.5350039,
            47.376526
          ],
          [
            8.534793,
            47.3765792
          ]
        ]
      },
      "id": "way/51265906"
    },
    {
      "type": "Feature",
      "properties": {
        "@id": "way/51397504",
        "highway": "cycleway",
        "lcn": "yes",
        "lit": "yes",
        "oneway": "yes",
        "surface": "asphalt"
      },
      "geometry": {
        "type": "LineString",
        "coordinates": [
          [
            8.5569938,
            47.4046516
          ],
          [
            8.5567441,
            47.4045356
          ],
          [
            8.5566525,
            47.4044931
          ]
        ]
      },
      "id": "way/51397504"
    },
    {
      "type": "Feature",
      "properties": {
        "@id": "way/52194916",
        "bicycle": "designated",
        "foot": "designated",
        "highway": "cycleway",
        "lit": "yes",
        "segregated": "no",
        "smoothness": "excellent",
        "surface": "asphalt",
        "tracktype": "grade1"
      },
      "geometry": {
        "type": "LineString",
        "coordinates": [
          [
            8.4959315,
            47.3826352
          ],
          [
            8.4959463,
            47.3826286
          ],
          [
            8.496421,
            47.3824166
          ],
          [
            8.4966588,
            47.3823054
          ],
          [
            8.4969815,
            47.3821651
          ],
          [
            8.4973177,
            47.3820419
          ],
          [
            8.4977479,
            47.3818572
          ],
          [
            8.4981089,
            47.3817066
          ],
          [
            8.4981266,
            47.3816564
          ]
        ]
      },
      "id": "way/52194916"
    },
    {
      "type": "Feature",
      "properties": {
        "@id": "way/53160018",
        "highway": "cycleway",
        "oneway": "no",
        "surface": "asphalt"
      },
      "geometry": {
        "type": "LineString",
        "coordinates": [
          [
            8.6029751,
            47.3614424
          ],
          [
            8.6031975,
            47.3614146
          ],
          [
            8.6036568,
            47.3615274
          ],
          [
            8.6038662,
            47.3615467
          ],
          [
            8.6042211,
            47.3616248
          ],
          [
            8.6045608,
            47.3616913
          ],
          [
            8.6050236,
            47.3617713
          ],
          [
            8.606778,
            47.3619813
          ],
          [
            8.6071864,
            47.3620212
          ],
          [
            8.6077926,
            47.3620712
          ],
          [
            8.6089067,
            47.3621416
          ],
          [
            8.6124891,
            47.3623604
          ],
          [
            8.6132502,
            47.3624124
          ],
          [
            8.6143131,
            47.3625312
          ],
          [
            8.6145767,
            47.3625873
          ]
        ]
      },
      "id": "way/53160018"
    },
    {
      "type": "Feature",
      "properties": {
        "@id": "way/60502652",
        "highway": "cycleway",
        "lit": "yes",
        "oneway": "yes",
        "smoothness": "excellent",
        "surface": "asphalt",
        "width": "2"
      },
      "geometry": {
        "type": "LineString",
        "coordinates": [
          [
            8.5407976,
            47.3662906
          ],
          [
            8.5408442,
            47.3662309
          ]
        ]
      },
      "id": "way/60502652"
    },
    {
      "type": "Feature",
      "properties": {
        "@id": "way/66094208",
        "foot": "no",
        "highway": "cycleway",
        "lcn": "yes",
        "lit": "yes",
        "oneway": "yes",
        "smoothness": "excellent",
        "surface": "asphalt",
        "width": "1"
      },
      "geometry": {
        "type": "LineString",
        "coordinates": [
          [
            8.5948588,
            47.3970492
          ],
          [
            8.5948112,
            47.3971672
          ],
          [
            8.5947326,
            47.3972071
          ],
          [
            8.5926051,
            47.3980261
          ],
          [
            8.591856,
            47.3983042
          ],
          [
            8.5917685,
            47.3983027
          ]
        ]
      },
      "id": "way/66094208"
    },
    {
      "type": "Feature",
      "properties": {
        "@id": "way/70732844",
        "highway": "cycleway",
        "lit": "yes",
        "surface": "asphalt"
      },
      "geometry": {
        "type": "LineString",
        "coordinates": [
          [
            8.5220898,
            47.3707204
          ],
          [
            8.522127,
            47.3706887
          ],
          [
            8.5221425,
            47.3706756
          ],
          [
            8.522164,
            47.3706573
          ],
          [
            8.5221767,
            47.3706464
          ]
        ]
      },
      "id": "way/70732844"
    },
    {
      "type": "Feature",
      "properties": {
        "@id": "way/95575628",
        "highway": "cycleway",
        "oneway": "yes",
        "surface": "asphalt",
        "width": "1.5"
      },
      "geometry": {
        "type": "LineString",
        "coordinates": [
          [
            8.5604574,
            47.361722
          ],
          [
            8.5605283,
            47.3616239
          ],
          [
            8.5606786,
            47.3614094
          ]
        ]
      },
      "id": "way/95575628"
    },
    {
      "type": "Feature",
      "properties": {
        "@id": "way/104060777",
        "bicycle": "designated",
        "foot": "designated",
        "highway": "cycleway",
        "name": "Drahtschmidlisteig",
        "segregated": "no",
        "smoothness": "excellent",
        "surface": "asphalt",
        "wikidata": "Q27331894"
      },
      "geometry": {
        "type": "LineString",
        "coordinates": [
          [
            8.5398062,
            47.3832059
          ],
          [
            8.539956,
            47.383132
          ],
          [
            8.5399843,
            47.3831085
          ],
          [
            8.5400077,
            47.3830788
          ],
          [
            8.5400149,
            47.3830484
          ],
          [
            8.5400167,
            47.3830167
          ],
          [
            8.5400037,
            47.382936
          ],
          [
            8.5399347,
            47.3827654
          ],
          [
            8.5399057,
            47.382726
          ]
        ]
      },
      "id": "way/104060777"
    },
    {
      "type": "Feature",
      "properties": {
        "@id": "way/107756105",
        "highway": "cycleway",
        "lit": "yes",
        "smoothness": "excellent",
        "surface": "asphalt"
      },
      "geometry": {
        "type": "LineString",
        "coordinates": [
          [
            8.5415544,
            47.3786044
          ],
          [
            8.5415324,
            47.3786624
          ]
        ]
      },
      "id": "way/107756105"
    },
    {
      "type": "Feature",
      "properties": {
        "@id": "way/113968593",
        "highway": "cycleway",
        "lit": "yes",
        "oneway": "yes",
        "surface": "asphalt"
      },
      "geometry": {
        "type": "LineString",
        "coordinates": [
          [
            8.5640752,
            47.3471635
          ],
          [
            8.5640035,
            47.3471552
          ],
          [
            8.5638026,
            47.3473279
          ],
          [
            8.5634239,
            47.3476497
          ],
          [
            8.5631635,
            47.3478845
          ],
          [
            8.562926,
            47.3480973
          ],
          [
            8.5628366,
            47.348087
          ]
        ]
      },
      "id": "way/113968593"
    },
    {
      "type": "Feature",
      "properties": {
        "@id": "way/126356567",
        "highway": "cycleway"
      },
      "geometry": {
        "type": "LineString",
        "coordinates": [
          [
            8.5695096,
            47.412073
          ],
          [
            8.5695431,
            47.4121128
          ],
          [
            8.569606,
            47.4121375
          ],
          [
            8.5696565,
            47.4121599
          ],
          [
            8.5696647,
            47.4121951
          ],
          [
            8.5696424,
            47.4122243
          ],
          [
            8.5695903,
            47.4122685
          ],
          [
            8.5695714,
            47.4123124
          ],
          [
            8.5695767,
            47.4123687
          ],
          [
            8.5695634,
            47.4124232
          ],
          [
            8.5695226,
            47.4124759
          ],
          [
            8.5693849,
            47.4126024
          ],
          [
            8.5693219,
            47.4126841
          ],
          [
            8.5692928,
            47.4127153
          ],
          [
            8.5692668,
            47.412726
          ],
          [
            8.5692081,
            47.4127399
          ]
        ]
      },
      "id": "way/126356567"
    },
    {
      "type": "Feature",
      "properties": {
        "@id": "way/131494883",
        "bicycle": "designated",
        "foot": "designated",
        "highway": "cycleway",
        "lcn": "yes",
        "lit": "yes",
        "maxheight:signed": "no",
        "maxspeed": "20",
        "motor_vehicle": "no",
        "motorcar": "no",
        "motorcycle": "no",
        "name": "Affolternstrasse",
        "segregated": "no",
        "smoothness": "excellent",
        "surface": "asphalt",
        "wikidata": "Q27327178"
      },
      "geometry": {
        "type": "LineString",
        "coordinates": [
          [
            8.5424744,
            47.4115656
          ],
          [
            8.5424845,
            47.4116063
          ],
          [
            8.5424775,
            47.4117447
          ],
          [
            8.5424929,
            47.4118169
          ],
          [
            8.5425082,
            47.4118527
          ],
          [
            8.5425271,
            47.4118912
          ]
        ]
      },
      "id": "way/131494883"
    },
    {
      "type": "Feature",
      "properties": {
        "@id": "way/131499835",
        "highway": "cycleway",
        "lit": "yes",
        "name": "Holunderweg",
        "surface": "compacted",
        "wikidata": "Q27324566"
      },
      "geometry": {
        "type": "LineString",
        "coordinates": [
          [
            8.5357573,
            47.4085443
          ],
          [
            8.5357184,
            47.4086017
          ],
          [
            8.5350902,
            47.4087702
          ]
        ]
      },
      "id": "way/131499835"
    },
    {
      "type": "Feature",
      "properties": {
        "@id": "way/161592774",
        "highway": "cycleway",
        "lit": "yes",
        "surface": "asphalt"
      },
      "geometry": {
        "type": "LineString",
        "coordinates": [
          [
            8.5353771,
            47.3679263
          ],
          [
            8.5354178,
            47.3679072
          ],
          [
            8.5354427,
            47.3678584
          ],
          [
            8.5355013,
            47.3678379
          ],
          [
            8.5355444,
            47.3678229
          ]
        ]
      },
      "id": "way/161592774"
    },
    {
      "type": "Feature",
      "properties": {
        "@id": "way/167052351",
        "highway": "cycleway",
        "lcn": "yes",
        "lit": "yes",
        "smoothness": "excellent",
        "surface": "asphalt",
        "width": "1.5"
      },
      "geometry": {
        "type": "LineString",
        "coordinates": [
          [
            8.5160149,
            47.3890915
          ],
          [
            8.5159636,
            47.3890662
          ],
          [
            8.5159061,
            47.3890455
          ],
          [
            8.5158911,
            47.389025
          ],
          [
            8.5158379,
            47.3889651
          ]
        ]
      },
      "id": "way/167052351"
    },
    {
      "type": "Feature",
      "properties": {
        "@id": "way/169980512",
        "foot": "no",
        "highway": "cycleway",
        "lit": "yes",
        "oneway": "yes",
        "smoothness": "excellent",
        "surface": "asphalt"
      },
      "geometry": {
        "type": "LineString",
        "coordinates": [
          [
            8.5351567,
            47.3635826
          ],
          [
            8.5353888,
            47.3635245
          ]
        ]
      },
      "id": "way/169980512"
    },
    {
      "type": "Feature",
      "properties": {
        "@id": "way/169980518",
        "foot": "no",
        "highway": "cycleway",
        "lcn": "yes",
        "lit": "yes",
        "surface": "asphalt"
      },
      "geometry": {
        "type": "LineString",
        "coordinates": [
          [
            8.535507,
            47.3611684
          ],
          [
            8.53547,
            47.3614733
          ],
          [
            8.5354648,
            47.3615823
          ],
          [
            8.5354191,
            47.3622375
          ]
        ]
      },
      "id": "way/169980518"
    },
    {
      "type": "Feature",
      "properties": {
        "@id": "way/169980521",
        "foot": "no",
        "highway": "cycleway",
        "lcn": "yes",
        "lit": "yes",
        "smoothness": "good",
        "surface": "asphalt",
        "width": "4"
      },
      "geometry": {
        "type": "LineString",
        "coordinates": [
          [
            8.5356681,
            47.3577628
          ],
          [
            8.5355883,
            47.359058
          ],
          [
            8.5355888,
            47.3591904
          ],
          [
            8.5355914,
            47.3592852
          ],
          [
            8.5356284,
            47.3594228
          ],
          [
            8.5356244,
            47.3594735
          ],
          [
            8.5356203,
            47.3595294
          ],
          [
            8.5355492,
            47.3604647
          ],
          [
            8.5355114,
            47.3610524
          ],
          [
            8.535507,
            47.3611684
          ]
        ]
      },
      "id": "way/169980521"
    },
    {
      "type": "Feature",
      "properties": {
        "@id": "way/188867153",
        "bicycle": "designated",
        "check_date:surface": "2025-03-28",
        "crossing": "uncontrolled",
        "crossing:markings": "zebra",
        "cycleway": "crossing",
        "cycleway:surface": "asphalt",
        "foot": "designated",
        "footway:surface": "asphalt",
        "highway": "cycleway",
        "lit": "yes",
        "segregated": "yes",
        "smoothness": "good",
        "surface": "asphalt"
      },
      "geometry": {
        "type": "LineString",
        "coordinates": [
          [
            8.4886705,
            47.3930857
          ],
          [
            8.4887424,
            47.39304
          ],
          [
            8.4888381,
            47.3929855
          ]
        ]
      },
      "id": "way/188867153"
    },
    {
      "type": "Feature",
      "properties": {
        "@id": "way/188867158",
        "highway": "cycleway",
        "lit": "yes",
        "smoothness": "excellent",
        "surface": "asphalt"
      },
      "geometry": {
        "type": "LineString",
        "coordinates": [
          [
            8.4938953,
            47.389954
          ],
          [
            8.4939408,
            47.3900092
          ],
          [
            8.4934642,
            47.3901549
          ],
          [
            8.4933959,
            47.3901527
          ],
          [
            8.4930545,
            47.3902545
          ],
          [
            8.4929796,
            47.3902351
          ]
        ]
      },
      "id": "way/188867158"
    },
    {
      "type": "Feature",
      "properties": {
        "@id": "way/192432519",
        "highway": "cycleway",
        "lcn": "yes",
        "lit": "yes",
        "oneway": "yes",
        "surface": "asphalt"
      },
      "geometry": {
        "type": "LineString",
        "coordinates": [
          [
            8.5298721,
            47.329694
          ],
          [
            8.529877,
            47.3297328
          ],
          [
            8.5298787,
            47.3297602
          ],
          [
            8.5298873,
            47.3298958
          ],
          [
            8.5298893,
            47.3299906
          ],
          [
            8.5298798,
            47.3300375
          ],
          [
            8.5298575,
            47.3300882
          ],
          [
            8.5298457,
            47.3301453
          ],
          [
            8.5298371,
            47.330203
          ],
          [
            8.5297816,
            47.3302541
          ]
        ]
      },
      "id": "way/192432519"
    },
    {
      "type": "Feature",
      "properties": {
        "@id": "way/214071247",
        "bicycle": "designated",
        "foot": "designated",
        "highway": "cycleway",
        "lit": "yes",
        "segregated": "yes",
        "smoothness": "excellent",
        "surface": "asphalt"
      },
      "geometry": {
        "type": "LineString",
        "coordinates": [
          [
            8.5219595,
            47.3637248
          ],
          [
            8.5219776,
            47.3636609
          ],
          [
            8.5220344,
            47.3634656
          ],
          [
            8.5221135,
            47.3632028
          ]
        ]
      },
      "id": "way/214071247"
    },
    {
      "type": "Feature",
      "properties": {
        "@id": "way/224030175",
        "foot": "no",
        "highway": "cycleway",
        "lcn": "yes",
        "lit": "no",
        "oneway": "yes",
        "surface": "asphalt"
      },
      "geometry": {
        "type": "LineString",
        "coordinates": [
          [
            8.5197608,
            47.3685686
          ],
          [
            8.5197118,
            47.3685798
          ],
          [
            8.519679,
            47.3686345
          ],
          [
            8.5196386,
            47.3686872
          ],
          [
            8.5195192,
            47.3688402
          ]
        ]
      },
      "id": "way/224030175"
    },
    {
      "type": "Feature",
      "properties": {
        "@id": "way/255391303",
        "bicycle": "yes",
        "foot": "no",
        "hazard": "pedestrians",
        "highway": "cycleway",
        "horse": "no",
        "lit": "no",
        "mtb": "yes",
        "mtb:scale": "1",
        "mtb_trail_type": "freeride",
        "name": "Adlisberg Trail",
        "oneway": "yes",
        "smoothness": "intermediate",
        "surface": "ground",
        "trail_visibility": "good",
        "width": "1.5"
      },
      "geometry": {
        "type": "LineString",
        "coordinates": [
          [
            8.579593,
            47.3733693
          ],
          [
            8.5795362,
            47.3733507
          ],
          [
            8.5793946,
            47.3733414
          ],
          [
            8.5792889,
            47.3733621
          ],
          [
            8.5791547,
            47.3734534
          ],
          [
            8.5789842,
            47.3735151
          ],
          [
            8.5789042,
            47.3735254
          ],
          [
            8.5787628,
            47.3735046
          ],
          [
            8.5786556,
            47.3735057
          ],
          [
            8.5784999,
            47.373473
          ],
          [
            8.5783482,
            47.3734162
          ],
          [
            8.578243,
            47.3734138
          ],
          [
            8.5781503,
            47.3734319
          ],
          [
            8.578061,
            47.3734722
          ],
          [
            8.5779874,
            47.3734956
          ],
          [
            8.5778929,
            47.3734944
          ],
          [
            8.5777956,
            47.3734661
          ],
          [
            8.5776715,
            47.3734175
          ],
          [
            8.5775608,
            47.373401
          ],
          [
            8.5774372,
            47.3733739
          ],
          [
            8.5773554,
            47.3733201
          ],
          [
            8.5773153,
            47.3732391
          ],
          [
            8.5773311,
            47.373156
          ],
          [
            8.577385,
            47.3730647
          ],
          [
            8.5774175,
            47.3729268
          ],
          [
            8.5774834,
            47.372866
          ],
          [
            8.5775552,
            47.3728256
          ],
          [
            8.5776531,
            47.3727982
          ],
          [
            8.5777235,
            47.3727275
          ],
          [
            8.5778239,
            47.3726445
          ],
          [
            8.5778813,
            47.372569
          ],
          [
            8.5779309,
            47.3725244
          ],
          [
            8.5779822,
            47.3724784
          ],
          [
            8.5780319,
            47.3723825
          ],
          [
            8.578085,
            47.3722867
          ],
          [
            8.5781037,
            47.3721952
          ],
          [
            8.578072,
            47.3721164
          ],
          [
            8.5780743,
            47.3719841
          ],
          [
            8.578127,
            47.3718771
          ],
          [
            8.5781274,
            47.3717712
          ],
          [
            8.5781617,
            47.3716674
          ],
          [
            8.5781899,
            47.3716017
          ],
          [
            8.5782402,
            47.3715288
          ],
          [
            8.5782717,
            47.3714406
          ],
          [
            8.57835,
            47.3713382
          ],
          [
            8.5783932,
            47.3711138
          ],
          [
            8.5783973,
            47.3710068
          ],
          [
            8.5783953,
            47.3709493
          ],
          [
            8.5784136,
            47.3708877
          ],
          [
            8.5784691,
            47.3708459
          ],
          [
            8.5785496,
            47.3708021
          ],
          [
            8.5785522,
            47.3707782
          ]
        ]
      },
      "id": "way/255391303"
    },
    {
      "type": "Feature",
      "properties": {
        "@id": "way/285736964",
        "bicycle": "designated",
        "foot": "designated",
        "highway": "cycleway",
        "segregated": "no",
        "surface": "asphalt"
      },
      "geometry": {
        "type": "LineString",
        "coordinates": [
          [
            8.4867962,
            47.3756161
          ],
          [
            8.4867621,
            47.3756996
          ],
          [
            8.486735,
            47.3757653
          ],
          [
            8.4867172,
            47.3758076
          ],
          [
            8.4866586,
            47.3759484
          ],
          [
            8.4866583,
            47.375964
          ],
          [
            8.4866585,
            47.3760074
          ],
          [
            8.4866598,
            47.3762767
          ],
          [
            8.4866603,
            47.3763676
          ],
          [
            8.486362,
            47.3763542
          ]
        ]
      },
      "id": "way/285736964"
    },
    {
      "type": "Feature",
      "properties": {
        "@id": "way/314929923",
        "bicycle": "yes",
        "bridge": "yes",
        "foot": "no",
        "highway": "cycleway",
        "horse": "no",
        "lit": "no",
        "mtb": "yes",
        "mtb:scale": "1",
        "mtb_trail_type": "freeride",
        "name": "Adlisberg Trail",
        "oneway": "yes",
        "surface": "wood",
        "trail_visibility": "good"
      },
      "geometry": {
        "type": "LineString",
        "coordinates": [
          [
            8.579833,
            47.3673505
          ],
          [
            8.5798687,
            47.3673228
          ]
        ]
      },
      "id": "way/314929923"
    },
    {
      "type": "Feature",
      "properties": {
        "@id": "way/314929925",
        "bicycle": "yes",
        "foot": "no",
        "highway": "cycleway",
        "horse": "no",
        "lit": "no",
        "mtb": "yes",
        "mtb:scale": "1",
        "mtb_trail_type": "freeride",
        "name": "Adlisberg Trail",
        "oneway": "yes",
        "surface": "ground",
        "trail_visibility": "good",
        "width": "1.5"
      },
      "geometry": {
        "type": "LineString",
        "coordinates": [
          [
            8.5798687,
            47.3673228
          ],
          [
            8.5798816,
            47.3672998
          ],
          [
            8.5798591,
            47.367211
          ],
          [
            8.5797892,
            47.3671284
          ],
          [
            8.5796989,
            47.3670927
          ],
          [
            8.5796497,
            47.3670818
          ],
          [
            8.5796234,
            47.3670635
          ],
          [
            8.5796258,
            47.3670399
          ]
        ]
      },
      "id": "way/314929925"
    },
    {
      "type": "Feature",
      "properties": {
        "@id": "way/362928618",
        "foot": "no",
        "highway": "cycleway",
        "lcn": "yes",
        "lit": "yes",
        "oneway": "no",
        "smoothness": "excellent",
        "surface": "asphalt"
      },
      "geometry": {
        "type": "LineString",
        "coordinates": [
          [
            8.5340274,
            47.3978924
          ],
          [
            8.5341544,
            47.3978671
          ],
          [
            8.5343813,
            47.3979051
          ],
          [
            8.534691,
            47.3979339
          ],
          [
            8.5351003,
            47.3979504
          ],
          [
            8.5352008,
            47.3979519
          ],
          [
            8.5353302,
            47.3979185
          ],
          [
            8.5354092,
            47.3978797
          ],
          [
            8.5355107,
            47.3978279
          ],
          [
            8.5355825,
            47.3978058
          ]
        ]
      },
      "id": "way/362928618"
    },
    {
      "type": "Feature",
      "properties": {
        "@id": "way/363687598",
        "highway": "cycleway",
        "lit": "yes",
        "oneway": "yes",
        "smoothness": "good",
        "source:width": "ARCore",
        "surface": "asphalt",
        "width": "2.3"
      },
      "geometry": {
        "type": "LineString",
        "coordinates": [
          [
            8.5535142,
            47.3667608
          ],
          [
            8.5534449,
            47.366719
          ]
        ]
      },
      "id": "way/363687598"
    },
    {
      "type": "Feature",
      "properties": {
        "@id": "way/368166809",
        "bicycle": "yes",
        "foot": "no",
        "highway": "cycleway",
        "horse": "no",
        "incline": "down",
        "lit": "no",
        "mtb": "yes",
        "mtb:scale": "1",
        "mtb_trail_type": "freeride",
        "name": "Adlisberg Trail",
        "oneway": "yes",
        "surface": "ground"
      },
      "geometry": {
        "type": "LineString",
        "coordinates": [
          [
            8.5787706,
            47.3660055
          ],
          [
            8.5785871,
            47.3658983
          ],
          [
            8.5785822,
            47.3658724
          ],
          [
            8.5786002,
            47.3658392
          ],
          [
            8.5786905,
            47.3658039
          ],
          [
            8.5787674,
            47.3657565
          ],
          [
            8.5787701,
            47.3657151
          ],
          [
            8.5787083,
            47.3656776
          ],
          [
            8.5786288,
            47.3656707
          ],
          [
            8.5785278,
            47.3656874
          ],
          [
            8.5783738,
            47.3657414
          ],
          [
            8.5783321,
            47.3657394
          ],
          [
            8.5783172,
            47.3657328
          ],
          [
            8.5782971,
            47.3657341
          ],
          [
            8.5782808,
            47.3657435
          ],
          [
            8.5782714,
            47.3657579
          ],
          [
            8.57826,
            47.3657728
          ],
          [
            8.5782454,
            47.3657829
          ],
          [
            8.5782265,
            47.3657857
          ],
          [
            8.5781928,
            47.3657791
          ]
        ]
      },
      "id": "way/368166809"
    },
    {
      "type": "Feature",
      "properties": {
        "@id": "way/369033706",
        "alt_name": "Biketrail Triemli",
        "bicycle": "designated",
        "foot": "no",
        "highway": "cycleway",
        "horse": "no",
        "incline": "down",
        "info": "Viel schlamm, lange trockenzeit.",
        "lit": "no",
        "loc_name": "Antennentrail",
        "mtb": "designated",
        "mtb:scale": "2",
        "mtb_trail_type": "freeride",
        "name": "Triemlitrail",
        "name:gsw": "Üetzgitrail",
        "oneway": "yes",
        "surface": "compacted"
      },
      "geometry": {
        "type": "LineString",
        "coordinates": [
          [
            8.489177,
            47.3523136
          ],
          [
            8.4891801,
            47.3523416
          ],
          [
            8.4891892,
            47.3523706
          ],
          [
            8.4892105,
            47.3524084
          ],
          [
            8.4892133,
            47.352428
          ],
          [
            8.4892088,
            47.3524461
          ],
          [
            8.4891915,
            47.3524631
          ],
          [
            8.4891625,
            47.3524775
          ],
          [
            8.4890989,
            47.3525051
          ],
          [
            8.489014,
            47.3525338
          ],
          [
            8.4889634,
            47.3525429
          ],
          [
            8.4889173,
            47.3525433
          ],
          [
            8.4888776,
            47.3525344
          ],
          [
            8.4888328,
            47.3525197
          ],
          [
            8.4886923,
            47.3524807
          ],
          [
            8.4885988,
            47.3524293
          ],
          [
            8.488561,
            47.3523988
          ],
          [
            8.4885453,
            47.3523903
          ],
          [
            8.488527,
            47.3523866
          ],
          [
            8.4885166,
            47.3523872
          ],
          [
            8.4885061,
            47.3523905
          ],
          [
            8.488501,
            47.3523968
          ],
          [
            8.4885004,
            47.3524032
          ],
          [
            8.4885005,
            47.3524128
          ],
          [
            8.4885044,
            47.3524237
          ],
          [
            8.488629,
            47.3525982
          ],
          [
            8.4886799,
            47.3526716
          ],
          [
            8.4886982,
            47.3526975
          ],
          [
            8.4887015,
            47.3527225
          ],
          [
            8.4886985,
            47.3527432
          ],
          [
            8.4886944,
            47.3527711
          ],
          [
            8.4886933,
            47.352796
          ],
          [
            8.4887042,
            47.352834
          ],
          [
            8.488728,
            47.3528769
          ],
          [
            8.4887572,
            47.3529085
          ],
          [
            8.4888118,
            47.3529436
          ]
        ]
      },
      "id": "way/369033706"
    },
    {
      "type": "Feature",
      "properties": {
        "@id": "way/373370453",
        "foot": "no",
        "highway": "cycleway",
        "lcn": "yes",
        "lit": "yes",
        "oneway": "yes",
        "surface": "asphalt"
      },
      "geometry": {
        "type": "LineString",
        "coordinates": [
          [
            8.5199323,
            47.3685393
          ],
          [
            8.5197608,
            47.3685686
          ]
        ]
      },
      "id": "way/373370453"
    },
    {
      "type": "Feature",
      "properties": {
        "@id": "way/376183592",
        "highway": "cycleway",
        "lcn": "yes",
        "lit": "yes",
        "note": "Neue Verkehrsführung für Velos seit 22.03.2011",
        "oneway": "yes",
        "smoothness": "excellent",
        "surface": "paving_stones"
      },
      "geometry": {
        "type": "LineString",
        "coordinates": [
          [
            8.5458404,
            47.3666562
          ],
          [
            8.5458802,
            47.3666378
          ],
          [
            8.5460541,
            47.3665317
          ],
          [
            8.546291,
            47.3663491
          ],
          [
            8.5468405,
            47.3659156
          ],
          [
            8.546925,
            47.3659294
          ]
        ]
      },
      "id": "way/376183592"
    },
    {
      "type": "Feature",
      "properties": {
        "@id": "way/403907020",
        "highway": "cycleway",
        "lit": "yes",
        "surface": "asphalt"
      },
      "geometry": {
        "type": "LineString",
        "coordinates": [
          [
            8.4939408,
            47.3900092
          ],
          [
            8.4941411,
            47.3899484
          ],
          [
            8.4943345,
            47.3899158
          ],
          [
            8.4944846,
            47.3898908
          ],
          [
            8.4947363,
            47.3897768
          ],
          [
            8.4950297,
            47.3896696
          ],
          [
            8.4955015,
            47.3896052
          ],
          [
            8.4957683,
            47.3894619
          ],
          [
            8.495915,
            47.3894224
          ]
        ]
      },
      "id": "way/403907020"
    },
    {
      "type": "Feature",
      "properties": {
        "@id": "way/428798598",
        "foot": "no",
        "highway": "cycleway",
        "lcn": "yes",
        "oneway": "yes",
        "segregated": "no",
        "smoothness": "excellent",
        "surface": "asphalt"
      },
      "geometry": {
        "type": "LineString",
        "coordinates": [
          [
            8.5104365,
            47.3696592
          ],
          [
            8.5104598,
            47.3697265
          ]
        ]
      },
      "id": "way/428798598"
    },
    {
      "type": "Feature",
      "properties": {
        "@id": "way/440360442",
        "alt_name": "Biketrail Triemli",
        "bicycle": "designated",
        "foot": "no",
        "highway": "cycleway",
        "horse": "no",
        "incline": "down",
        "info": "Viel schlamm, lange trockenzeit.",
        "lit": "no",
        "loc_name": "Antennentrail",
        "mtb": "designated",
        "mtb:scale": "2",
        "mtb_trail_type": "freeride",
        "name": "Triemlitrail",
        "name:gsw": "Üetzgitrail",
        "oneway": "yes",
        "surface": "compacted"
      },
      "geometry": {
        "type": "LineString",
        "coordinates": [
          [
            8.48921,
            47.3532419
          ],
          [
            8.4891974,
            47.353258
          ],
          [
            8.4891795,
            47.3532842
          ],
          [
            8.4891666,
            47.3533102
          ],
          [
            8.4891654,
            47.3533284
          ],
          [
            8.4891725,
            47.3533459
          ],
          [
            8.4892016,
            47.3533611
          ],
          [
            8.4892233,
            47.3533695
          ],
          [
            8.4892367,
            47.3533817
          ],
          [
            8.4892402,
            47.3533979
          ],
          [
            8.4892538,
            47.3534517
          ],
          [
            8.4892607,
            47.3534647
          ],
          [
            8.4892705,
            47.3534768
          ],
          [
            8.489378,
            47.3535469
          ],
          [
            8.4894269,
            47.3535946
          ],
          [
            8.4894584,
            47.353633
          ],
          [
            8.4894922,
            47.3536833
          ],
          [
            8.4895033,
            47.3537389
          ],
          [
            8.4895039,
            47.3537999
          ],
          [
            8.4894895,
            47.3538504
          ],
          [
            8.4894821,
            47.3538723
          ],
          [
            8.4894846,
            47.3538882
          ],
          [
            8.4894982,
            47.3539095
          ],
          [
            8.4895146,
            47.353934
          ],
          [
            8.489509,
            47.353968
          ],
          [
            8.4895025,
            47.354032
          ],
          [
            8.4895128,
            47.3540902
          ],
          [
            8.4895401,
            47.3541239
          ],
          [
            8.4897202,
            47.3542693
          ],
          [
            8.4897268,
            47.354313
          ],
          [
            8.4897145,
            47.3543487
          ],
          [
            8.489679,
            47.3544008
          ],
          [
            8.4895971,
            47.3544749
          ],
          [
            8.4895472,
            47.3545767
          ],
          [
            8.4895355,
            47.3545916
          ],
          [
            8.4895105,
            47.3546029
          ],
          [
            8.4894862,
            47.3546089
          ],
          [
            8.4894702,
            47.3546076
          ],
          [
            8.4894565,
            47.3546049
          ],
          [
            8.4894292,
            47.3545992
          ],
          [
            8.4893952,
            47.3545967
          ],
          [
            8.4893661,
            47.3546003
          ],
          [
            8.4893383,
            47.3546171
          ],
          [
            8.4893263,
            47.3546306
          ],
          [
            8.4893054,
            47.3546468
          ],
          [
            8.4892868,
            47.3546558
          ],
          [
            8.4892669,
            47.3546604
          ],
          [
            8.4892363,
            47.3546611
          ],
          [
            8.4892149,
            47.3546544
          ],
          [
            8.4892002,
            47.3546436
          ],
          [
            8.4891943,
            47.3546296
          ],
          [
            8.4891941,
            47.3545315
          ],
          [
            8.4891925,
            47.3545138
          ],
          [
            8.4891856,
            47.3544999
          ],
          [
            8.4891786,
            47.3544888
          ],
          [
            8.489164,
            47.3544828
          ],
          [
            8.4891471,
            47.3544788
          ],
          [
            8.4891289,
            47.3544804
          ],
          [
            8.4891112,
            47.3544863
          ],
          [
            8.4891032,
            47.3544952
          ],
          [
            8.4890933,
            47.3545176
          ],
          [
            8.4890896,
            47.354564
          ],
          [
            8.4890891,
            47.3546094
          ],
          [
            8.4890811,
            47.3546455
          ],
          [
            8.4890643,
            47.3546629
          ],
          [
            8.4890457,
            47.3546696
          ],
          [
            8.4890243,
            47.3546714
          ],
          [
            8.4889972,
            47.3546682
          ],
          [
            8.4889328,
            47.3546447
          ],
          [
            8.488887,
            47.3546365
          ],
          [
            8.4887829,
            47.3546176
          ],
          [
            8.4886916,
            47.3545951
          ],
          [
            8.4886732,
            47.354592
          ],
          [
            8.4886562,
            47.354593
          ],
          [
            8.4886449,
            47.3545966
          ],
          [
            8.4886375,
            47.3546026
          ],
          [
            8.4886303,
            47.3546123
          ],
          [
            8.4886307,
            47.3546256
          ],
          [
            8.4886478,
            47.3546606
          ],
          [
            8.4886681,
            47.3546782
          ],
          [
            8.4886966,
            47.3546974
          ],
          [
            8.4887061,
            47.3547108
          ],
          [
            8.4887117,
            47.3547217
          ],
          [
            8.4887125,
            47.3547332
          ],
          [
            8.4886963,
            47.3548513
          ],
          [
            8.4886909,
            47.354862
          ],
          [
            8.4886796,
            47.3548697
          ],
          [
            8.4886668,
            47.3548729
          ],
          [
            8.4886499,
            47.3548764
          ],
          [
            8.4886124,
            47.3548719
          ],
          [
            8.4885649,
            47.3548587
          ],
          [
            8.4885466,
            47.3548583
          ],
          [
            8.4885272,
            47.3548622
          ],
          [
            8.4885138,
            47.354869
          ],
          [
            8.4885052,
            47.3548792
          ],
          [
            8.4885024,
            47.3548951
          ],
          [
            8.4884985,
            47.3549825
          ],
          [
            8.4884893,
            47.3549998
          ],
          [
            8.488474,
            47.3550076
          ],
          [
            8.4884533,
            47.3550102
          ],
          [
            8.4884304,
            47.3550065
          ],
          [
            8.4883151,
            47.3549608
          ],
          [
            8.4882355,
            47.354932
          ],
          [
            8.4882099,
            47.3549273
          ],
          [
            8.4881856,
            47.3549296
          ],
          [
            8.4881695,
            47.3549369
          ],
          [
            8.4881611,
            47.3549483
          ],
          [
            8.4881578,
            47.3549637
          ],
          [
            8.4881677,
            47.3549886
          ],
          [
            8.4881954,
            47.3550316
          ],
          [
            8.4882245,
            47.3550647
          ],
          [
            8.4882293,
            47.3550743
          ],
          [
            8.488228,
            47.3550857
          ],
          [
            8.4882189,
            47.355095
          ],
          [
            8.4881959,
            47.3551082
          ],
          [
            8.4881754,
            47.3551373
          ],
          [
            8.4881684,
            47.3551548
          ],
          [
            8.4881654,
            47.3551708
          ],
          [
            8.4881737,
            47.3551899
          ]
        ]
      },
      "id": "way/440360442"
    },
    {
      "type": "Feature",
      "properties": {
        "@id": "way/477466492",
        "foot": "no",
        "highway": "cycleway",
        "horse": "no",
        "lit": "yes",
        "oneway": "yes",
        "smoothness": "excellent",
        "surface": "asphalt",
        "width": "2"
      },
      "geometry": {
        "type": "LineString",
        "coordinates": [
          [
            8.5320458,
            47.3988374
          ],
          [
            8.5320908,
            47.3988019
          ],
          [
            8.5321311,
            47.3987667
          ],
          [
            8.5321872,
            47.3987336
          ],
          [
            8.5322527,
            47.3987063
          ],
          [
            8.5323258,
            47.3986927
          ],
          [
            8.5324032,
            47.3986912
          ],
          [
            8.5324264,
            47.3986886
          ],
          [
            8.5325027,
            47.3986703
          ],
          [
            8.5325492,
            47.3986148
          ]
        ]
      },
      "id": "way/477466492"
    },
    {
      "type": "Feature",
      "properties": {
        "@id": "way/482728066",
        "foot": "yes",
        "highway": "cycleway",
        "lit": "yes",
        "segregated": "no",
        "smoothness": "excellent",
        "surface": "asphalt"
      },
      "geometry": {
        "type": "LineString",
        "coordinates": [
          [
            8.4765231,
            47.3817689
          ],
          [
            8.4760639,
            47.3820879
          ]
        ]
      },
      "id": "way/482728066"
    },
    {
      "type": "Feature",
      "properties": {
        "@id": "way/504570173",
        "bicycle": "designated",
        "foot": "designated",
        "highway": "cycleway",
        "lcn": "yes",
        "lit": "no",
        "oneway": "yes",
        "segregated": "no",
        "smoothness": "excellent",
        "surface": "asphalt"
      },
      "geometry": {
        "type": "LineString",
        "coordinates": [
          [
            8.534663,
            47.3867131
          ],
          [
            8.5347768,
            47.3866921
          ]
        ]
      },
      "id": "way/504570173"
    },
    {
      "type": "Feature",
      "properties": {
        "@id": "way/504570182",
        "bicycle": "designated",
        "bridge": "yes",
        "cycleway:surface": "asphalt",
        "foot": "designated",
        "footway:surface": "asphalt",
        "highway": "cycleway",
        "layer": "1",
        "lcn": "yes",
        "lit": "yes",
        "oneway": "yes",
        "segregated": "yes",
        "smoothness": "excellent",
        "surface": "asphalt"
      },
      "geometry": {
        "type": "LineString",
        "coordinates": [
          [
            8.5326888,
            47.3852657
          ],
          [
            8.5344555,
            47.3865596
          ],
          [
            8.534663,
            47.3867131
          ]
        ]
      },
      "id": "way/504570182"
    },
    {
      "type": "Feature",
      "properties": {
        "@id": "way/504570184",
        "bicycle": "designated",
        "bridge": "yes",
        "foot": "designated",
        "highway": "cycleway",
        "layer": "1",
        "segregated": "no",
        "surface": "asphalt"
      },
      "geometry": {
        "type": "LineString",
        "coordinates": [
          [
            8.5348621,
            47.3866409
          ],
          [
            8.535127,
            47.3864739
          ],
          [
            8.5351575,
            47.3864454
          ],
          [
            8.5352501,
            47.386291
          ],
          [
            8.5351203,
            47.386122
          ],
          [
            8.5351196,
            47.3861096
          ],
          [
            8.5351277,
            47.3860982
          ],
          [
            8.5356811,
            47.3857409
          ]
        ]
      },
      "id": "way/504570184"
    },
    {
      "type": "Feature",
      "properties": {
        "@id": "way/513093134",
        "alt_name": "Biketrail Triemli",
        "bicycle": "designated",
        "foot": "no",
        "highway": "cycleway",
        "horse": "no",
        "incline": "down",
        "info": "Viel schlamm, lange trockenzeit.",
        "lit": "no",
        "loc_name": "Antennentrail",
        "mtb": "designated",
        "mtb:scale": "2",
        "mtb_trail_type": "freeride",
        "name": "Triemlitrail",
        "name:gsw": "Üetzgitrail",
        "oneway": "yes",
        "surface": "compacted"
      },
      "geometry": {
        "type": "LineString",
        "coordinates": [
          [
            8.4885422,
            47.355819
          ],
          [
            8.4884864,
            47.3558003
          ],
          [
            8.48847,
            47.3557928
          ],
          [
            8.4884425,
            47.355772
          ],
          [
            8.4884252,
            47.3557617
          ],
          [
            8.4884126,
            47.3557566
          ],
          [
            8.4883956,
            47.3557551
          ],
          [
            8.488379,
            47.355755
          ],
          [
            8.4883647,
            47.3557596
          ],
          [
            8.4883501,
            47.3557667
          ],
          [
            8.4883421,
            47.3557773
          ],
          [
            8.4883394,
            47.3557905
          ],
          [
            8.4883469,
            47.3558038
          ],
          [
            8.4883637,
            47.355815
          ],
          [
            8.4883831,
            47.3558238
          ],
          [
            8.4884311,
            47.355847
          ],
          [
            8.4884601,
            47.3558611
          ],
          [
            8.4885872,
            47.3559336
          ],
          [
            8.4886409,
            47.3559612
          ],
          [
            8.4886575,
            47.3559707
          ],
          [
            8.4886648,
            47.3559768
          ],
          [
            8.4886679,
            47.3559839
          ],
          [
            8.4886625,
            47.3560044
          ],
          [
            8.4886611,
            47.3560156
          ],
          [
            8.4886625,
            47.3560258
          ],
          [
            8.4886662,
            47.3560356
          ],
          [
            8.4886727,
            47.3560429
          ],
          [
            8.4887049,
            47.3560641
          ],
          [
            8.4887257,
            47.3560742
          ],
          [
            8.488732,
            47.3560796
          ],
          [
            8.4887334,
            47.3560852
          ],
          [
            8.488732,
            47.3560937
          ],
          [
            8.4887296,
            47.3560992
          ],
          [
            8.4887067,
            47.356124
          ],
          [
            8.4886562,
            47.356179
          ],
          [
            8.4886091,
            47.3562216
          ],
          [
            8.488586,
            47.3562455
          ]
        ]
      },
      "id": "way/513093134"
    },
    {
      "type": "Feature",
      "properties": {
        "@id": "way/513093135",
        "alt_name": "Biketrail Triemli",
        "bicycle": "designated",
        "bridge": "yes",
        "foot": "no",
        "highway": "cycleway",
        "horse": "no",
        "info": "Viel schlamm, lange trockenzeit.",
        "layer": "1",
        "lit": "no",
        "loc_name": "Antennentrail",
        "mtb": "designated",
        "mtb:scale": "2",
        "mtb_trail_type": "freeride",
        "name": "Triemlitrail",
        "name:gsw": "Üetzgitrail",
        "oneway": "yes",
        "surface": "compacted"
      },
      "geometry": {
        "type": "LineString",
        "coordinates": [
          [
            8.4883647,
            47.3553735
          ],
          [
            8.4884559,
            47.3553913
          ]
        ]
      },
      "id": "way/513093135"
    },
    {
      "type": "Feature",
      "properties": {
        "@id": "way/513890622",
        "highway": "cycleway",
        "oneway": "yes",
        "smoothness": "good",
        "surface": "asphalt",
        "width": "3"
      },
      "geometry": {
        "type": "LineString",
        "coordinates": [
          [
            8.4881587,
            47.3821676
          ],
          [
            8.488169,
            47.3821861
          ],
          [
            8.4881944,
            47.3822413
          ]
        ]
      },
      "id": "way/513890622"
    },
    {
      "type": "Feature",
      "properties": {
        "@id": "way/520749711",
        "highway": "cycleway",
        "lit": "yes",
        "oneway": "yes",
        "surface": "asphalt"
      },
      "geometry": {
        "type": "LineString",
        "coordinates": [
          [
            8.572274,
            47.4093255
          ],
          [
            8.5723501,
            47.409445
          ]
        ]
      },
      "id": "way/520749711"
    },
    {
      "type": "Feature",
      "properties": {
        "@id": "way/520749712",
        "highway": "cycleway",
        "lit": "yes",
        "oneway": "no",
        "surface": "asphalt"
      },
      "geometry": {
        "type": "LineString",
        "coordinates": [
          [
            8.5723595,
            47.4102354
          ],
          [
            8.5723608,
            47.4103358
          ],
          [
            8.5723611,
            47.4103692
          ],
          [
            8.572365,
            47.4104992
          ],
          [
            8.5723855,
            47.4105538
          ],
          [
            8.5723937,
            47.4106514
          ],
          [
            8.5724084,
            47.4106889
          ],
          [
            8.5724182,
            47.4107083
          ]
        ]
      },
      "id": "way/520749712"
    },
    {
      "type": "Feature",
      "properties": {
        "@id": "way/523771834",
        "foot": "no",
        "highway": "cycleway",
        "lcn": "yes",
        "oneway": "yes",
        "smoothness": "excellent",
        "surface": "asphalt"
      },
      "geometry": {
        "type": "LineString",
        "coordinates": [
          [
            8.5914199,
            47.3984308
          ],
          [
            8.591565,
            47.398333
          ],
          [
            8.5916744,
            47.3982629
          ]
        ]
      },
      "id": "way/523771834"
    },
    {
      "type": "Feature",
      "properties": {
        "@id": "way/524060343",
        "highway": "cycleway",
        "oneway": "yes",
        "surface": "asphalt"
      },
      "geometry": {
        "type": "LineString",
        "coordinates": [
          [
            8.5560409,
            47.4197134
          ],
          [
            8.5560629,
            47.4198137
          ]
        ]
      },
      "id": "way/524060343"
    },
    {
      "type": "Feature",
      "properties": {
        "@id": "way/524060347",
        "highway": "cycleway",
        "lcn": "yes",
        "lit": "yes",
        "oneway": "yes",
        "surface": "asphalt"
      },
      "geometry": {
        "type": "LineString",
        "coordinates": [
          [
            8.5513191,
            47.4144648
          ],
          [
            8.5514281,
            47.4145141
          ]
        ]
      },
      "id": "way/524060347"
    },
    {
      "type": "Feature",
      "properties": {
        "@id": "way/524060351",
        "highway": "cycleway",
        "lcn": "yes",
        "lit": "yes",
        "oneway": "yes",
        "surface": "asphalt",
        "width": "1"
      },
      "geometry": {
        "type": "LineString",
        "coordinates": [
          [
            8.5511374,
            47.4139075
          ],
          [
            8.5510717,
            47.4139753
          ]
        ]
      },
      "id": "way/524060351"
    },
    {
      "type": "Feature",
      "properties": {
        "@id": "way/524060355",
        "highway": "cycleway",
        "lcn": "yes",
        "lit": "yes",
        "oneway": "yes",
        "surface": "asphalt"
      },
      "geometry": {
        "type": "LineString",
        "coordinates": [
          [
            8.5507958,
            47.4139676
          ],
          [
            8.5506849,
            47.4138922
          ]
        ]
      },
      "id": "way/524060355"
    },
    {
      "type": "Feature",
      "properties": {
        "@id": "way/524060358",
        "highway": "cycleway",
        "lit": "yes",
        "oneway": "yes",
        "smoothness": "excellent",
        "surface": "asphalt"
      },
      "geometry": {
        "type": "LineString",
        "coordinates": [
          [
            8.5505953,
            47.4122716
          ],
          [
            8.5506705,
            47.4123325
          ]
        ]
      },
      "id": "way/524060358"
    },
    {
      "type": "Feature",
      "properties": {
        "@id": "way/524060363",
        "highway": "cycleway",
        "lit": "yes",
        "oneway": "yes",
        "smoothness": "excellent",
        "surface": "asphalt"
      },
      "geometry": {
        "type": "LineString",
        "coordinates": [
          [
            8.5504402,
            47.4113081
          ],
          [
            8.5505073,
            47.4113531
          ]
        ]
      },
      "id": "way/524060363"
    },
    {
      "type": "Feature",
      "properties": {
        "@id": "way/524060370",
        "highway": "cycleway",
        "lit": "yes",
        "oneway": "yes",
        "smoothness": "excellent",
        "surface": "asphalt"
      },
      "geometry": {
        "type": "LineString",
        "coordinates": [
          [
            8.5506041,
            47.4119201
          ],
          [
            8.5505539,
            47.4119803
          ]
        ]
      },
      "id": "way/524060370"
    },
    {
      "type": "Feature",
      "properties": {
        "@id": "way/525169276",
        "highway": "cycleway",
        "surface": "asphalt",
        "width": "2.6"
      },
      "geometry": {
        "type": "LineString",
        "coordinates": [
          [
            8.5121263,
            47.4281241
          ],
          [
            8.512058,
            47.4282129
          ]
        ]
      },
      "id": "way/525169276"
    },
    {
      "type": "Feature",
      "properties": {
        "@id": "way/525169284",
        "highway": "cycleway",
        "surface": "asphalt",
        "width": "1.4"
      },
      "geometry": {
        "type": "LineString",
        "coordinates": [
          [
            8.5094328,
            47.4256874
          ],
          [
            8.5095803,
            47.4257195
          ]
        ]
      },
      "id": "way/525169284"
    },
    {
      "type": "Feature",
      "properties": {
        "@id": "way/525659091",
        "foot": "no",
        "highway": "cycleway",
        "oneway": "yes",
        "smoothness": "good",
        "surface": "asphalt",
        "width": "2"
      },
      "geometry": {
        "type": "LineString",
        "coordinates": [
          [
            8.5192057,
            47.3871999
          ],
          [
            8.5191547,
            47.3872625
          ],
          [
            8.5191405,
            47.3872799
          ],
          [
            8.519132,
            47.3872903
          ],
          [
            8.5191278,
            47.3872953
          ],
          [
            8.5190594,
            47.3873794
          ],
          [
            8.5190274,
            47.3874187
          ],
          [
            8.519013,
            47.3874363
          ],
          [
            8.5189826,
            47.387469
          ]
        ]
      },
      "id": "way/525659091"
    },
    {
      "type": "Feature",
      "properties": {
        "@id": "way/525958029",
        "highway": "cycleway",
        "lit": "yes",
        "surface": "asphalt"
      },
      "geometry": {
        "type": "LineString",
        "coordinates": [
          [
            8.5236765,
            47.3602616
          ],
          [
            8.5236324,
            47.3603567
          ]
        ]
      },
      "id": "way/525958029"
    },
    {
      "type": "Feature",
      "properties": {
        "@id": "way/526016553",
        "foot": "no",
        "highway": "cycleway",
        "lcn": "yes",
        "lit": "yes",
        "oneway": "yes",
        "smoothness": "good",
        "surface": "asphalt",
        "width": "3.5"
      },
      "geometry": {
        "type": "LineString",
        "coordinates": [
          [
            8.5324488,
            47.3745114
          ],
          [
            8.5326027,
            47.3745502
          ]
        ]
      },
      "id": "way/526016553"
    },
    {
      "type": "Feature",
      "properties": {
        "@id": "way/526215128",
        "highway": "cycleway",
        "lit": "yes",
        "smoothness": "good",
        "start_date": "2025-05-20",
        "surface": "asphalt"
      },
      "geometry": {
        "type": "LineString",
        "coordinates": [
          [
            8.5353416,
            47.3769891
          ],
          [
            8.5353901,
            47.3769651
          ],
          [
            8.5353933,
            47.3769635
          ],
          [
            8.5354434,
            47.3769387
          ],
          [
            8.5354579,
            47.3769315
          ]
        ]
      },
      "id": "way/526215128"
    },
    {
      "type": "Feature",
      "properties": {
        "@id": "way/526215130",
        "cutting": "yes",
        "foot": "no",
        "highway": "cycleway",
        "incline": "down",
        "lanes": "2",
        "lit": "no",
        "maxspeed": "20",
        "name": "Stadttunnel",
        "smoothness": "excellent",
        "start_date": "2025-05-20",
        "surface": "concrete"
      },
      "geometry": {
        "type": "LineString",
        "coordinates": [
          [
            8.5354994,
            47.376969
          ],
          [
            8.5359716,
            47.3774008
          ]
        ]
      },
      "id": "way/526215130"
    },
    {
      "type": "Feature",
      "properties": {
        "@id": "way/526215132",
        "foot": "no",
        "highway": "cycleway",
        "lanes": "2",
        "layer": "-1",
        "level": "-1",
        "lit": "24/7",
        "maxspeed": "20",
        "name": "Stadttunnel",
        "smoothness": "excellent",
        "start_date": "2025-05-20",
        "surface": "concrete",
        "tunnel": "yes"
      },
      "geometry": {
        "type": "LineString",
        "coordinates": [
          [
            8.5359716,
            47.3774008
          ],
          [
            8.5362242,
            47.3776438
          ]
        ]
      },
      "id": "way/526215132"
    },
    {
      "type": "Feature",
      "properties": {
        "@id": "way/526215137",
        "highway": "cycleway",
        "lit": "yes",
        "smoothness": "excellent",
        "surface": "asphalt"
      },
      "geometry": {
        "type": "LineString",
        "coordinates": [
          [
            8.5348875,
            47.3782877
          ],
          [
            8.5348719,
            47.3782517
          ]
        ]
      },
      "id": "way/526215137"
    },
    {
      "type": "Feature",
      "properties": {
        "@id": "way/528432081",
        "foot": "no",
        "highway": "cycleway",
        "lit": "yes",
        "maxspeed": "30",
        "oneway": "yes",
        "surface": "asphalt"
      },
      "geometry": {
        "type": "LineString",
        "coordinates": [
          [
            8.5390642,
            47.3936329
          ],
          [
            8.5390185,
            47.3936799
          ],
          [
            8.5389476,
            47.3936988
          ]
        ]
      },
      "id": "way/528432081"
    },
    {
      "type": "Feature",
      "properties": {
        "@id": "way/529573082",
        "highway": "cycleway",
        "lit": "no",
        "surface": "asphalt",
        "width": "2.2"
      },
      "geometry": {
        "type": "LineString",
        "coordinates": [
          [
            8.5141342,
            47.3231025
          ],
          [
            8.5141885,
            47.3230513
          ]
        ]
      },
      "id": "way/529573082"
    },
    {
      "type": "Feature",
      "properties": {
        "@id": "way/533168782",
        "highway": "cycleway",
        "lit": "yes",
        "surface": "asphalt"
      },
      "geometry": {
        "type": "LineString",
        "coordinates": [
          [
            8.4724602,
            47.3887262
          ],
          [
            8.4724582,
            47.3886859
          ]
        ]
      },
      "id": "way/533168782"
    },
    {
      "type": "Feature",
      "properties": {
        "@id": "way/533168793",
        "highway": "cycleway",
        "surface": "asphalt"
      },
      "geometry": {
        "type": "LineString",
        "coordinates": [
          [
            8.4739618,
            47.3931559
          ],
          [
            8.4739479,
            47.3931232
          ]
        ]
      },
      "id": "way/533168793"
    },
    {
      "type": "Feature",
      "properties": {
        "@id": "way/533504755",
        "highway": "cycleway",
        "oneway": "yes",
        "smoothness": "intermediate",
        "surface": "asphalt",
        "width": "1"
      },
      "geometry": {
        "type": "LineString",
        "coordinates": [
          [
            8.4909917,
            47.3948238
          ],
          [
            8.490845,
            47.3948135
          ]
        ]
      },
      "id": "way/533504755"
    },
    {
      "type": "Feature",
      "properties": {
        "@id": "way/533504757",
        "highway": "cycleway",
        "smoothness": "good",
        "surface": "asphalt"
      },
      "geometry": {
        "type": "LineString",
        "coordinates": [
          [
            8.4895997,
            47.3937371
          ],
          [
            8.4896667,
            47.3937012
          ]
        ]
      },
      "id": "way/533504757"
    },
    {
      "type": "Feature",
      "properties": {
        "@id": "way/533504758",
        "highway": "cycleway",
        "oneway": "yes",
        "smoothness": "excellent",
        "surface": "asphalt"
      },
      "geometry": {
        "type": "LineString",
        "coordinates": [
          [
            8.4905035,
            47.3943527
          ],
          [
            8.4905646,
            47.3944881
          ]
        ]
      },
      "id": "way/533504758"
    },
    {
      "type": "Feature",
      "properties": {
        "@id": "way/533504760",
        "highway": "cycleway",
        "oneway": "yes",
        "smoothness": "excellent",
        "surface": "asphalt",
        "width": "1"
      },
      "geometry": {
        "type": "LineString",
        "coordinates": [
          [
            8.4904346,
            47.3943859
          ],
          [
            8.4902805,
            47.3943422
          ]
        ]
      },
      "id": "way/533504760"
    },
    {
      "type": "Feature",
      "properties": {
        "@id": "way/533504781",
        "highway": "cycleway",
        "oneway": "yes",
        "smoothness": "excellent",
        "surface": "asphalt",
        "width": "1"
      },
      "geometry": {
        "type": "LineString",
        "coordinates": [
          [
            8.4907635,
            47.3948191
          ],
          [
            8.4906686,
            47.3948418
          ],
          [
            8.489942,
            47.395029
          ],
          [
            8.4892733,
            47.3952023
          ],
          [
            8.4892199,
            47.3951925
          ]
        ]
      },
      "id": "way/533504781"
    },
    {
      "type": "Feature",
      "properties": {
        "@id": "way/534137628",
        "highway": "cycleway",
        "lit": "yes",
        "oneway": "yes",
        "surface": "asphalt"
      },
      "geometry": {
        "type": "LineString",
        "coordinates": [
          [
            8.5319043,
            47.3991859
          ],
          [
            8.531906,
            47.3991298
          ],
          [
            8.5319064,
            47.3990631
          ]
        ]
      },
      "id": "way/534137628"
    },
    {
      "type": "Feature",
      "properties": {
        "@id": "way/534878482",
        "highway": "cycleway",
        "lcn": "yes",
        "lit": "yes",
        "oneway": "yes",
        "smoothness": "excellent",
        "surface": "asphalt"
      },
      "geometry": {
        "type": "LineString",
        "coordinates": [
          [
            8.5321996,
            47.3849755
          ],
          [
            8.532405,
            47.3850561
          ]
        ]
      },
      "id": "way/534878482"
    },
    {
      "type": "Feature",
      "properties": {
        "@id": "way/534878483",
        "bicycle": "designated",
        "cycleway:surface": "asphalt",
        "foot": "designated",
        "footway:surface": "asphalt",
        "highway": "cycleway",
        "lcn": "yes",
        "lit": "yes",
        "oneway": "yes",
        "segregated": "yes",
        "smoothness": "excellent",
        "surface": "asphalt"
      },
      "geometry": {
        "type": "LineString",
        "coordinates": [
          [
            8.532405,
            47.3850561
          ],
          [
            8.5326888,
            47.3852657
          ]
        ]
      },
      "id": "way/534878483"
    },
    {
      "type": "Feature",
      "properties": {
        "@id": "way/536753078",
        "highway": "cycleway",
        "lit": "yes",
        "oneway": "yes",
        "surface": "asphalt"
      },
      "geometry": {
        "type": "LineString",
        "coordinates": [
          [
            8.5503004,
            47.4124037
          ],
          [
            8.550375,
            47.4122835
          ]
        ]
      },
      "id": "way/536753078"
    },
    {
      "type": "Feature",
      "properties": {
        "@id": "way/536841064",
        "highway": "cycleway",
        "lit": "yes",
        "oneway": "yes",
        "smoothness": "good",
        "surface": "asphalt",
        "width": "1"
      },
      "geometry": {
        "type": "LineString",
        "coordinates": [
          [
            8.5333065,
            47.3752586
          ],
          [
            8.5332364,
            47.3753438
          ]
        ]
      },
      "id": "way/536841064"
    },
    {
      "type": "Feature",
      "properties": {
        "@id": "way/537402082",
        "highway": "cycleway",
        "surface": "asphalt"
      },
      "geometry": {
        "type": "LineString",
        "coordinates": [
          [
            8.483763,
            47.3938547
          ],
          [
            8.4837197,
            47.3938658
          ],
          [
            8.4836722,
            47.3938477
          ]
        ]
      },
      "id": "way/537402082"
    },
    {
      "type": "Feature",
      "properties": {
        "@id": "way/537731492",
        "highway": "cycleway",
        "surface": "asphalt"
      },
      "geometry": {
        "type": "LineString",
        "coordinates": [
          [
            8.5635251,
            47.4156977
          ],
          [
            8.5637202,
            47.4156813
          ],
          [
            8.5637899,
            47.4156634
          ]
        ]
      },
      "id": "way/537731492"
    },
    {
      "type": "Feature",
      "properties": {
        "@id": "way/537929108",
        "highway": "cycleway",
        "lcn": "yes",
        "lit": "yes",
        "oneway": "yes",
        "smoothness": "good",
        "surface": "asphalt",
        "width": "1"
      },
      "geometry": {
        "type": "LineString",
        "coordinates": [
          [
            8.5178083,
            47.3921624
          ],
          [
            8.5177605,
            47.3921428
          ],
          [
            8.5177436,
            47.3921178
          ],
          [
            8.5176071,
            47.39208
          ]
        ]
      },
      "id": "way/537929108"
    },
    {
      "type": "Feature",
      "properties": {
        "@id": "way/537930286",
        "highway": "cycleway",
        "lcn": "yes",
        "oneway": "yes",
        "smoothness": "excellent",
        "surface": "asphalt",
        "width": "1.2"
      },
      "geometry": {
        "type": "LineString",
        "coordinates": [
          [
            8.5180477,
            47.3919446
          ],
          [
            8.5182086,
            47.3918139
          ],
          [
            8.518313,
            47.3917794
          ]
        ]
      },
      "id": "way/537930286"
    },
    {
      "type": "Feature",
      "properties": {
        "@id": "way/537930287",
        "highway": "cycleway",
        "lcn": "yes",
        "oneway": "yes",
        "smoothness": "excellent",
        "surface": "asphalt",
        "width": "1.2"
      },
      "geometry": {
        "type": "LineString",
        "coordinates": [
          [
            8.518313,
            47.3917794
          ],
          [
            8.5186422,
            47.3916811
          ],
          [
            8.5188886,
            47.3915936
          ]
        ]
      },
      "id": "way/537930287"
    },
    {
      "type": "Feature",
      "properties": {
        "@id": "way/538983537",
        "highway": "cycleway",
        "oneway": "yes",
        "surface": "asphalt"
      },
      "geometry": {
        "type": "LineString",
        "coordinates": [
          [
            8.5193968,
            47.3434215
          ],
          [
            8.5194995,
            47.3435321
          ]
        ]
      },
      "id": "way/538983537"
    },
    {
      "type": "Feature",
      "properties": {
        "@id": "way/538983560",
        "highway": "cycleway",
        "oneway": "yes",
        "surface": "asphalt"
      },
      "geometry": {
        "type": "LineString",
        "coordinates": [
          [
            8.5192619,
            47.3434945
          ],
          [
            8.5193968,
            47.3434215
          ]
        ]
      },
      "id": "way/538983560"
    },
    {
      "type": "Feature",
      "properties": {
        "@id": "way/539999293",
        "highway": "cycleway",
        "lcn": "yes",
        "lit": "yes",
        "surface": "asphalt"
      },
      "geometry": {
        "type": "LineString",
        "coordinates": [
          [
            8.5245277,
            47.340913
          ],
          [
            8.5245716,
            47.3409301
          ],
          [
            8.5246346,
            47.3409545
          ]
        ]
      },
      "id": "way/539999293"
    },
    {
      "type": "Feature",
      "properties": {
        "@id": "way/540275807",
        "highway": "cycleway",
        "surface": "asphalt"
      },
      "geometry": {
        "type": "LineString",
        "coordinates": [
          [
            8.5152,
            47.3359529
          ],
          [
            8.51518,
            47.3359263
          ]
        ]
      },
      "id": "way/540275807"
    },
    {
      "type": "Feature",
      "properties": {
        "@id": "way/543129623",
        "highway": "cycleway",
        "oneway": "yes",
        "surface": "asphalt"
      },
      "geometry": {
        "type": "LineString",
        "coordinates": [
          [
            8.5306199,
            47.3684404
          ],
          [
            8.5305476,
            47.3684608
          ]
        ]
      },
      "id": "way/543129623"
    },
    {
      "type": "Feature",
      "properties": {
        "@id": "way/543129625",
        "highway": "cycleway",
        "oneway": "yes",
        "surface": "asphalt"
      },
      "geometry": {
        "type": "LineString",
        "coordinates": [
          [
            8.530071,
            47.3681306
          ],
          [
            8.5300908,
            47.3680703
          ]
        ]
      },
      "id": "way/543129625"
    },
    {
      "type": "Feature",
      "properties": {
        "@id": "way/543698011",
        "highway": "cycleway",
        "lit": "yes",
        "smoothness": "excellent",
        "surface": "asphalt"
      },
      "geometry": {
        "type": "LineString",
        "coordinates": [
          [
            8.5320972,
            47.3706507
          ],
          [
            8.5320232,
            47.3706637
          ]
        ]
      },
      "id": "way/543698011"
    },
    {
      "type": "Feature",
      "properties": {
        "@id": "way/543888827",
        "highway": "cycleway",
        "surface": "asphalt"
      },
      "geometry": {
        "type": "LineString",
        "coordinates": [
          [
            8.5342115,
            47.3701152
          ],
          [
            8.5342964,
            47.3700883
          ]
        ]
      },
      "id": "way/543888827"
    },
    {
      "type": "Feature",
      "properties": {
        "@id": "way/543888838",
        "highway": "cycleway",
        "lit": "yes",
        "smoothness": "good",
        "surface": "asphalt"
      },
      "geometry": {
        "type": "LineString",
        "coordinates": [
          [
            8.5334735,
            47.3727434
          ],
          [
            8.5335263,
            47.3727838
          ]
        ]
      },
      "id": "way/543888838"
    },
    {
      "type": "Feature",
      "properties": {
        "@id": "way/543888839",
        "bridge": "yes",
        "highway": "cycleway",
        "layer": "2",
        "lit": "yes",
        "smoothness": "good",
        "surface": "asphalt"
      },
      "geometry": {
        "type": "LineString",
        "coordinates": [
          [
            8.5335263,
            47.3727838
          ],
          [
            8.5335452,
            47.372829
          ],
          [
            8.533573,
            47.3728949
          ],
          [
            8.5335882,
            47.3729312
          ],
          [
            8.5335679,
            47.37296
          ],
          [
            8.5335184,
            47.3729759
          ]
        ]
      },
      "id": "way/543888839"
    },
    {
      "type": "Feature",
      "properties": {
        "@id": "way/543888840",
        "highway": "cycleway",
        "lit": "yes",
        "oneway": "yes",
        "smoothness": "good",
        "surface": "asphalt",
        "width": "1"
      },
      "geometry": {
        "type": "LineString",
        "coordinates": [
          [
            8.5333485,
            47.3730339
          ],
          [
            8.5333131,
            47.3730402
          ],
          [
            8.5332507,
            47.3730317
          ]
        ]
      },
      "id": "way/543888840"
    },
    {
      "type": "Feature",
      "properties": {
        "@id": "way/543888841",
        "highway": "cycleway",
        "lit": "yes",
        "smoothness": "good",
        "surface": "asphalt",
        "width": "1"
      },
      "geometry": {
        "type": "LineString",
        "coordinates": [
          [
            8.5335184,
            47.3729759
          ],
          [
            8.5333485,
            47.3730339
          ],
          [
            8.5333478,
            47.3730459
          ]
        ]
      },
      "id": "way/543888841"
    },
    {
      "type": "Feature",
      "properties": {
        "@id": "way/543888843",
        "highway": "cycleway",
        "lit": "yes",
        "smoothness": "good",
        "surface": "asphalt"
      },
      "geometry": {
        "type": "LineString",
        "coordinates": [
          [
            8.532031,
            47.371943
          ],
          [
            8.5320164,
            47.3719492
          ],
          [
            8.5319755,
            47.3719665
          ],
          [
            8.5319431,
            47.3719801
          ],
          [
            8.5319274,
            47.3719858
          ]
        ]
      },
      "id": "way/543888843"
    },
    {
      "type": "Feature",
      "properties": {
        "@id": "way/543888845",
        "crossing": "traffic_signals",
        "cycleway": "crossing",
        "highway": "cycleway",
        "surface": "asphalt"
      },
      "geometry": {
        "type": "LineString",
        "coordinates": [
          [
            8.5312891,
            47.3711171
          ],
          [
            8.53123,
            47.3710205
          ],
          [
            8.531174,
            47.3709269
          ]
        ]
      },
      "id": "way/543888845"
    },
    {
      "type": "Feature",
      "properties": {
        "@id": "way/544840834",
        "highway": "cycleway",
        "smoothness": "excellent",
        "surface": "asphalt"
      },
      "geometry": {
        "type": "LineString",
        "coordinates": [
          [
            8.5358117,
            47.397672
          ],
          [
            8.5359002,
            47.3977287
          ]
        ]
      },
      "id": "way/544840834"
    },
    {
      "type": "Feature",
      "properties": {
        "@id": "way/546423858",
        "cycleway:surface": "asphalt",
        "foot": "no",
        "footway:surface": "asphalt",
        "highway": "cycleway",
        "lcn": "yes",
        "lit": "yes",
        "smoothness": "excellent",
        "surface": "asphalt"
      },
      "geometry": {
        "type": "LineString",
        "coordinates": [
          [
            8.5401415,
            47.3954949
          ],
          [
            8.5399713,
            47.3955372
          ]
        ]
      },
      "id": "way/546423858"
    },
    {
      "type": "Feature",
      "properties": {
        "@id": "way/547047268",
        "highway": "cycleway",
        "lcn": "yes",
        "lit": "yes",
        "surface": "asphalt"
      },
      "geometry": {
        "type": "LineString",
        "coordinates": [
          [
            8.5216156,
            47.3745568
          ],
          [
            8.5215898,
            47.3745181
          ]
        ]
      },
      "id": "way/547047268"
    },
    {
      "type": "Feature",
      "properties": {
        "@id": "way/549747894",
        "foot": "yes",
        "highway": "cycleway",
        "lit": "yes",
        "segregated": "no",
        "smoothness": "excellent",
        "surface": "asphalt"
      },
      "geometry": {
        "type": "LineString",
        "coordinates": [
          [
            8.4745048,
            47.3813183
          ],
          [
            8.4749207,
            47.3813755
          ],
          [
            8.4749836,
            47.3813916
          ],
          [
            8.475044,
            47.3814145
          ],
          [
            8.4751811,
            47.3815111
          ],
          [
            8.4757321,
            47.3818691
          ],
          [
            8.4760639,
            47.3820879
          ]
        ]
      },
      "id": "way/549747894"
    },
    {
      "type": "Feature",
      "properties": {
        "@id": "way/550657239",
        "highway": "cycleway",
        "oneway": "yes",
        "oneway:bicycle": "yes",
        "surface": "asphalt"
      },
      "geometry": {
        "type": "LineString",
        "coordinates": [
          [
            8.5246746,
            47.3948485
          ],
          [
            8.5245363,
            47.394953
          ]
        ]
      },
      "id": "way/550657239"
    },
    {
      "type": "Feature",
      "properties": {
        "@id": "way/552360276",
        "highway": "cycleway",
        "lit": "yes",
        "smoothness": "excellent",
        "surface": "asphalt",
        "width": "2"
      },
      "geometry": {
        "type": "LineString",
        "coordinates": [
          [
            8.5164432,
            47.3913312
          ],
          [
            8.5164902,
            47.3913748
          ],
          [
            8.5166054,
            47.3914145
          ],
          [
            8.5167225,
            47.3914514
          ],
          [
            8.5175145,
            47.3916671
          ],
          [
            8.5176962,
            47.3917094
          ],
          [
            8.518033,
            47.3917718
          ],
          [
            8.5181336,
            47.3917809
          ],
          [
            8.5182298,
            47.3917852
          ],
          [
            8.518313,
            47.3917794
          ]
        ]
      },
      "id": "way/552360276"
    },
    {
      "type": "Feature",
      "properties": {
        "@id": "way/552360323",
        "foot": "no",
        "highway": "cycleway",
        "lcn": "yes",
        "oneway": "yes",
        "smoothness": "excellent",
        "surface": "asphalt",
        "width": "1"
      },
      "geometry": {
        "type": "LineString",
        "coordinates": [
          [
            8.5124007,
            47.3900239
          ],
          [
            8.512291,
            47.390022
          ],
          [
            8.5122513,
            47.3899654
          ],
          [
            8.5121885,
            47.389956
          ]
        ]
      },
      "id": "way/552360323"
    },
    {
      "type": "Feature",
      "properties": {
        "@id": "way/552360329",
        "foot": "no",
        "highway": "cycleway",
        "oneway": "yes",
        "smoothness": "excellent",
        "surface": "asphalt",
        "width": "1"
      },
      "geometry": {
        "type": "LineString",
        "coordinates": [
          [
            8.512458,
            47.3899274
          ],
          [
            8.5124007,
            47.3900239
          ]
        ]
      },
      "id": "way/552360329"
    },
    {
      "type": "Feature",
      "properties": {
        "@id": "way/552360363",
        "highway": "cycleway",
        "lcn": "yes",
        "smoothness": "excellent",
        "surface": "asphalt",
        "width": "4"
      },
      "geometry": {
        "type": "LineString",
        "coordinates": [
          [
            8.5027169,
            47.3923328
          ],
          [
            8.5027541,
            47.3923415
          ],
          [
            8.5027968,
            47.3923451
          ]
        ]
      },
      "id": "way/552360363"
    },
    {
      "type": "Feature",
      "properties": {
        "@id": "way/552360364",
        "highway": "cycleway",
        "lcn": "yes",
        "surface": "asphalt",
        "width": "3"
      },
      "geometry": {
        "type": "LineString",
        "coordinates": [
          [
            8.5027968,
            47.3923451
          ],
          [
            8.5028188,
            47.3923375
          ],
          [
            8.5028308,
            47.3923236
          ],
          [
            8.502837,
            47.3923096
          ]
        ]
      },
      "id": "way/552360364"
    },
    {
      "type": "Feature",
      "properties": {
        "@id": "way/552831830",
        "bridge": "yes",
        "highway": "cycleway",
        "layer": "2",
        "lcn": "yes",
        "oneway": "yes",
        "smoothness": "good",
        "surface": "asphalt",
        "width": "1"
      },
      "geometry": {
        "type": "LineString",
        "coordinates": [
          [
            8.510483,
            47.389259
          ],
          [
            8.5107464,
            47.3892494
          ]
        ]
      },
      "id": "way/552831830"
    },
    {
      "type": "Feature",
      "properties": {
        "@id": "way/554005051",
        "highway": "cycleway",
        "oneway": "yes",
        "surface": "asphalt",
        "width": "1"
      },
      "geometry": {
        "type": "LineString",
        "coordinates": [
          [
            8.5323294,
            47.3859897
          ],
          [
            8.5325442,
            47.385963
          ]
        ]
      },
      "id": "way/554005051"
    },
    {
      "type": "Feature",
      "properties": {
        "@id": "way/554737274",
        "highway": "cycleway",
        "lcn": "yes",
        "oneway": "yes",
        "surface": "asphalt"
      },
      "geometry": {
        "type": "LineString",
        "coordinates": [
          [
            8.5606525,
            47.4181106
          ],
          [
            8.5608043,
            47.4180381
          ]
        ]
      },
      "id": "way/554737274"
    },
    {
      "type": "Feature",
      "properties": {
        "@id": "way/554737281",
        "highway": "cycleway",
        "lit": "yes",
        "oneway": "yes",
        "smoothness": "excellent",
        "surface": "asphalt"
      },
      "geometry": {
        "type": "LineString",
        "coordinates": [
          [
            8.55312,
            47.4147722
          ],
          [
            8.5530035,
            47.4147734
          ]
        ]
      },
      "id": "way/554737281"
    },
    {
      "type": "Feature",
      "properties": {
        "@id": "way/556286282",
        "foot": "no",
        "highway": "cycleway",
        "oneway": "yes",
        "surface": "asphalt"
      },
      "geometry": {
        "type": "LineString",
        "coordinates": [
          [
            8.4998479,
            47.4221715
          ],
          [
            8.500066,
            47.422158
          ]
        ]
      },
      "id": "way/556286282"
    },
    {
      "type": "Feature",
      "properties": {
        "@id": "way/556286285",
        "foot": "no",
        "highway": "cycleway",
        "oneway": "yes",
        "surface": "asphalt"
      },
      "geometry": {
        "type": "LineString",
        "coordinates": [
          [
            8.4989484,
            47.422808
          ],
          [
            8.4989105,
            47.4227214
          ]
        ]
      },
      "id": "way/556286285"
    },
    {
      "type": "Feature",
      "properties": {
        "@id": "way/556286304",
        "foot": "no",
        "highway": "cycleway",
        "oneway": "yes",
        "surface": "asphalt"
      },
      "geometry": {
        "type": "LineString",
        "coordinates": [
          [
            8.4991306,
            47.4227024
          ],
          [
            8.4991505,
            47.4227908
          ]
        ]
      },
      "id": "way/556286304"
    },
    {
      "type": "Feature",
      "properties": {
        "@id": "way/556286305",
        "highway": "cycleway",
        "oneway": "yes",
        "surface": "asphalt"
      },
      "geometry": {
        "type": "LineString",
        "coordinates": [
          [
            8.4985096,
            47.4231635
          ],
          [
            8.4984359,
            47.4231071
          ]
        ]
      },
      "id": "way/556286305"
    },
    {
      "type": "Feature",
      "properties": {
        "@id": "way/556788050",
        "foot": "no",
        "highway": "cycleway",
        "lit": "yes",
        "surface": "asphalt"
      },
      "geometry": {
        "type": "LineString",
        "coordinates": [
          [
            8.5391265,
            47.3924701
          ],
          [
            8.5390368,
            47.3924813
          ],
          [
            8.5389393,
            47.3924934
          ],
          [
            8.5388344,
            47.3925064
          ]
        ]
      },
      "id": "way/556788050"
    },
    {
      "type": "Feature",
      "properties": {
        "@id": "way/556788053",
        "foot": "no",
        "highway": "cycleway",
        "lit": "yes",
        "oneway": "yes",
        "surface": "asphalt"
      },
      "geometry": {
        "type": "LineString",
        "coordinates": [
          [
            8.5383665,
            47.392455
          ],
          [
            8.5382715,
            47.3924412
          ],
          [
            8.5381728,
            47.3924269
          ]
        ]
      },
      "id": "way/556788053"
    },
    {
      "type": "Feature",
      "properties": {
        "@id": "way/556788055",
        "highway": "cycleway",
        "lit": "yes",
        "surface": "asphalt"
      },
      "geometry": {
        "type": "LineString",
        "coordinates": [
          [
            8.5359144,
            47.3934699
          ],
          [
            8.5358873,
            47.3934515
          ],
          [
            8.535872,
            47.393441
          ],
          [
            8.5358275,
            47.3934108
          ]
        ]
      },
      "id": "way/556788055"
    },
    {
      "type": "Feature",
      "properties": {
        "@id": "way/557366241",
        "highway": "cycleway",
        "lit": "yes",
        "smoothness": "excellent",
        "surface": "asphalt",
        "width": "1"
      },
      "geometry": {
        "type": "LineString",
        "coordinates": [
          [
            8.5203845,
            47.4146701
          ],
          [
            8.5203808,
            47.4145852
          ]
        ]
      },
      "id": "way/557366241"
    },
    {
      "type": "Feature",
      "properties": {
        "@id": "way/557621140",
        "highway": "cycleway",
        "oneway": "yes",
        "surface": "asphalt"
      },
      "geometry": {
        "type": "LineString",
        "coordinates": [
          [
            8.5023565,
            47.4206255
          ],
          [
            8.5025781,
            47.4205122
          ]
        ]
      },
      "id": "way/557621140"
    },
    {
      "type": "Feature",
      "properties": {
        "@id": "way/557621142",
        "highway": "cycleway",
        "oneway": "yes",
        "surface": "asphalt"
      },
      "geometry": {
        "type": "LineString",
        "coordinates": [
          [
            8.5032142,
            47.4202447
          ],
          [
            8.5033159,
            47.4202091
          ],
          [
            8.5034806,
            47.4202096
          ]
        ]
      },
      "id": "way/557621142"
    },
    {
      "type": "Feature",
      "properties": {
        "@id": "way/558005620",
        "highway": "cycleway",
        "lcn": "yes",
        "lit": "yes",
        "oneway": "yes",
        "surface": "asphalt",
        "width": "2"
      },
      "geometry": {
        "type": "LineString",
        "coordinates": [
          [
            8.5383806,
            47.4183859
          ],
          [
            8.5383026,
            47.4183253
          ]
        ]
      },
      "id": "way/558005620"
    },
    {
      "type": "Feature",
      "properties": {
        "@id": "way/558523054",
        "highway": "cycleway",
        "lit": "yes",
        "oneway": "yes",
        "surface": "asphalt"
      },
      "geometry": {
        "type": "LineString",
        "coordinates": [
          [
            8.5485736,
            47.3842208
          ],
          [
            8.548521,
            47.3841653
          ]
        ]
      },
      "id": "way/558523054"
    },
    {
      "type": "Feature",
      "properties": {
        "@id": "way/558630455",
        "highway": "cycleway",
        "surface": "asphalt",
        "width": "2"
      },
      "geometry": {
        "type": "LineString",
        "coordinates": [
          [
            8.5447974,
            47.417235
          ],
          [
            8.544874,
            47.4172746
          ]
        ]
      },
      "id": "way/558630455"
    },
    {
      "type": "Feature",
      "properties": {
        "@id": "way/558634420",
        "access": "yes",
        "bicycle": "yes",
        "emergency": "yes",
        "foot": "no",
        "highway": "cycleway",
        "lcn": "yes",
        "lit": "yes",
        "oneway": "no",
        "smoothness": "excellent",
        "source:width": "ARCore",
        "surface": "asphalt",
        "vehicle": "no",
        "width": "1.6"
      },
      "geometry": {
        "type": "LineString",
        "coordinates": [
          [
            8.545945,
            47.3642098
          ],
          [
            8.546091,
            47.3642461
          ],
          [
            8.5461824,
            47.3642674
          ],
          [
            8.546312,
            47.3642687
          ],
          [
            8.5463281,
            47.3642689
          ]
        ]
      },
      "id": "way/558634420"
    },
    {
      "type": "Feature",
      "properties": {
        "@id": "way/558634422",
        "highway": "cycleway",
        "lcn": "yes",
        "lit": "yes",
        "smoothness": "excellent",
        "surface": "asphalt",
        "width": "1"
      },
      "geometry": {
        "type": "LineString",
        "coordinates": [
          [
            8.5471017,
            47.3645738
          ],
          [
            8.5470448,
            47.364472
          ]
        ]
      },
      "id": "way/558634422"
    },
    {
      "type": "Feature",
      "properties": {
        "@id": "way/558664498",
        "foot": "no",
        "highway": "cycleway",
        "lit": "yes",
        "oneway": "yes",
        "smoothness": "excellent",
        "surface": "asphalt"
      },
      "geometry": {
        "type": "LineString",
        "coordinates": [
          [
            8.5373674,
            47.3935492
          ],
          [
            8.5374555,
            47.393514
          ]
        ]
      },
      "id": "way/558664498"
    },
    {
      "type": "Feature",
      "properties": {
        "@id": "way/558664507",
        "highway": "cycleway",
        "lit": "yes",
        "oneway": "yes",
        "surface": "asphalt"
      },
      "geometry": {
        "type": "LineString",
        "coordinates": [
          [
            8.5393655,
            47.3939442
          ],
          [
            8.5394111,
            47.3939791
          ]
        ]
      },
      "id": "way/558664507"
    },
    {
      "type": "Feature",
      "properties": {
        "@id": "way/558664508",
        "foot": "no",
        "highway": "cycleway",
        "lit": "yes",
        "oneway": "yes",
        "surface": "asphalt"
      },
      "geometry": {
        "type": "LineString",
        "coordinates": [
          [
            8.5400059,
            47.3952651
          ],
          [
            8.5400382,
            47.3953713
          ]
        ]
      },
      "id": "way/558664508"
    },
    {
      "type": "Feature",
      "properties": {
        "@id": "way/559462231",
        "highway": "cycleway",
        "lcn": "yes",
        "lit": "yes",
        "oneway": "yes",
        "smoothness": "excellent",
        "surface": "asphalt",
        "width": "1"
      },
      "geometry": {
        "type": "LineString",
        "coordinates": [
          [
            8.5516981,
            47.3747769
          ],
          [
            8.5516392,
            47.3746976
          ],
          [
            8.5516432,
            47.3746564
          ],
          [
            8.5516463,
            47.3746225
          ]
        ]
      },
      "id": "way/559462231"
    },
    {
      "type": "Feature",
      "properties": {
        "@id": "way/559462234",
        "highway": "cycleway",
        "lit": "yes",
        "oneway": "yes",
        "smoothness": "good",
        "source:width": "ARCore",
        "surface": "asphalt",
        "width": "1.3"
      },
      "geometry": {
        "type": "LineString",
        "coordinates": [
          [
            8.5517118,
            47.374489
          ],
          [
            8.5517771,
            47.3744347
          ]
        ]
      },
      "id": "way/559462234"
    },
    {
      "type": "Feature",
      "properties": {
        "@id": "way/562767428",
        "highway": "cycleway",
        "oneway": "yes"
      },
      "geometry": {
        "type": "LineString",
        "coordinates": [
          [
            8.5645179,
            47.3462429
          ],
          [
            8.5646412,
            47.3462232
          ]
        ]
      },
      "id": "way/562767428"
    },
    {
      "type": "Feature",
      "properties": {
        "@id": "way/562767456",
        "highway": "cycleway",
        "oneway": "yes"
      },
      "geometry": {
        "type": "LineString",
        "coordinates": [
          [
            8.5641496,
            47.34636
          ],
          [
            8.5642357,
            47.3463046
          ]
        ]
      },
      "id": "way/562767456"
    },
    {
      "type": "Feature",
      "properties": {
        "@id": "way/562767487",
        "highway": "cycleway",
        "oneway": "yes",
        "surface": "asphalt"
      },
      "geometry": {
        "type": "LineString",
        "coordinates": [
          [
            8.5611681,
            47.3495439
          ],
          [
            8.5613163,
            47.3494587
          ],
          [
            8.5617513,
            47.3490175
          ],
          [
            8.5618436,
            47.3489236
          ],
          [
            8.5619223,
            47.3488336
          ],
          [
            8.5622013,
            47.3485101
          ],
          [
            8.5622439,
            47.3484447
          ]
        ]
      },
      "id": "way/562767487"
    },
    {
      "type": "Feature",
      "properties": {
        "@id": "way/565470598",
        "foot": "no",
        "highway": "cycleway",
        "lcn": "yes",
        "lit": "yes",
        "oneway": "yes",
        "surface": "asphalt"
      },
      "geometry": {
        "type": "LineString",
        "coordinates": [
          [
            8.5641039,
            47.3755009
          ],
          [
            8.5640505,
            47.3755338
          ],
          [
            8.5640019,
            47.375546
          ],
          [
            8.5639666,
            47.3755566
          ],
          [
            8.5639353,
            47.3755662
          ],
          [
            8.5638922,
            47.3755805
          ],
          [
            8.563864,
            47.3755955
          ],
          [
            8.563813,
            47.3756208
          ],
          [
            8.5637586,
            47.375649
          ]
        ]
      },
      "id": "way/565470598"
    },
    {
      "type": "Feature",
      "properties": {
        "@id": "way/565569111",
        "highway": "cycleway",
        "oneway": "no",
        "surface": "asphalt",
        "width": "4"
      },
      "geometry": {
        "type": "LineString",
        "coordinates": [
          [
            8.5548865,
            47.3536952
          ],
          [
            8.5548201,
            47.353698
          ],
          [
            8.5547601,
            47.3536752
          ]
        ]
      },
      "id": "way/565569111"
    },
    {
      "type": "Feature",
      "properties": {
        "@id": "way/568227897",
        "bicycle": "yes",
        "highway": "cycleway",
        "lit": "yes",
        "oneway": "yes",
        "surface": "asphalt"
      },
      "geometry": {
        "type": "LineString",
        "coordinates": [
          [
            8.5461561,
            47.4177038
          ],
          [
            8.5463654,
            47.4177852
          ]
        ]
      },
      "id": "way/568227897"
    },
    {
      "type": "Feature",
      "properties": {
        "@id": "way/569031651",
        "bicycle": "designated",
        "check_date:surface": "2025-03-16",
        "cycleway:surface": "asphalt",
        "foot": "designated",
        "footway:surface": "asphalt",
        "highway": "cycleway",
        "lcn": "yes",
        "lit": "yes",
        "motor_vehicle": "no",
        "name": "Schärenmoosstrasse",
        "segregated": "yes",
        "surface": "asphalt",
        "wikidata": "Q27332051"
      },
      "geometry": {
        "type": "LineString",
        "coordinates": [
          [
            8.554501,
            47.4200821
          ],
          [
            8.5543498,
            47.4201582
          ],
          [
            8.5543181,
            47.4201703
          ],
          [
            8.5542177,
            47.4202087
          ],
          [
            8.5539816,
            47.4202873
          ],
          [
            8.5539085,
            47.4203111
          ]
        ]
      },
      "id": "way/569031651"
    },
    {
      "type": "Feature",
      "properties": {
        "@id": "way/572202134",
        "highway": "cycleway",
        "lcn": "yes",
        "lit": "yes",
        "surface": "asphalt"
      },
      "geometry": {
        "type": "LineString",
        "coordinates": [
          [
            8.5432839,
            47.4000026
          ],
          [
            8.5432597,
            47.4000197
          ],
          [
            8.5432003,
            47.4000616
          ],
          [
            8.5431601,
            47.4000899
          ],
          [
            8.5431227,
            47.4001161
          ],
          [
            8.5430599,
            47.4001878
          ]
        ]
      },
      "id": "way/572202134"
    },
    {
      "type": "Feature",
      "properties": {
        "@id": "way/572202135",
        "foot": "no",
        "highway": "cycleway",
        "lit": "yes",
        "oneway": "yes",
        "smoothness": "good",
        "surface": "asphalt"
      },
      "geometry": {
        "type": "LineString",
        "coordinates": [
          [
            8.542472,
            47.399138
          ],
          [
            8.5426457,
            47.3992044
          ]
        ]
      },
      "id": "way/572202135"
    },
    {
      "type": "Feature",
      "properties": {
        "@id": "way/572202137",
        "foot": "no",
        "highway": "cycleway",
        "lcn": "yes",
        "lit": "yes",
        "oneway": "yes",
        "smoothness": "excellent",
        "surface": "asphalt"
      },
      "geometry": {
        "type": "LineString",
        "coordinates": [
          [
            8.5429413,
            47.3997424
          ],
          [
            8.543021,
            47.3997771
          ]
        ]
      },
      "id": "way/572202137"
    },
    {
      "type": "Feature",
      "properties": {
        "@id": "way/572385944",
        "bicycle": "dismount",
        "highway": "cycleway",
        "lcn": "yes",
        "lit": "yes",
        "surface": "asphalt"
      },
      "geometry": {
        "type": "LineString",
        "coordinates": [
          [
            8.5795485,
            47.4089304
          ],
          [
            8.5794298,
            47.4089352
          ]
        ]
      },
      "id": "way/572385944"
    },
    {
      "type": "Feature",
      "properties": {
        "@id": "way/572385953",
        "highway": "cycleway",
        "lit": "yes",
        "oneway": "no",
        "surface": "paved"
      },
      "geometry": {
        "type": "LineString",
        "coordinates": [
          [
            8.5758816,
            47.4098943
          ],
          [
            8.5759387,
            47.4098557
          ]
        ]
      },
      "id": "way/572385953"
    },
    {
      "type": "Feature",
      "properties": {
        "@id": "way/572385964",
        "bicycle": "dismount",
        "highway": "cycleway",
        "lit": "yes",
        "surface": "asphalt"
      },
      "geometry": {
        "type": "LineString",
        "coordinates": [
          [
            8.5800359,
            47.4087395
          ],
          [
            8.5800229,
            47.4087905
          ]
        ]
      },
      "id": "way/572385964"
    },
    {
      "type": "Feature",
      "properties": {
        "@id": "way/572394517",
        "foot": "no",
        "highway": "cycleway",
        "lcn": "yes",
        "lit": "yes",
        "oneway": "yes",
        "smoothness": "good",
        "surface": "asphalt"
      },
      "geometry": {
        "type": "LineString",
        "coordinates": [
          [
            8.5490191,
            47.3757464
          ],
          [
            8.5492405,
            47.3756691
          ]
        ]
      },
      "id": "way/572394517"
    },
    {
      "type": "Feature",
      "properties": {
        "@id": "way/572481315",
        "foot": "no",
        "highway": "cycleway",
        "lit": "yes",
        "oneway": "yes",
        "surface": "asphalt",
        "width": "2"
      },
      "geometry": {
        "type": "LineString",
        "coordinates": [
          [
            8.5393942,
            47.3878681
          ],
          [
            8.5395321,
            47.3878382
          ]
        ]
      },
      "id": "way/572481315"
    },
    {
      "type": "Feature",
      "properties": {
        "@id": "way/573582771",
        "foot": "no",
        "highway": "cycleway",
        "lit": "yes",
        "surface": "asphalt",
        "width": "1"
      },
      "geometry": {
        "type": "LineString",
        "coordinates": [
          [
            8.5445621,
            47.4108191
          ],
          [
            8.5445622,
            47.4107828
          ],
          [
            8.5445996,
            47.4107114
          ],
          [
            8.5446303,
            47.4106872
          ]
        ]
      },
      "id": "way/573582771"
    },
    {
      "type": "Feature",
      "properties": {
        "@id": "way/573646628",
        "highway": "cycleway",
        "lit": "yes",
        "surface": "asphalt"
      },
      "geometry": {
        "type": "LineString",
        "coordinates": [
          [
            8.5409011,
            47.4248733
          ],
          [
            8.5409105,
            47.4248309
          ]
        ]
      },
      "id": "way/573646628"
    },
    {
      "type": "Feature",
      "properties": {
        "@id": "way/574766481",
        "highway": "cycleway",
        "oneway": "yes",
        "smoothness": "excellent",
        "surface": "asphalt",
        "width": "2"
      },
      "geometry": {
        "type": "LineString",
        "coordinates": [
          [
            8.5536323,
            47.425481
          ],
          [
            8.5535793,
            47.4254688
          ],
          [
            8.5535333,
            47.4254388
          ],
          [
            8.5533283,
            47.4252369
          ],
          [
            8.5532916,
            47.4251462
          ]
        ]
      },
      "id": "way/574766481"
    },
    {
      "type": "Feature",
      "properties": {
        "@id": "way/575542022",
        "highway": "cycleway",
        "lit": "yes",
        "oneway": "yes",
        "surface": "asphalt"
      },
      "geometry": {
        "type": "LineString",
        "coordinates": [
          [
            8.5444575,
            47.3874779
          ],
          [
            8.5446417,
            47.3874782
          ]
        ]
      },
      "id": "way/575542022"
    },
    {
      "type": "Feature",
      "properties": {
        "@id": "way/575542023",
        "bicycle": "designated",
        "foot": "designated",
        "highway": "cycleway",
        "lit": "yes",
        "segregated": "no",
        "smoothness": "excellent",
        "surface": "asphalt"
      },
      "geometry": {
        "type": "LineString",
        "coordinates": [
          [
            8.5440287,
            47.3876888
          ],
          [
            8.5440706,
            47.3876497
          ],
          [
            8.5441922,
            47.387578
          ],
          [
            8.5442786,
            47.3875352
          ]
        ]
      },
      "id": "way/575542023"
    },
    {
      "type": "Feature",
      "properties": {
        "@id": "way/575542025",
        "bicycle": "designated",
        "foot": "designated",
        "highway": "cycleway",
        "lcn": "yes",
        "lit": "yes",
        "name": "Scheuchzerstrasse",
        "oneway": "no",
        "segregated": "no",
        "surface": "asphalt",
        "wikidata": "Q27330758"
      },
      "geometry": {
        "type": "LineString",
        "coordinates": [
          [
            8.5443399,
            47.3876711
          ],
          [
            8.5443346,
            47.3876917
          ],
          [
            8.5442614,
            47.3879156
          ]
        ]
      },
      "id": "way/575542025"
    },
    {
      "type": "Feature",
      "properties": {
        "@id": "way/575542026",
        "highway": "cycleway",
        "lcn": "yes",
        "lit": "yes",
        "surface": "asphalt",
        "width": "1.5"
      },
      "geometry": {
        "type": "LineString",
        "coordinates": [
          [
            8.5445008,
            47.3872596
          ],
          [
            8.5445947,
            47.3872562
          ]
        ]
      },
      "id": "way/575542026"
    },
    {
      "type": "Feature",
      "properties": {
        "@id": "way/575542027",
        "bicycle": "designated",
        "foot": "designated",
        "highway": "cycleway",
        "lcn": "yes",
        "lit": "yes",
        "name": "Scheuchzerstrasse",
        "oneway": "no",
        "segregated": "no",
        "surface": "asphalt",
        "wikidata": "Q27330758"
      },
      "geometry": {
        "type": "LineString",
        "coordinates": [
          [
            8.5442786,
            47.3875352
          ],
          [
            8.5445008,
            47.3872596
          ]
        ]
      },
      "id": "way/575542027"
    },
    {
      "type": "Feature",
      "properties": {
        "@id": "way/575542028",
        "highway": "cycleway",
        "lcn": "yes",
        "lit": "yes",
        "surface": "asphalt",
        "width": "1.5"
      },
      "geometry": {
        "type": "LineString",
        "coordinates": [
          [
            8.5442614,
            47.3879156
          ],
          [
            8.5441965,
            47.3879598
          ]
        ]
      },
      "id": "way/575542028"
    },
    {
      "type": "Feature",
      "properties": {
        "@id": "way/575542029",
        "highway": "cycleway",
        "lit": "yes",
        "oneway": "yes",
        "surface": "asphalt"
      },
      "geometry": {
        "type": "LineString",
        "coordinates": [
          [
            8.5440154,
            47.3877839
          ],
          [
            8.5440287,
            47.3876888
          ]
        ]
      },
      "id": "way/575542029"
    },
    {
      "type": "Feature",
      "properties": {
        "@id": "way/575542035",
        "highway": "cycleway",
        "lit": "yes",
        "oneway": "yes",
        "smoothness": "good",
        "surface": "asphalt"
      },
      "geometry": {
        "type": "LineString",
        "coordinates": [
          [
            8.5476033,
            47.386558
          ],
          [
            8.5477076,
            47.3865379
          ]
        ]
      },
      "id": "way/575542035"
    },
    {
      "type": "Feature",
      "properties": {
        "@id": "way/575542037",
        "highway": "cycleway",
        "lit": "yes",
        "oneway": "yes",
        "surface": "asphalt"
      },
      "geometry": {
        "type": "LineString",
        "coordinates": [
          [
            8.5460343,
            47.3870968
          ],
          [
            8.5460879,
            47.3870288
          ]
        ]
      },
      "id": "way/575542037"
    },
    {
      "type": "Feature",
      "properties": {
        "@id": "way/576438959",
        "highway": "cycleway",
        "lit": "yes",
        "oneway": "yes",
        "surface": "asphalt"
      },
      "geometry": {
        "type": "LineString",
        "coordinates": [
          [
            8.5359676,
            47.393428
          ],
          [
            8.536083,
            47.3934468
          ],
          [
            8.5361313,
            47.3934729
          ]
        ]
      },
      "id": "way/576438959"
    },
    {
      "type": "Feature",
      "properties": {
        "@id": "way/576451955",
        "highway": "cycleway",
        "lit": "yes",
        "oneway": "yes",
        "smoothness": "excellent",
        "surface": "asphalt"
      },
      "geometry": {
        "type": "LineString",
        "coordinates": [
          [
            8.5049562,
            47.4052261
          ],
          [
            8.5051745,
            47.4052585
          ]
        ]
      },
      "id": "way/576451955"
    },
    {
      "type": "Feature",
      "properties": {
        "@id": "way/576451956",
        "highway": "cycleway",
        "lit": "yes",
        "oneway": "yes",
        "surface": "asphalt"
      },
      "geometry": {
        "type": "LineString",
        "coordinates": [
          [
            8.504631,
            47.405655
          ],
          [
            8.5046213,
            47.4057721
          ]
        ]
      },
      "id": "way/576451956"
    },
    {
      "type": "Feature",
      "properties": {
        "@id": "way/576802253",
        "highway": "cycleway",
        "lit": "yes",
        "oneway": "yes",
        "surface": "asphalt",
        "width": "1"
      },
      "geometry": {
        "type": "LineString",
        "coordinates": [
          [
            8.5446033,
            47.3793185
          ],
          [
            8.544613,
            47.3792601
          ]
        ]
      },
      "id": "way/576802253"
    },
    {
      "type": "Feature",
      "properties": {
        "@id": "way/577791876",
        "highway": "cycleway",
        "lit": "yes",
        "oneway": "yes",
        "smoothness": "excellent",
        "surface": "asphalt"
      },
      "geometry": {
        "type": "LineString",
        "coordinates": [
          [
            8.5380266,
            47.3858116
          ],
          [
            8.5380086,
            47.3857501
          ]
        ]
      },
      "id": "way/577791876"
    },
    {
      "type": "Feature",
      "properties": {
        "@id": "way/577791879",
        "highway": "cycleway",
        "lit": "yes",
        "oneway": "yes",
        "surface": "asphalt"
      },
      "geometry": {
        "type": "LineString",
        "coordinates": [
          [
            8.5376801,
            47.3862514
          ],
          [
            8.5377579,
            47.3862311
          ]
        ]
      },
      "id": "way/577791879"
    },
    {
      "type": "Feature",
      "properties": {
        "@id": "way/577791888",
        "bicycle": "designated",
        "cycleway:surface": "asphalt",
        "foot": "designated",
        "footway:surface": "asphalt",
        "highway": "cycleway",
        "lit": "yes",
        "oneway": "yes",
        "path": "sidewalk",
        "segregated": "yes",
        "surface": "asphalt"
      },
      "geometry": {
        "type": "LineString",
        "coordinates": [
          [
            8.5370435,
            47.3872182
          ],
          [
            8.5371519,
            47.3870571
          ],
          [
            8.5375159,
            47.3865045
          ],
          [
            8.5376801,
            47.3862514
          ]
        ]
      },
      "id": "way/577791888"
    },
    {
      "type": "Feature",
      "properties": {
        "@id": "way/578505794",
        "highway": "cycleway",
        "lit": "yes",
        "oneway": "no",
        "surface": "asphalt"
      },
      "geometry": {
        "type": "LineString",
        "coordinates": [
          [
            8.5354326,
            47.3888442
          ],
          [
            8.5354669,
            47.3888148
          ],
          [
            8.5354975,
            47.3887886
          ]
        ]
      },
      "id": "way/578505794"
    },
    {
      "type": "Feature",
      "properties": {
        "@id": "way/578505795",
        "bicycle": "designated",
        "cycleway:surface": "asphalt",
        "foot": "designated",
        "footway:surface": "asphalt",
        "highway": "cycleway",
        "lit": "yes",
        "note": "Fussweg, Zusatz \"Velo gestattet\" (Fussgänger haben Vortritt)",
        "oneway": "no",
        "segregated": "yes",
        "surface": "asphalt"
      },
      "geometry": {
        "type": "LineString",
        "coordinates": [
          [
            8.5354975,
            47.3887886
          ],
          [
            8.535665,
            47.3886525
          ],
          [
            8.5357003,
            47.3886239
          ],
          [
            8.5359587,
            47.3884151
          ],
          [
            8.5360745,
            47.3883099
          ]
        ]
      },
      "id": "way/578505795"
    },
    {
      "type": "Feature",
      "properties": {
        "@id": "way/578505800",
        "bicycle": "designated",
        "crossing:island": "no",
        "cycleway": "crossing",
        "cycleway:surface": "asphalt",
        "foot": "designated",
        "footway:surface": "asphalt",
        "highway": "cycleway",
        "lcn": "yes",
        "lit": "yes",
        "oneway": "yes",
        "segregated": "yes",
        "surface": "asphalt"
      },
      "geometry": {
        "type": "LineString",
        "coordinates": [
          [
            8.5351222,
            47.3870257
          ],
          [
            8.5350374,
            47.3870775
          ],
          [
            8.5349604,
            47.3871246
          ]
        ]
      },
      "id": "way/578505800"
    },
    {
      "type": "Feature",
      "properties": {
        "@id": "way/578505826",
        "highway": "cycleway",
        "lit": "yes",
        "oneway": "yes",
        "surface": "asphalt"
      },
      "geometry": {
        "type": "LineString",
        "coordinates": [
          [
            8.5364724,
            47.387974
          ],
          [
            8.5364788,
            47.3880686
          ]
        ]
      },
      "id": "way/578505826"
    },
    {
      "type": "Feature",
      "properties": {
        "@id": "way/578505836",
        "bicycle": "designated",
        "foot": "designated",
        "highway": "cycleway",
        "lit": "yes",
        "oneway": "yes",
        "path": "sidewalk",
        "segregated": "no",
        "surface": "asphalt"
      },
      "geometry": {
        "type": "LineString",
        "coordinates": [
          [
            8.536263,
            47.3879779
          ],
          [
            8.536332,
            47.3880052
          ]
        ]
      },
      "id": "way/578505836"
    },
    {
      "type": "Feature",
      "properties": {
        "@id": "way/578505867",
        "highway": "cycleway",
        "lit": "yes",
        "oneway": "yes",
        "smoothness": "excellent",
        "surface": "asphalt"
      },
      "geometry": {
        "type": "LineString",
        "coordinates": [
          [
            8.5363687,
            47.3885462
          ],
          [
            8.5364355,
            47.3886247
          ]
        ]
      },
      "id": "way/578505867"
    },
    {
      "type": "Feature",
      "properties": {
        "@id": "way/578505876",
        "highway": "cycleway",
        "lit": "yes",
        "oneway": "yes",
        "source:width": "ARCore",
        "surface": "asphalt",
        "width": "1.5"
      },
      "geometry": {
        "type": "LineString",
        "coordinates": [
          [
            8.5362721,
            47.3886247
          ],
          [
            8.5363687,
            47.3885462
          ]
        ]
      },
      "id": "way/578505876"
    },
    {
      "type": "Feature",
      "properties": {
        "@id": "way/578505883",
        "bicycle": "designated",
        "cycleway:surface": "asphalt",
        "foot": "designated",
        "footway:surface": "asphalt",
        "highway": "cycleway",
        "lit": "yes",
        "oneway": "yes",
        "path": "sidewalk",
        "segregated": "yes",
        "surface": "asphalt"
      },
      "geometry": {
        "type": "LineString",
        "coordinates": [
          [
            8.5364355,
            47.3886247
          ],
          [
            8.5363924,
            47.3896987
          ],
          [
            8.536392,
            47.389708
          ],
          [
            8.536389,
            47.389783
          ],
          [
            8.5363875,
            47.3898193
          ],
          [
            8.5363796,
            47.3900163
          ],
          [
            8.5363775,
            47.390068
          ],
          [
            8.5363758,
            47.3901104
          ],
          [
            8.5363752,
            47.3901253
          ],
          [
            8.5363597,
            47.390511
          ]
        ]
      },
      "id": "way/578505883"
    },
    {
      "type": "Feature",
      "properties": {
        "@id": "way/578505892",
        "bicycle": "designated",
        "cycleway:surface": "asphalt",
        "foot": "designated",
        "footway:surface": "asphalt",
        "highway": "cycleway",
        "lit": "yes",
        "oneway": "yes",
        "path": "sidewalk",
        "segregated": "yes",
        "surface": "asphalt"
      },
      "geometry": {
        "type": "LineString",
        "coordinates": [
          [
            8.536193,
            47.3905102
          ],
          [
            8.5362093,
            47.3901223
          ],
          [
            8.5362142,
            47.3900054
          ],
          [
            8.536217,
            47.3899391
          ],
          [
            8.5362192,
            47.3898867
          ],
          [
            8.5362272,
            47.3896957
          ],
          [
            8.5362397,
            47.3893961
          ],
          [
            8.5362721,
            47.3886247
          ]
        ]
      },
      "id": "way/578505892"
    },
    {
      "type": "Feature",
      "properties": {
        "@id": "way/578505924",
        "bicycle": "designated",
        "cycleway": "crossing",
        "cycleway:surface": "asphalt",
        "foot": "designated",
        "footway:surface": "asphalt",
        "highway": "cycleway",
        "lit": "yes",
        "oneway": "yes",
        "segregated": "yes",
        "surface": "paved"
      },
      "geometry": {
        "type": "LineString",
        "coordinates": [
          [
            8.536332,
            47.3880052
          ],
          [
            8.536422,
            47.3880416
          ],
          [
            8.5364788,
            47.3880686
          ]
        ]
      },
      "id": "way/578505924"
    },
    {
      "type": "Feature",
      "properties": {
        "@id": "way/578505930",
        "bicycle": "designated",
        "cycleway:surface": "asphalt",
        "cycleway:width": "2",
        "foot": "designated",
        "footway:surface": "asphalt",
        "highway": "cycleway",
        "lit": "yes",
        "oneway": "yes",
        "path": "sidewalk",
        "segregated": "yes",
        "surface": "asphalt"
      },
      "geometry": {
        "type": "LineString",
        "coordinates": [
          [
            8.5351222,
            47.3870257
          ],
          [
            8.5351845,
            47.3870819
          ],
          [
            8.5353194,
            47.3871883
          ],
          [
            8.5354046,
            47.3872555
          ],
          [
            8.5359665,
            47.3876721
          ],
          [
            8.5361225,
            47.3878175
          ],
          [
            8.536263,
            47.3879779
          ]
        ]
      },
      "id": "way/578505930"
    },
    {
      "type": "Feature",
      "properties": {
        "@id": "way/578505937",
        "bicycle": "designated",
        "cycleway:surface": "asphalt",
        "foot": "designated",
        "footway:surface": "asphalt",
        "highway": "cycleway",
        "lit": "yes",
        "oneway": "yes",
        "path": "sidewalk",
        "segregated": "yes",
        "surface": "asphalt"
      },
      "geometry": {
        "type": "LineString",
        "coordinates": [
          [
            8.5363885,
            47.3879665
          ],
          [
            8.5369323,
            47.3872844
          ],
          [
            8.5369859,
            47.3872525
          ],
          [
            8.5370435,
            47.3872182
          ]
        ]
      },
      "id": "way/578505937"
    },
    {
      "type": "Feature",
      "properties": {
        "@id": "way/582202382",
        "alt_name": "Biketrail Triemli",
        "bicycle": "designated",
        "foot": "no",
        "highway": "cycleway",
        "horse": "no",
        "incline": "down",
        "info": "Viel schlamm, lange trockenzeit.",
        "lit": "no",
        "loc_name": "Antennentrail",
        "mtb": "designated",
        "mtb:scale": "2",
        "mtb_trail_type": "freeride",
        "name": "Triemlitrail",
        "name:gsw": "Üetzgitrail",
        "oneway": "yes",
        "surface": "compacted"
      },
      "geometry": {
        "type": "LineString",
        "coordinates": [
          [
            8.4873155,
            47.3578649
          ],
          [
            8.4872957,
            47.3579202
          ],
          [
            8.4872796,
            47.357979
          ],
          [
            8.4872708,
            47.3580393
          ],
          [
            8.4872628,
            47.3580657
          ],
          [
            8.4872469,
            47.3580848
          ],
          [
            8.4871787,
            47.3581203
          ],
          [
            8.4871387,
            47.3581356
          ],
          [
            8.4871276,
            47.3581482
          ],
          [
            8.4871303,
            47.3581651
          ],
          [
            8.4871469,
            47.3581747
          ],
          [
            8.4871623,
            47.3581765
          ],
          [
            8.4871854,
            47.3581743
          ],
          [
            8.4872411,
            47.3581587
          ]
        ]
      },
      "id": "way/582202382"
    },
    {
      "type": "Feature",
      "properties": {
        "@id": "way/582202383",
        "alt_name": "Biketrail Triemli",
        "bicycle": "designated",
        "bridge": "yes",
        "foot": "no",
        "highway": "cycleway",
        "horse": "no",
        "incline": "down",
        "info": "Viel schlamm, lange trockenzeit.",
        "layer": "1",
        "lit": "no",
        "loc_name": "Antennentrail",
        "mtb": "designated",
        "mtb:scale": "2",
        "mtb_trail_type": "freeride",
        "name": "Triemlitrail",
        "name:gsw": "Üetzgitrail",
        "oneway": "yes",
        "surface": "compacted"
      },
      "geometry": {
        "type": "LineString",
        "coordinates": [
          [
            8.4873328,
            47.3578305
          ],
          [
            8.4873155,
            47.3578649
          ]
        ]
      },
      "id": "way/582202383"
    },
    {
      "type": "Feature",
      "properties": {
        "@id": "way/582202384",
        "alt_name": "Biketrail Triemli",
        "bicycle": "designated",
        "foot": "no",
        "highway": "cycleway",
        "horse": "no",
        "incline": "down",
        "info": "Viel schlamm, lange trockenzeit.",
        "lit": "no",
        "loc_name": "Antennentrail",
        "mtb": "designated",
        "mtb:scale": "2",
        "mtb_trail_type": "freeride",
        "name": "Triemlitrail",
        "name:gsw": "Üetzgitrail",
        "oneway": "yes",
        "surface": "compacted"
      },
      "geometry": {
        "type": "LineString",
        "coordinates": [
          [
            8.4873795,
            47.3576619
          ],
          [
            8.4873342,
            47.3576911
          ],
          [
            8.4873221,
            47.3577056
          ],
          [
            8.4873238,
            47.3577232
          ],
          [
            8.4873361,
            47.3577392
          ],
          [
            8.4873496,
            47.3577519
          ],
          [
            8.4873591,
            47.3577665
          ],
          [
            8.4873575,
            47.3577858
          ],
          [
            8.4873328,
            47.3578305
          ]
        ]
      },
      "id": "way/582202384"
    },
    {
      "type": "Feature",
      "properties": {
        "@id": "way/582202385",
        "alt_name": "Biketrail Triemli",
        "bicycle": "designated",
        "bridge": "yes",
        "foot": "no",
        "highway": "cycleway",
        "horse": "no",
        "info": "Viel schlamm, lange trockenzeit.",
        "layer": "1",
        "lit": "no",
        "loc_name": "Antennentrail",
        "mtb": "designated",
        "mtb:scale": "2",
        "mtb_trail_type": "freeride",
        "name": "Triemlitrail",
        "name:gsw": "Üetzgitrail",
        "oneway": "yes",
        "surface": "compacted"
      },
      "geometry": {
        "type": "LineString",
        "coordinates": [
          [
            8.4874527,
            47.3576156
          ],
          [
            8.4873795,
            47.3576619
          ]
        ]
      },
      "id": "way/582202385"
    },
    {
      "type": "Feature",
      "properties": {
        "@id": "way/582202386",
        "alt_name": "Biketrail Triemli",
        "bicycle": "designated",
        "bridge": "yes",
        "foot": "no",
        "highway": "cycleway",
        "horse": "no",
        "info": "Viel schlamm, lange trockenzeit.",
        "layer": "1",
        "lit": "no",
        "loc_name": "Antennentrail",
        "mtb": "designated",
        "mtb:scale": "2",
        "mtb_trail_type": "freeride",
        "name": "Triemlitrail",
        "name:gsw": "Üetzgitrail",
        "oneway": "yes",
        "surface": "compacted"
      },
      "geometry": {
        "type": "LineString",
        "coordinates": [
          [
            8.4880038,
            47.3570827
          ],
          [
            8.4879097,
            47.3570824
          ]
        ]
      },
      "id": "way/582202386"
    },
    {
      "type": "Feature",
      "properties": {
        "@id": "way/582202387",
        "alt_name": "Biketrail Triemli",
        "bicycle": "designated",
        "foot": "no",
        "highway": "cycleway",
        "horse": "no",
        "incline": "down",
        "info": "Viel schlamm, lange trockenzeit.",
        "lit": "no",
        "loc_name": "Antennentrail",
        "mtb": "designated",
        "mtb:scale": "2",
        "mtb_trail_type": "freeride",
        "name": "Triemlitrail",
        "name:gsw": "Üetzgitrail",
        "oneway": "yes",
        "surface": "compacted"
      },
      "geometry": {
        "type": "LineString",
        "coordinates": [
          [
            8.4879097,
            47.3570824
          ],
          [
            8.4878062,
            47.357079
          ],
          [
            8.4877894,
            47.3570822
          ],
          [
            8.4877746,
            47.3570922
          ],
          [
            8.4877637,
            47.3571074
          ],
          [
            8.4877629,
            47.3571254
          ],
          [
            8.4877738,
            47.3571449
          ],
          [
            8.4877916,
            47.3571613
          ],
          [
            8.4878333,
            47.357192
          ],
          [
            8.4878509,
            47.3572101
          ],
          [
            8.4878586,
            47.357229
          ],
          [
            8.487863,
            47.3572425
          ],
          [
            8.4878606,
            47.3572589
          ],
          [
            8.4878513,
            47.3572749
          ],
          [
            8.4878391,
            47.3572878
          ],
          [
            8.487743,
            47.3573782
          ],
          [
            8.4877086,
            47.3574161
          ],
          [
            8.4876648,
            47.357449
          ],
          [
            8.4875872,
            47.3575066
          ],
          [
            8.4874527,
            47.3576156
          ]
        ]
      },
      "id": "way/582202387"
    },
    {
      "type": "Feature",
      "properties": {
        "@id": "way/582563594",
        "highway": "cycleway",
        "lcn": "yes",
        "lit": "yes",
        "surface": "asphalt"
      },
      "geometry": {
        "type": "LineString",
        "coordinates": [
          [
            8.5073122,
            47.4212054
          ],
          [
            8.5073821,
            47.4211282
          ]
        ]
      },
      "id": "way/582563594"
    },
    {
      "type": "Feature",
      "properties": {
        "@id": "way/582563595",
        "highway": "cycleway",
        "lcn": "yes",
        "lit": "yes",
        "surface": "asphalt"
      },
      "geometry": {
        "type": "LineString",
        "coordinates": [
          [
            8.5074243,
            47.4212347
          ],
          [
            8.5073122,
            47.4212054
          ]
        ]
      },
      "id": "way/582563595"
    },
    {
      "type": "Feature",
      "properties": {
        "@id": "way/584711567",
        "highway": "cycleway",
        "lit": "yes",
        "oneway": "yes",
        "surface": "asphalt"
      },
      "geometry": {
        "type": "LineString",
        "coordinates": [
          [
            8.5194641,
            47.395156
          ],
          [
            8.5194143,
            47.3952559
          ]
        ]
      },
      "id": "way/584711567"
    },
    {
      "type": "Feature",
      "properties": {
        "@id": "way/584711571",
        "foot": "no",
        "highway": "cycleway",
        "lit": "yes",
        "oneway": "yes",
        "surface": "asphalt"
      },
      "geometry": {
        "type": "LineString",
        "coordinates": [
          [
            8.5180847,
            47.3955998
          ],
          [
            8.517922,
            47.3956007
          ],
          [
            8.5178624,
            47.3955701
          ]
        ]
      },
      "id": "way/584711571"
    },
    {
      "type": "Feature",
      "properties": {
        "@id": "way/590200627",
        "bicycle": "designated",
        "foot": "designated",
        "highway": "cycleway",
        "lit": "yes",
        "oneway": "yes",
        "oneway:bicycle": "yes",
        "path": "sidewalk",
        "segregated": "no",
        "smoothness": "excellent",
        "surface": "asphalt"
      },
      "geometry": {
        "type": "LineString",
        "coordinates": [
          [
            8.4939051,
            47.4003706
          ],
          [
            8.4937982,
            47.4003994
          ],
          [
            8.4926569,
            47.4006958
          ],
          [
            8.4925827,
            47.400715
          ],
          [
            8.4919287,
            47.4008846
          ],
          [
            8.4917623,
            47.4009291
          ],
          [
            8.4915653,
            47.4009817
          ],
          [
            8.4913756,
            47.4010385
          ],
          [
            8.4912407,
            47.4010789
          ],
          [
            8.4909779,
            47.4011642
          ],
          [
            8.4907774,
            47.401237
          ],
          [
            8.4906622,
            47.40128
          ],
          [
            8.4906115,
            47.4012989
          ],
          [
            8.4899469,
            47.4015588
          ],
          [
            8.4895939,
            47.401697
          ],
          [
            8.489209,
            47.4018432
          ],
          [
            8.4889126,
            47.4019394
          ],
          [
            8.488647,
            47.4020202
          ],
          [
            8.4884244,
            47.4020892
          ],
          [
            8.4882595,
            47.4021454
          ],
          [
            8.4880382,
            47.4022317
          ],
          [
            8.4878404,
            47.4023165
          ],
          [
            8.4877282,
            47.402368
          ],
          [
            8.4877086,
            47.4023766
          ],
          [
            8.4875225,
            47.4024582
          ],
          [
            8.4873395,
            47.4025426
          ],
          [
            8.4871859,
            47.4026243
          ],
          [
            8.4870377,
            47.40271
          ],
          [
            8.48686,
            47.402828
          ],
          [
            8.4866984,
            47.4029465
          ],
          [
            8.4864635,
            47.4031373
          ],
          [
            8.4864269,
            47.4031712
          ],
          [
            8.4863137,
            47.403264
          ],
          [
            8.4861447,
            47.4034285
          ],
          [
            8.4860798,
            47.4035257
          ],
          [
            8.4860647,
            47.4035581
          ],
          [
            8.4860531,
            47.4035904
          ],
          [
            8.4860597,
            47.4036224
          ],
          [
            8.486075,
            47.4036424
          ],
          [
            8.4861008,
            47.4036612
          ]
        ]
      },
      "id": "way/590200627"
    },
    {
      "type": "Feature",
      "properties": {
        "@id": "way/591624322",
        "highway": "cycleway",
        "lit": "yes",
        "smoothness": "excellent",
        "surface": "asphalt"
      },
      "geometry": {
        "type": "LineString",
        "coordinates": [
          [
            8.4813245,
            47.4065111
          ],
          [
            8.4814467,
            47.4065377
          ]
        ]
      },
      "id": "way/591624322"
    },
    {
      "type": "Feature",
      "properties": {
        "@id": "way/591624334",
        "highway": "cycleway",
        "lcn": "yes",
        "lit": "yes",
        "smoothness": "good",
        "surface": "asphalt"
      },
      "geometry": {
        "type": "LineString",
        "coordinates": [
          [
            8.4815411,
            47.4070032
          ],
          [
            8.481499,
            47.4070778
          ]
        ]
      },
      "id": "way/591624334"
    },
    {
      "type": "Feature",
      "properties": {
        "@id": "way/591624378",
        "highway": "cycleway",
        "lcn": "yes",
        "lit": "yes",
        "smoothness": "excellent",
        "surface": "asphalt"
      },
      "geometry": {
        "type": "LineString",
        "coordinates": [
          [
            8.4801392,
            47.4097253
          ],
          [
            8.4802745,
            47.4097037
          ]
        ]
      },
      "id": "way/591624378"
    },
    {
      "type": "Feature",
      "properties": {
        "@id": "way/591837337",
        "highway": "cycleway",
        "lit": "yes",
        "oneway": "yes",
        "smoothness": "good",
        "surface": "asphalt",
        "width": "1.3"
      },
      "geometry": {
        "type": "LineString",
        "coordinates": [
          [
            8.4941457,
            47.400226
          ],
          [
            8.4939051,
            47.4003706
          ]
        ]
      },
      "id": "way/591837337"
    },
    {
      "type": "Feature",
      "properties": {
        "@id": "way/592039057",
        "highway": "cycleway",
        "lit": "yes",
        "oneway": "yes",
        "surface": "asphalt"
      },
      "geometry": {
        "type": "LineString",
        "coordinates": [
          [
            8.5395848,
            47.383873
          ],
          [
            8.5396371,
            47.3838584
          ],
          [
            8.5397006,
            47.3838582
          ]
        ]
      },
      "id": "way/592039057"
    },
    {
      "type": "Feature",
      "properties": {
        "@id": "way/592039059",
        "highway": "cycleway",
        "lit": "yes",
        "oneway": "yes",
        "smoothness": "excellent",
        "surface": "asphalt"
      },
      "geometry": {
        "type": "LineString",
        "coordinates": [
          [
            8.5362775,
            47.390617
          ],
          [
            8.536193,
            47.3905102
          ]
        ]
      },
      "id": "way/592039059"
    },
    {
      "type": "Feature",
      "properties": {
        "@id": "way/592039061",
        "highway": "cycleway",
        "lit": "yes",
        "oneway": "yes",
        "smoothness": "excellent",
        "surface": "asphalt"
      },
      "geometry": {
        "type": "LineString",
        "coordinates": [
          [
            8.5363597,
            47.390511
          ],
          [
            8.5362775,
            47.390617
          ]
        ]
      },
      "id": "way/592039061"
    },
    {
      "type": "Feature",
      "properties": {
        "@id": "way/594257525",
        "highway": "cycleway",
        "oneway": "yes",
        "surface": "asphalt"
      },
      "geometry": {
        "type": "LineString",
        "coordinates": [
          [
            8.4835287,
            47.4143546
          ],
          [
            8.4836317,
            47.4143598
          ]
        ]
      },
      "id": "way/594257525"
    },
    {
      "type": "Feature",
      "properties": {
        "@id": "way/595145704",
        "highway": "cycleway",
        "lit": "yes",
        "surface": "asphalt",
        "width": "1.5"
      },
      "geometry": {
        "type": "LineString",
        "coordinates": [
          [
            8.508439,
            47.4195073
          ],
          [
            8.5082546,
            47.4195248
          ]
        ]
      },
      "id": "way/595145704"
    },
    {
      "type": "Feature",
      "properties": {
        "@id": "way/595655808",
        "bicycle": "designated",
        "cycleway": "track",
        "foot": "no",
        "highway": "cycleway",
        "oneway": "yes",
        "smoothness": "excellent",
        "surface": "asphalt"
      },
      "geometry": {
        "type": "LineString",
        "coordinates": [
          [
            8.5419675,
            47.3797284
          ],
          [
            8.5420929,
            47.3796836
          ]
        ]
      },
      "id": "way/595655808"
    },
    {
      "type": "Feature",
      "properties": {
        "@id": "way/598615463",
        "foot": "no",
        "highway": "cycleway",
        "lit": "yes",
        "oneway": "yes",
        "smoothness": "good",
        "surface": "asphalt"
      },
      "geometry": {
        "type": "LineString",
        "coordinates": [
          [
            8.545873,
            47.3746636
          ],
          [
            8.545884,
            47.3747663
          ]
        ]
      },
      "id": "way/598615463"
    },
    {
      "type": "Feature",
      "properties": {
        "@id": "way/599784647",
        "bicycle": "designated",
        "foot": "designated",
        "highway": "cycleway",
        "lit": "yes",
        "oneway": "yes",
        "segregated": "no",
        "surface": "asphalt"
      },
      "geometry": {
        "type": "LineString",
        "coordinates": [
          [
            8.5655923,
            47.4161387
          ],
          [
            8.5656384,
            47.416208
          ],
          [
            8.5655822,
            47.4162755
          ],
          [
            8.5655615,
            47.4163162
          ],
          [
            8.5655539,
            47.4163381
          ],
          [
            8.5655521,
            47.416363
          ]
        ]
      },
      "id": "way/599784647"
    },
    {
      "type": "Feature",
      "properties": {
        "@id": "way/601078963",
        "highway": "cycleway",
        "lit": "yes",
        "oneway": "yes",
        "surface": "asphalt",
        "width": "1"
      },
      "geometry": {
        "type": "LineString",
        "coordinates": [
          [
            8.5349007,
            47.3869744
          ],
          [
            8.5350015,
            47.386846
          ],
          [
            8.5350059,
            47.3868404
          ]
        ]
      },
      "id": "way/601078963"
    },
    {
      "type": "Feature",
      "properties": {
        "@id": "way/601078971",
        "bridge": "yes",
        "highway": "cycleway",
        "layer": "1",
        "lcn": "yes",
        "lit": "yes",
        "oneway": "yes",
        "surface": "asphalt"
      },
      "geometry": {
        "type": "LineString",
        "coordinates": [
          [
            8.4930086,
            47.3931004
          ],
          [
            8.4930091,
            47.3931327
          ],
          [
            8.4930447,
            47.3932288
          ],
          [
            8.4930896,
            47.3933498
          ],
          [
            8.4931236,
            47.3934411
          ],
          [
            8.4931387,
            47.3934613
          ]
        ]
      },
      "id": "way/601078971"
    },
    {
      "type": "Feature",
      "properties": {
        "@id": "way/601078972",
        "bridge": "yes",
        "highway": "cycleway",
        "layer": "1",
        "lcn": "yes",
        "lit": "yes",
        "oneway": "yes",
        "smoothness": "good",
        "surface": "asphalt"
      },
      "geometry": {
        "type": "LineString",
        "coordinates": [
          [
            8.4928815,
            47.3934077
          ],
          [
            8.4928821,
            47.3933764
          ],
          [
            8.4928464,
            47.3932796
          ],
          [
            8.4928228,
            47.3932158
          ],
          [
            8.4927981,
            47.3931481
          ],
          [
            8.4927744,
            47.3931225
          ]
        ]
      },
      "id": "way/601078972"
    },
    {
      "type": "Feature",
      "properties": {
        "@id": "way/601718650",
        "highway": "cycleway",
        "lit": "yes",
        "oneway": "yes",
        "surface": "asphalt"
      },
      "geometry": {
        "type": "LineString",
        "coordinates": [
          [
            8.5459565,
            47.3667585
          ],
          [
            8.5459166,
            47.3667502
          ]
        ]
      },
      "id": "way/601718650"
    },
    {
      "type": "Feature",
      "properties": {
        "@id": "way/603005457",
        "highway": "cycleway",
        "lcn": "yes",
        "oneway": "yes",
        "smoothness": "excellent",
        "surface": "asphalt",
        "width": "2"
      },
      "geometry": {
        "type": "LineString",
        "coordinates": [
          [
            8.5219405,
            47.3906958
          ],
          [
            8.5220194,
            47.3906377
          ]
        ]
      },
      "id": "way/603005457"
    },
    {
      "type": "Feature",
      "properties": {
        "@id": "way/603005468",
        "highway": "cycleway",
        "lcn": "yes",
        "lit": "yes",
        "oneway": "yes",
        "surface": "asphalt"
      },
      "geometry": {
        "type": "LineString",
        "coordinates": [
          [
            8.5241181,
            47.3925794
          ],
          [
            8.5240335,
            47.3925466
          ]
        ]
      },
      "id": "way/603005468"
    },
    {
      "type": "Feature",
      "properties": {
        "@id": "way/604252644",
        "highway": "cycleway",
        "horse": "no",
        "lit": "yes",
        "motor_vehicle": "no",
        "name": "Marie-Heim-Vögtlin-Weg",
        "name:etymology:wikidata": "Q117598",
        "name:etymology:wikipedia": "Marie_Heim-Vögtlin",
        "old_name": "Margaretenweg",
        "surface": "asphalt",
        "width": "3",
        "wikidata": "Q27325677"
      },
      "geometry": {
        "type": "LineString",
        "coordinates": [
          [
            8.4972361,
            47.3650179
          ],
          [
            8.4970732,
            47.3650069
          ],
          [
            8.4961311,
            47.3649961
          ]
        ]
      },
      "id": "way/604252644"
    },
    {
      "type": "Feature",
      "properties": {
        "@id": "way/605313523",
        "highway": "cycleway",
        "lcn": "yes",
        "lit": "yes",
        "oneway": "yes",
        "smoothness": "good",
        "surface": "asphalt"
      },
      "geometry": {
        "type": "LineString",
        "coordinates": [
          [
            8.5343348,
            47.3486897
          ],
          [
            8.5344541,
            47.3488321
          ]
        ]
      },
      "id": "way/605313523"
    },
    {
      "type": "Feature",
      "properties": {
        "@id": "way/606215162",
        "highway": "cycleway",
        "lcn": "yes",
        "lit": "yes",
        "oneway": "yes",
        "surface": "asphalt"
      },
      "geometry": {
        "type": "LineString",
        "coordinates": [
          [
            8.5433284,
            47.4000363
          ],
          [
            8.5433522,
            47.4000768
          ]
        ]
      },
      "id": "way/606215162"
    },
    {
      "type": "Feature",
      "properties": {
        "@id": "way/606215168",
        "check_date:surface": "2026-02-01",
        "highway": "cycleway",
        "lcn": "yes",
        "lit": "yes",
        "oneway": "yes",
        "smoothness": "good",
        "surface": "asphalt",
        "width": "1"
      },
      "geometry": {
        "type": "LineString",
        "coordinates": [
          [
            8.5419284,
            47.3982955
          ],
          [
            8.5420553,
            47.3983213
          ]
        ]
      },
      "id": "way/606215168"
    },
    {
      "type": "Feature",
      "properties": {
        "@id": "way/606768147",
        "bridge": "yes",
        "highway": "cycleway",
        "layer": "1",
        "lcn": "yes",
        "lit": "yes",
        "oneway": "yes",
        "surface": "asphalt"
      },
      "geometry": {
        "type": "LineString",
        "coordinates": [
          [
            8.5231364,
            47.3602094
          ],
          [
            8.5231308,
            47.3601957
          ],
          [
            8.5230884,
            47.3600896
          ]
        ]
      },
      "id": "way/606768147"
    },
    {
      "type": "Feature",
      "properties": {
        "@id": "way/607424761",
        "foot": "no",
        "highway": "cycleway",
        "lcn": "yes",
        "lit": "yes",
        "surface": "asphalt"
      },
      "geometry": {
        "type": "LineString",
        "coordinates": [
          [
            8.5715602,
            47.3814521
          ],
          [
            8.5716043,
            47.3813036
          ]
        ]
      },
      "id": "way/607424761"
    },
    {
      "type": "Feature",
      "properties": {
        "@id": "way/607434901",
        "highway": "cycleway",
        "surface": "asphalt",
        "width": "1"
      },
      "geometry": {
        "type": "LineString",
        "coordinates": [
          [
            8.5355294,
            47.3577611
          ],
          [
            8.5356681,
            47.3577628
          ]
        ]
      },
      "id": "way/607434901"
    },
    {
      "type": "Feature",
      "properties": {
        "@id": "way/609039473",
        "foot": "no",
        "highway": "cycleway",
        "lit": "yes",
        "oneway": "yes",
        "smoothness": "excellent",
        "surface": "asphalt"
      },
      "geometry": {
        "type": "LineString",
        "coordinates": [
          [
            8.5478894,
            47.4032255
          ],
          [
            8.5478489,
            47.4031718
          ]
        ]
      },
      "id": "way/609039473"
    },
    {
      "type": "Feature",
      "properties": {
        "@id": "way/609261203",
        "highway": "cycleway",
        "lit": "no",
        "oneway": "no",
        "surface": "asphalt"
      },
      "geometry": {
        "type": "LineString",
        "coordinates": [
          [
            8.5259259,
            47.3511181
          ],
          [
            8.5258852,
            47.3511727
          ]
        ]
      },
      "id": "way/609261203"
    },
    {
      "type": "Feature",
      "properties": {
        "@id": "way/609696072",
        "highway": "cycleway",
        "lcn": "yes",
        "lit": "yes",
        "surface": "asphalt"
      },
      "geometry": {
        "type": "LineString",
        "coordinates": [
          [
            8.5666994,
            47.3638478
          ],
          [
            8.5667413,
            47.36391
          ]
        ]
      },
      "id": "way/609696072"
    },
    {
      "type": "Feature",
      "properties": {
        "@id": "way/609715184",
        "highway": "cycleway",
        "lit": "yes",
        "oneway": "yes",
        "smoothness": "good",
        "surface": "asphalt"
      },
      "geometry": {
        "type": "LineString",
        "coordinates": [
          [
            8.5143878,
            47.3824095
          ],
          [
            8.5145112,
            47.3824605
          ],
          [
            8.5145191,
            47.3824638
          ],
          [
            8.5146386,
            47.3825246
          ],
          [
            8.5147156,
            47.3825691
          ]
        ]
      },
      "id": "way/609715184"
    },
    {
      "type": "Feature",
      "properties": {
        "@id": "way/609715185",
        "highway": "cycleway",
        "lit": "yes",
        "oneway": "yes",
        "smoothness": "excellent",
        "surface": "asphalt",
        "width": "1"
      },
      "geometry": {
        "type": "LineString",
        "coordinates": [
          [
            8.5144599,
            47.3826275
          ],
          [
            8.5144187,
            47.3825473
          ],
          [
            8.5143878,
            47.3824095
          ]
        ]
      },
      "id": "way/609715185"
    },
    {
      "type": "Feature",
      "properties": {
        "@id": "way/609715194",
        "fixme": "check bicycle connections",
        "highway": "cycleway",
        "oneway": "yes",
        "smoothness": "excellent",
        "surface": "asphalt"
      },
      "geometry": {
        "type": "LineString",
        "coordinates": [
          [
            8.5112369,
            47.3791689
          ],
          [
            8.5110933,
            47.3791599
          ]
        ]
      },
      "id": "way/609715194"
    },
    {
      "type": "Feature",
      "properties": {
        "@id": "way/609924733",
        "highway": "cycleway",
        "lcn": "yes",
        "surface": "asphalt"
      },
      "geometry": {
        "type": "LineString",
        "coordinates": [
          [
            8.5353907,
            47.3625493
          ],
          [
            8.5353661,
            47.3625497
          ],
          [
            8.5352655,
            47.3625517
          ]
        ]
      },
      "id": "way/609924733"
    },
    {
      "type": "Feature",
      "properties": {
        "@id": "way/609970355",
        "highway": "cycleway",
        "lit": "yes",
        "smoothness": "good",
        "surface": "asphalt",
        "width": "3"
      },
      "geometry": {
        "type": "LineString",
        "coordinates": [
          [
            8.5334307,
            47.3738227
          ],
          [
            8.5333909,
            47.3738506
          ],
          [
            8.5333181,
            47.3738885
          ]
        ]
      },
      "id": "way/609970355"
    },
    {
      "type": "Feature",
      "properties": {
        "@id": "way/610702592",
        "highway": "cycleway",
        "lcn": "yes",
        "lit": "yes",
        "oneway": "yes",
        "smoothness": "good",
        "surface": "asphalt"
      },
      "geometry": {
        "type": "LineString",
        "coordinates": [
          [
            8.517954,
            47.3325632
          ],
          [
            8.5178444,
            47.3325513
          ]
        ]
      },
      "id": "way/610702592"
    },
    {
      "type": "Feature",
      "properties": {
        "@id": "way/617197546",
        "highway": "cycleway",
        "lit": "yes",
        "oneway": "yes",
        "smoothness": "good",
        "surface": "asphalt",
        "width": "1"
      },
      "geometry": {
        "type": "LineString",
        "coordinates": [
          [
            8.5177436,
            47.3921178
          ],
          [
            8.5177671,
            47.3920938
          ]
        ]
      },
      "id": "way/617197546"
    },
    {
      "type": "Feature",
      "properties": {
        "@id": "way/617197568",
        "highway": "cycleway",
        "lcn": "yes",
        "lit": "yes",
        "oneway": "yes",
        "surface": "asphalt"
      },
      "geometry": {
        "type": "LineString",
        "coordinates": [
          [
            8.5134478,
            47.3918415
          ],
          [
            8.5132662,
            47.3918271
          ]
        ]
      },
      "id": "way/617197568"
    },
    {
      "type": "Feature",
      "properties": {
        "@id": "way/617507866",
        "highway": "cycleway",
        "lit": "yes",
        "oneway": "yes",
        "surface": "asphalt"
      },
      "geometry": {
        "type": "LineString",
        "coordinates": [
          [
            8.5398778,
            47.3902312
          ],
          [
            8.5397769,
            47.3902922
          ]
        ]
      },
      "id": "way/617507866"
    },
    {
      "type": "Feature",
      "properties": {
        "@id": "way/617507867",
        "bicycle": "designated",
        "foot": "designated",
        "highway": "cycleway",
        "lit": "yes",
        "segregated": "no",
        "surface": "asphalt"
      },
      "geometry": {
        "type": "LineString",
        "coordinates": [
          [
            8.5404966,
            47.3888432
          ],
          [
            8.5404723,
            47.3888965
          ],
          [
            8.540462,
            47.388919
          ],
          [
            8.5404512,
            47.3889417
          ],
          [
            8.540383,
            47.3890776
          ],
          [
            8.5402664,
            47.3893324
          ],
          [
            8.5401499,
            47.3895873
          ],
          [
            8.539964,
            47.3900032
          ],
          [
            8.5398778,
            47.3902312
          ]
        ]
      },
      "id": "way/617507867"
    },
    {
      "type": "Feature",
      "properties": {
        "@id": "way/617507868",
        "bicycle": "designated",
        "foot": "designated",
        "highway": "cycleway",
        "lit": "yes",
        "segregated": "no",
        "surface": "asphalt"
      },
      "geometry": {
        "type": "LineString",
        "coordinates": [
          [
            8.5406819,
            47.3884428
          ],
          [
            8.5406679,
            47.3884755
          ],
          [
            8.5406479,
            47.3885146
          ],
          [
            8.5406346,
            47.3885428
          ]
        ]
      },
      "id": "way/617507868"
    },
    {
      "type": "Feature",
      "properties": {
        "@id": "way/617507869",
        "bicycle": "designated",
        "foot": "designated",
        "highway": "cycleway",
        "lit": "yes",
        "segregated": "no",
        "surface": "asphalt"
      },
      "geometry": {
        "type": "LineString",
        "coordinates": [
          [
            8.5415761,
            47.3867559
          ],
          [
            8.5415629,
            47.3867766
          ],
          [
            8.5413144,
            47.3871711
          ],
          [
            8.5410963,
            47.3874955
          ],
          [
            8.5410511,
            47.3875834
          ],
          [
            8.5409233,
            47.3878323
          ],
          [
            8.5407744,
            47.3882268
          ],
          [
            8.5407471,
            47.3882969
          ],
          [
            8.5407245,
            47.3883578
          ],
          [
            8.5406819,
            47.3884428
          ]
        ]
      },
      "id": "way/617507869"
    },
    {
      "type": "Feature",
      "properties": {
        "@id": "way/617507871",
        "highway": "cycleway",
        "lit": "yes",
        "oneway": "yes",
        "surface": "asphalt"
      },
      "geometry": {
        "type": "LineString",
        "coordinates": [
          [
            8.541561,
            47.3866835
          ],
          [
            8.5415761,
            47.3867559
          ]
        ]
      },
      "id": "way/617507871"
    },
    {
      "type": "Feature",
      "properties": {
        "@id": "way/617507887",
        "highway": "cycleway",
        "lit": "yes",
        "oneway": "yes",
        "surface": "asphalt"
      },
      "geometry": {
        "type": "LineString",
        "coordinates": [
          [
            8.5400124,
            47.3903918
          ],
          [
            8.5400169,
            47.3903112
          ]
        ]
      },
      "id": "way/617507887"
    },
    {
      "type": "Feature",
      "properties": {
        "@id": "way/617507889",
        "highway": "cycleway",
        "oneway": "yes",
        "smoothness": "excellent",
        "surface": "asphalt",
        "width": "1"
      },
      "geometry": {
        "type": "LineString",
        "coordinates": [
          [
            8.5412655,
            47.3893474
          ],
          [
            8.5414405,
            47.3892955
          ]
        ]
      },
      "id": "way/617507889"
    },
    {
      "type": "Feature",
      "properties": {
        "@id": "way/617525483",
        "highway": "cycleway",
        "lcn": "yes",
        "lit": "yes",
        "surface": "sett"
      },
      "geometry": {
        "type": "LineString",
        "coordinates": [
          [
            8.5007203,
            47.4028243
          ],
          [
            8.5006396,
            47.4028788
          ]
        ]
      },
      "id": "way/617525483"
    },
    {
      "type": "Feature",
      "properties": {
        "@id": "way/618024681",
        "highway": "cycleway",
        "lit": "yes",
        "surface": "asphalt"
      },
      "geometry": {
        "type": "LineString",
        "coordinates": [
          [
            8.5431852,
            47.3964085
          ],
          [
            8.5432983,
            47.3964632
          ]
        ]
      },
      "id": "way/618024681"
    },
    {
      "type": "Feature",
      "properties": {
        "@id": "way/618557065",
        "highway": "cycleway",
        "lit": "yes",
        "smoothness": "excellent",
        "surface": "asphalt",
        "width": "4"
      },
      "geometry": {
        "type": "LineString",
        "coordinates": [
          [
            8.4866987,
            47.3897463
          ],
          [
            8.4868168,
            47.3897352
          ]
        ]
      },
      "id": "way/618557065"
    },
    {
      "type": "Feature",
      "properties": {
        "@id": "way/619779812",
        "bicycle": "designated",
        "foot": "designated",
        "highway": "cycleway",
        "segregated": "yes",
        "smoothness": "excellent",
        "surface": "asphalt"
      },
      "geometry": {
        "type": "LineString",
        "coordinates": [
          [
            8.5221135,
            47.3632028
          ],
          [
            8.5222343,
            47.3627461
          ],
          [
            8.5223065,
            47.3623815
          ]
        ]
      },
      "id": "way/619779812"
    },
    {
      "type": "Feature",
      "properties": {
        "@id": "way/622318246",
        "bridge": "yes",
        "highway": "cycleway",
        "layer": "1",
        "lcn": "yes",
        "lit": "yes",
        "oneway": "yes",
        "smoothness": "good",
        "surface": "asphalt",
        "width": "1"
      },
      "geometry": {
        "type": "LineString",
        "coordinates": [
          [
            8.491915,
            47.3907799
          ],
          [
            8.4918658,
            47.3906487
          ],
          [
            8.4918408,
            47.3905809
          ]
        ]
      },
      "id": "way/622318246"
    },
    {
      "type": "Feature",
      "properties": {
        "@id": "way/622318252",
        "bridge": "yes",
        "highway": "cycleway",
        "layer": "1",
        "lcn": "yes",
        "lit": "yes",
        "oneway": "yes",
        "smoothness": "good",
        "surface": "asphalt"
      },
      "geometry": {
        "type": "LineString",
        "coordinates": [
          [
            8.493328,
            47.3939773
          ],
          [
            8.4933279,
            47.3939957
          ],
          [
            8.49336,
            47.3940814
          ],
          [
            8.4934094,
            47.3942136
          ],
          [
            8.4934441,
            47.3943064
          ],
          [
            8.4934587,
            47.394326
          ]
        ]
      },
      "id": "way/622318252"
    },
    {
      "type": "Feature",
      "properties": {
        "@id": "way/622318254",
        "bridge": "yes",
        "highway": "cycleway",
        "layer": "1",
        "lcn": "yes",
        "lit": "yes",
        "oneway": "yes",
        "smoothness": "excellent",
        "surface": "asphalt"
      },
      "geometry": {
        "type": "LineString",
        "coordinates": [
          [
            8.4932451,
            47.3943888
          ],
          [
            8.4932454,
            47.3943604
          ],
          [
            8.4931839,
            47.3941942
          ],
          [
            8.4931565,
            47.3941211
          ],
          [
            8.4931237,
            47.3940316
          ],
          [
            8.4931102,
            47.3940146
          ]
        ]
      },
      "id": "way/622318254"
    },
    {
      "type": "Feature",
      "properties": {
        "@id": "way/622318306",
        "highway": "cycleway",
        "oneway": "yes"
      },
      "geometry": {
        "type": "LineString",
        "coordinates": [
          [
            8.4721304,
            47.3942875
          ],
          [
            8.4720115,
            47.394242
          ]
        ]
      },
      "id": "way/622318306"
    },
    {
      "type": "Feature",
      "properties": {
        "@id": "way/622787508",
        "highway": "cycleway",
        "lit": "yes",
        "smoothness": "excellent",
        "source:width": "ARCore",
        "surface": "asphalt",
        "width": "1.7"
      },
      "geometry": {
        "type": "LineString",
        "coordinates": [
          [
            8.5406346,
            47.3885428
          ],
          [
            8.5406175,
            47.3886558
          ],
          [
            8.5405746,
            47.3887525
          ],
          [
            8.5404966,
            47.3888432
          ]
        ]
      },
      "id": "way/622787508"
    },
    {
      "type": "Feature",
      "properties": {
        "@id": "way/623124400",
        "highway": "cycleway",
        "lit": "yes",
        "oneway": "yes",
        "surface": "asphalt"
      },
      "geometry": {
        "type": "LineString",
        "coordinates": [
          [
            8.4736407,
            47.3981886
          ],
          [
            8.4735792,
            47.3983175
          ]
        ]
      },
      "id": "way/623124400"
    },
    {
      "type": "Feature",
      "properties": {
        "@id": "way/623565250",
        "foot": "no",
        "highway": "cycleway",
        "incline": "0%",
        "lit": "yes",
        "oneway": "yes",
        "smoothness": "excellent",
        "surface": "asphalt",
        "width": "1.20 m"
      },
      "geometry": {
        "type": "LineString",
        "coordinates": [
          [
            8.547272,
            47.3731692
          ],
          [
            8.546518,
            47.3740552
          ],
          [
            8.5465157,
            47.3740669
          ],
          [
            8.5460262,
            47.374646
          ],
          [
            8.5459798,
            47.3747009
          ],
          [
            8.5459205,
            47.3747774
          ],
          [
            8.5458884,
            47.3747986
          ]
        ]
      },
      "id": "way/623565250"
    },
    {
      "type": "Feature",
      "properties": {
        "@id": "way/624776977",
        "highway": "cycleway",
        "lit": "yes",
        "name": "Viktoriaweg",
        "name:etymology:wikidata": "Q308902",
        "name:etymology:wikipedia": "de:Victoria_(Mythologie)",
        "surface": "asphalt",
        "wikidata": "Q27321746"
      },
      "geometry": {
        "type": "LineString",
        "coordinates": [
          [
            8.5522448,
            47.4021497
          ],
          [
            8.5521441,
            47.4021712
          ]
        ]
      },
      "id": "way/624776977"
    },
    {
      "type": "Feature",
      "properties": {
        "@id": "way/660302760",
        "bicycle": "yes",
        "foot": "designated",
        "highway": "cycleway",
        "horse": "yes",
        "lit": "no",
        "motor_vehicle": "no",
        "segregated": "no",
        "smoothness": "excellent",
        "surface": "asphalt"
      },
      "geometry": {
        "type": "LineString",
        "coordinates": [
          [
            8.4826734,
            47.4205508
          ],
          [
            8.4824487,
            47.420734
          ],
          [
            8.482226,
            47.420891
          ],
          [
            8.4796079,
            47.4223682
          ]
        ]
      },
      "id": "way/660302760"
    },
    {
      "type": "Feature",
      "properties": {
        "@id": "way/671233393",
        "foot": "no",
        "highway": "cycleway",
        "lit": "yes",
        "oneway": "yes",
        "oneway:bicycle": "yes",
        "smoothness": "excellent",
        "surface": "asphalt",
        "width": "1"
      },
      "geometry": {
        "type": "LineString",
        "coordinates": [
          [
            8.541842,
            47.3772215
          ],
          [
            8.5418825,
            47.3772572
          ],
          [
            8.5419157,
            47.3773969
          ],
          [
            8.5419298,
            47.3775989
          ],
          [
            8.5419204,
            47.377692
          ],
          [
            8.5418979,
            47.3777995
          ],
          [
            8.5418623,
            47.3778597
          ]
        ]
      },
      "id": "way/671233393"
    },
    {
      "type": "Feature",
      "properties": {
        "@id": "way/671969644",
        "highway": "cycleway",
        "lcn": "yes",
        "lit": "yes",
        "oneway": "yes",
        "surface": "paving_stones"
      },
      "geometry": {
        "type": "LineString",
        "coordinates": [
          [
            8.5456789,
            47.3665731
          ],
          [
            8.5456579,
            47.3666481
          ]
        ]
      },
      "id": "way/671969644"
    },
    {
      "type": "Feature",
      "properties": {
        "@id": "way/673676280",
        "highway": "cycleway",
        "lit": "yes",
        "note": "oneway inferred because only signed northbound, not southbound",
        "oneway": "yes",
        "source:width": "ARCore",
        "surface": "asphalt",
        "width": "3.8"
      },
      "geometry": {
        "type": "LineString",
        "coordinates": [
          [
            8.5458307,
            47.3651549
          ],
          [
            8.5457366,
            47.3653196
          ],
          [
            8.5453219,
            47.3660267
          ],
          [
            8.5452715,
            47.3661126
          ],
          [
            8.5452381,
            47.3661798
          ],
          [
            8.5452274,
            47.3662208
          ],
          [
            8.5452298,
            47.3662772
          ],
          [
            8.545241,
            47.3663313
          ]
        ]
      },
      "id": "way/673676280"
    },
    {
      "type": "Feature",
      "properties": {
        "@id": "way/675320130",
        "bicycle": "dismount",
        "highway": "cycleway",
        "lit": "yes",
        "smoothness": "excellent",
        "surface": "asphalt",
        "width": "3"
      },
      "geometry": {
        "type": "LineString",
        "coordinates": [
          [
            8.5412177,
            47.3785683
          ],
          [
            8.5413496,
            47.3786024
          ]
        ]
      },
      "id": "way/675320130"
    },
    {
      "type": "Feature",
      "properties": {
        "@id": "way/683225867",
        "bridge": "yes",
        "highway": "cycleway",
        "layer": "1",
        "lcn": "yes",
        "lit": "yes",
        "oneway": "yes",
        "smoothness": "good",
        "surface": "asphalt",
        "width": "1"
      },
      "geometry": {
        "type": "LineString",
        "coordinates": [
          [
            8.494902,
            47.3982413
          ],
          [
            8.4948577,
            47.3982903
          ]
        ]
      },
      "id": "way/683225867"
    },
    {
      "type": "Feature",
      "properties": {
        "@id": "way/683225868",
        "highway": "cycleway",
        "lcn": "yes",
        "lit": "yes",
        "oneway": "yes",
        "smoothness": "good",
        "surface": "asphalt"
      },
      "geometry": {
        "type": "LineString",
        "coordinates": [
          [
            8.4953531,
            47.3997822
          ],
          [
            8.4952635,
            47.399778
          ],
          [
            8.4952257,
            47.3997716
          ],
          [
            8.4951098,
            47.3997088
          ]
        ]
      },
      "id": "way/683225868"
    },
    {
      "type": "Feature",
      "properties": {
        "@id": "way/683225871",
        "highway": "cycleway",
        "lcn": "yes",
        "lit": "yes",
        "oneway": "yes",
        "smoothness": "good",
        "surface": "asphalt"
      },
      "geometry": {
        "type": "LineString",
        "coordinates": [
          [
            8.494763,
            47.3986516
          ],
          [
            8.4946475,
            47.398528
          ]
        ]
      },
      "id": "way/683225871"
    },
    {
      "type": "Feature",
      "properties": {
        "@id": "way/683225873",
        "bridge": "yes",
        "highway": "cycleway",
        "layer": "1",
        "lcn": "yes",
        "lit": "yes",
        "oneway": "yes",
        "smoothness": "good",
        "surface": "asphalt",
        "width": "1"
      },
      "geometry": {
        "type": "LineString",
        "coordinates": [
          [
            8.4948332,
            47.3987229
          ],
          [
            8.4948364,
            47.39869
          ],
          [
            8.4947858,
            47.3985327
          ],
          [
            8.4947396,
            47.3983656
          ],
          [
            8.4946349,
            47.3980847
          ],
          [
            8.4945979,
            47.3980502
          ]
        ]
      },
      "id": "way/683225873"
    },
    {
      "type": "Feature",
      "properties": {
        "@id": "way/683490098",
        "highway": "cycleway",
        "lit": "no",
        "oneway": "yes",
        "surface": "asphalt"
      },
      "geometry": {
        "type": "LineString",
        "coordinates": [
          [
            8.5247352,
            47.3527037
          ],
          [
            8.5247008,
            47.3526123
          ]
        ]
      },
      "id": "way/683490098"
    },
    {
      "type": "Feature",
      "properties": {
        "@id": "way/683495762",
        "highway": "cycleway",
        "oneway": "yes",
        "surface": "asphalt",
        "width": "1"
      },
      "geometry": {
        "type": "LineString",
        "coordinates": [
          [
            8.5357082,
            47.3575066
          ],
          [
            8.5356366,
            47.3574596
          ]
        ]
      },
      "id": "way/683495762"
    },
    {
      "type": "Feature",
      "properties": {
        "@id": "way/683495766",
        "highway": "cycleway",
        "lcn": "yes",
        "lit": "yes",
        "oneway": "yes",
        "surface": "asphalt"
      },
      "geometry": {
        "type": "LineString",
        "coordinates": [
          [
            8.5344739,
            47.3451361
          ],
          [
            8.5345278,
            47.345263
          ]
        ]
      },
      "id": "way/683495766"
    },
    {
      "type": "Feature",
      "properties": {
        "@id": "way/691027636",
        "highway": "cycleway",
        "lit": "yes",
        "surface": "asphalt"
      },
      "geometry": {
        "type": "LineString",
        "coordinates": [
          [
            8.543169,
            47.4109712
          ],
          [
            8.5432666,
            47.4109293
          ]
        ]
      },
      "id": "way/691027636"
    },
    {
      "type": "Feature",
      "properties": {
        "@id": "way/704135443",
        "highway": "cycleway",
        "smoothness": "good",
        "surface": "asphalt"
      },
      "geometry": {
        "type": "LineString",
        "coordinates": [
          [
            8.4741832,
            47.3932294
          ],
          [
            8.4741451,
            47.3931764
          ],
          [
            8.4741351,
            47.3931624
          ],
          [
            8.4741255,
            47.393149
          ],
          [
            8.4740866,
            47.3930949
          ]
        ]
      },
      "id": "way/704135443"
    },
    {
      "type": "Feature",
      "properties": {
        "@id": "way/708073577",
        "highway": "cycleway",
        "lit": "yes",
        "smoothness": "good",
        "surface": "asphalt"
      },
      "geometry": {
        "type": "LineString",
        "coordinates": [
          [
            8.4910852,
            47.4029696
          ],
          [
            8.4910209,
            47.40293
          ],
          [
            8.4910024,
            47.4029187
          ]
        ]
      },
      "id": "way/708073577"
    },
    {
      "type": "Feature",
      "properties": {
        "@id": "way/710853342",
        "bicycle": "yes",
        "foot": "yes",
        "hazard": "pedestrians",
        "highway": "cycleway",
        "horse": "no",
        "mtb": "yes",
        "mtb:scale": "1",
        "mtb_trail_type": "freeride",
        "name": "Adlisberg Trail",
        "oneway": "yes",
        "surface": "ground",
        "trail_visibility": "good"
      },
      "geometry": {
        "type": "LineString",
        "coordinates": [
          [
            8.5795667,
            47.3670056
          ],
          [
            8.5795268,
            47.3669592
          ]
        ]
      },
      "id": "way/710853342"
    },
    {
      "type": "Feature",
      "properties": {
        "@id": "way/713142144",
        "highway": "cycleway",
        "lcn": "yes",
        "oneway": "yes",
        "surface": "asphalt"
      },
      "geometry": {
        "type": "LineString",
        "coordinates": [
          [
            8.5342807,
            47.3554327
          ],
          [
            8.5343649,
            47.355352
          ]
        ]
      },
      "id": "way/713142144"
    },
    {
      "type": "Feature",
      "properties": {
        "@id": "way/713142146",
        "highway": "cycleway",
        "lit": "yes",
        "oneway": "yes",
        "surface": "asphalt",
        "width": "1.4"
      },
      "geometry": {
        "type": "LineString",
        "coordinates": [
          [
            8.5344821,
            47.358944
          ],
          [
            8.5344053,
            47.3588439
          ]
        ]
      },
      "id": "way/713142146"
    },
    {
      "type": "Feature",
      "properties": {
        "@id": "way/722465275",
        "foot": "yes",
        "highway": "cycleway"
      },
      "geometry": {
        "type": "LineString",
        "coordinates": [
          [
            8.5057747,
            47.407492
          ],
          [
            8.5057395,
            47.4074428
          ]
        ]
      },
      "id": "way/722465275"
    },
    {
      "type": "Feature",
      "properties": {
        "@id": "way/737655606",
        "highway": "cycleway",
        "lit": "yes",
        "oneway": "yes",
        "smoothness": "excellent",
        "surface": "asphalt"
      },
      "geometry": {
        "type": "LineString",
        "coordinates": [
          [
            8.5476423,
            47.4191787
          ],
          [
            8.5474616,
            47.4191109
          ]
        ]
      },
      "id": "way/737655606"
    },
    {
      "type": "Feature",
      "properties": {
        "@id": "way/737655607",
        "highway": "cycleway",
        "lit": "yes",
        "oneway": "yes",
        "smoothness": "excellent",
        "surface": "asphalt"
      },
      "geometry": {
        "type": "LineString",
        "coordinates": [
          [
            8.5475987,
            47.4190053
          ],
          [
            8.5476423,
            47.4191787
          ]
        ]
      },
      "id": "way/737655607"
    },
    {
      "type": "Feature",
      "properties": {
        "@id": "way/745075216",
        "check_date:surface": "2026-03-21",
        "foot": "no",
        "highway": "cycleway",
        "lit": "yes",
        "oneway": "yes",
        "smoothness": "good",
        "surface": "asphalt",
        "width": "1.3"
      },
      "geometry": {
        "type": "LineString",
        "coordinates": [
          [
            8.5305352,
            47.3417697
          ],
          [
            8.5306195,
            47.3417527
          ],
          [
            8.5307029,
            47.3417367
          ],
          [
            8.5308349,
            47.3417871
          ]
        ]
      },
      "id": "way/745075216"
    },
    {
      "type": "Feature",
      "properties": {
        "@id": "way/746204925",
        "bicycle": "yes",
        "foot": "no",
        "hazard": "pedestrians",
        "highway": "cycleway",
        "horse": "no",
        "lit": "no",
        "mtb": "yes",
        "mtb:scale": "1",
        "mtb_trail_type": "freeride",
        "name": "Adlisberg Trail",
        "oneway": "yes",
        "surface": "ground",
        "trail_visibility": "good",
        "width": "1.5"
      },
      "geometry": {
        "type": "LineString",
        "coordinates": [
          [
            8.5795268,
            47.3669592
          ],
          [
            8.5794899,
            47.3668846
          ],
          [
            8.579361,
            47.3667934
          ],
          [
            8.5793398,
            47.3667409
          ]
        ]
      },
      "id": "way/746204925"
    },
    {
      "type": "Feature",
      "properties": {
        "@id": "way/746782147",
        "foot": "no",
        "highway": "cycleway",
        "lit": "yes",
        "oneway": "yes",
        "smoothness": "excellent",
        "surface": "asphalt",
        "width": "2"
      },
      "geometry": {
        "type": "LineString",
        "coordinates": [
          [
            8.545884,
            47.3747663
          ],
          [
            8.5458884,
            47.3747986
          ],
          [
            8.5457614,
            47.3749767
          ],
          [
            8.5456162,
            47.3752025
          ],
          [
            8.5452773,
            47.3757326
          ],
          [
            8.5450709,
            47.3760543
          ],
          [
            8.5448991,
            47.3763246
          ],
          [
            8.5448613,
            47.3763864
          ],
          [
            8.5447807,
            47.3765183
          ],
          [
            8.5446992,
            47.3765764
          ],
          [
            8.5446099,
            47.3766374
          ]
        ]
      },
      "id": "way/746782147"
    },
    {
      "type": "Feature",
      "properties": {
        "@id": "way/758118662",
        "highway": "cycleway",
        "lcn": "yes",
        "lit": "yes",
        "oneway": "yes",
        "surface": "asphalt"
      },
      "geometry": {
        "type": "LineString",
        "coordinates": [
          [
            8.5509622,
            47.4145832
          ],
          [
            8.5509814,
            47.4144654
          ]
        ]
      },
      "id": "way/758118662"
    },
    {
      "type": "Feature",
      "properties": {
        "@id": "way/764444626",
        "alt_name": "Biketrail Triemli",
        "bicycle": "designated",
        "foot": "no",
        "highway": "cycleway",
        "horse": "no",
        "incline": "down",
        "info": "Viel schlamm, lange trockenzeit.",
        "lit": "no",
        "loc_name": "Antennentrail",
        "mtb": "designated",
        "mtb:scale": "2",
        "mtb_trail_type": "freeride",
        "name": "Triemlitrail",
        "name:gsw": "Üetzgitrail",
        "oneway": "yes",
        "surface": "compacted"
      },
      "geometry": {
        "type": "LineString",
        "coordinates": [
          [
            8.4876142,
            47.3586981
          ],
          [
            8.4876329,
            47.3587243
          ],
          [
            8.4876428,
            47.3587385
          ],
          [
            8.4876441,
            47.358754
          ],
          [
            8.4876408,
            47.3587689
          ],
          [
            8.487635,
            47.3587807
          ],
          [
            8.4876104,
            47.3588222
          ],
          [
            8.4875969,
            47.3588634
          ]
        ]
      },
      "id": "way/764444626"
    },
    {
      "type": "Feature",
      "properties": {
        "@id": "way/764444627",
        "alt_name": "Biketrail Triemli",
        "bicycle": "designated",
        "foot": "no",
        "highway": "cycleway",
        "horse": "no",
        "incline": "down",
        "info": "Viel schlamm, lange trockenzeit.",
        "lit": "no",
        "loc_name": "Antennentrail",
        "mtb": "designated",
        "mtb:scale": "2",
        "mtb_trail_type": "freeride",
        "name": "Triemlitrail",
        "name:gsw": "Üetzgitrail",
        "oneway": "yes",
        "surface": "compacted"
      },
      "geometry": {
        "type": "LineString",
        "coordinates": [
          [
            8.4875119,
            47.3585363
          ],
          [
            8.4875616,
            47.3585668
          ],
          [
            8.487573,
            47.3585816
          ],
          [
            8.4875849,
            47.358604
          ],
          [
            8.4875879,
            47.358615
          ],
          [
            8.4875924,
            47.3586363
          ],
          [
            8.4875953,
            47.3586559
          ],
          [
            8.4876052,
            47.3586805
          ],
          [
            8.4876142,
            47.3586981
          ]
        ]
      },
      "id": "way/764444627"
    },
    {
      "type": "Feature",
      "properties": {
        "@id": "way/764444628",
        "alt_name": "Biketrail Triemli",
        "bicycle": "designated",
        "foot": "no",
        "highway": "cycleway",
        "horse": "no",
        "incline": "down",
        "info": "Viel schlamm, lange trockenzeit.",
        "lit": "no",
        "loc_name": "Antennentrail",
        "mtb": "designated",
        "mtb:scale": "2",
        "mtb_trail_type": "freeride",
        "name": "Triemlitrail",
        "name:gsw": "Üetzgitrail",
        "oneway": "yes",
        "surface": "compacted"
      },
      "geometry": {
        "type": "LineString",
        "coordinates": [
          [
            8.4875892,
            47.3588881
          ],
          [
            8.4875864,
            47.3589066
          ],
          [
            8.4876036,
            47.3589964
          ],
          [
            8.4876254,
            47.359063
          ],
          [
            8.4876226,
            47.3590775
          ],
          [
            8.4876239,
            47.3590902
          ],
          [
            8.4876286,
            47.3590978
          ],
          [
            8.4876374,
            47.3591016
          ],
          [
            8.4876545,
            47.359107
          ],
          [
            8.4876762,
            47.3591104
          ],
          [
            8.4877198,
            47.3591315
          ],
          [
            8.4877644,
            47.359158
          ],
          [
            8.487794,
            47.3591798
          ],
          [
            8.4878301,
            47.3592006
          ],
          [
            8.4878522,
            47.3592163
          ],
          [
            8.4878831,
            47.3592352
          ],
          [
            8.4879067,
            47.3592525
          ],
          [
            8.4879205,
            47.3592658
          ],
          [
            8.4879282,
            47.3592789
          ],
          [
            8.4879314,
            47.3592898
          ],
          [
            8.4879275,
            47.3593007
          ],
          [
            8.4879142,
            47.359309
          ],
          [
            8.4879011,
            47.3593144
          ],
          [
            8.4878092,
            47.3593284
          ],
          [
            8.4877818,
            47.3593354
          ],
          [
            8.4877567,
            47.3593456
          ],
          [
            8.4877415,
            47.3593552
          ],
          [
            8.4877321,
            47.3593718
          ],
          [
            8.4877104,
            47.3595032
          ],
          [
            8.4876608,
            47.3596892
          ],
          [
            8.4876462,
            47.3597408
          ],
          [
            8.4876254,
            47.3597857
          ],
          [
            8.4875927,
            47.3598458
          ],
          [
            8.487554,
            47.3600077
          ],
          [
            8.4875432,
            47.3600916
          ],
          [
            8.4875158,
            47.3602014
          ],
          [
            8.4874947,
            47.3602776
          ],
          [
            8.4874837,
            47.3605055
          ],
          [
            8.4874939,
            47.3605456
          ],
          [
            8.4875085,
            47.3605975
          ],
          [
            8.4875355,
            47.3606295
          ],
          [
            8.4875988,
            47.3606725
          ],
          [
            8.4876461,
            47.360705
          ],
          [
            8.4876661,
            47.3607206
          ],
          [
            8.4876745,
            47.3607389
          ],
          [
            8.4876784,
            47.3607711
          ],
          [
            8.4876746,
            47.3607996
          ],
          [
            8.48764,
            47.3608767
          ],
          [
            8.4875822,
            47.3609868
          ],
          [
            8.4875365,
            47.3610467
          ],
          [
            8.4875183,
            47.3610762
          ],
          [
            8.4875068,
            47.3611016
          ],
          [
            8.4875053,
            47.3611254
          ],
          [
            8.4875091,
            47.3612021
          ],
          [
            8.4875325,
            47.3613184
          ]
        ]
      },
      "id": "way/764444628"
    },
    {
      "type": "Feature",
      "properties": {
        "@id": "way/764444629",
        "alt_name": "Biketrail Triemli",
        "bicycle": "designated",
        "bridge": "yes",
        "foot": "no",
        "highway": "cycleway",
        "horse": "no",
        "incline": "down",
        "info": "Viel schlamm, lange trockenzeit.",
        "layer": "1",
        "lit": "no",
        "loc_name": "Antennentrail",
        "mtb": "designated",
        "mtb:scale": "2",
        "mtb_trail_type": "freeride",
        "name": "Triemlitrail",
        "name:gsw": "Üetzgitrail",
        "oneway": "yes",
        "surface": "compacted"
      },
      "geometry": {
        "type": "LineString",
        "coordinates": [
          [
            8.4875969,
            47.3588634
          ],
          [
            8.4875892,
            47.3588881
          ]
        ]
      },
      "id": "way/764444629"
    },
    {
      "type": "Feature",
      "properties": {
        "@id": "way/775198842",
        "foot": "no",
        "highway": "cycleway",
        "lcn": "yes",
        "lit": "yes",
        "oneway": "yes",
        "surface": "asphalt"
      },
      "geometry": {
        "type": "LineString",
        "coordinates": [
          [
            8.5197118,
            47.3685798
          ],
          [
            8.519664,
            47.3685575
          ]
        ]
      },
      "id": "way/775198842"
    },
    {
      "type": "Feature",
      "properties": {
        "@id": "way/780253952",
        "foot": "no",
        "highway": "cycleway",
        "oneway": "yes",
        "smoothness": "good",
        "surface": "asphalt"
      },
      "geometry": {
        "type": "LineString",
        "coordinates": [
          [
            8.5189577,
            47.391819
          ],
          [
            8.5189384,
            47.3917843
          ],
          [
            8.5189111,
            47.391737
          ],
          [
            8.5188379,
            47.39171
          ]
        ]
      },
      "id": "way/780253952"
    },
    {
      "type": "Feature",
      "properties": {
        "@id": "way/780253957",
        "foot": "no",
        "highway": "cycleway",
        "oneway": "yes",
        "smoothness": "good",
        "surface": "asphalt",
        "width": "1.2"
      },
      "geometry": {
        "type": "LineString",
        "coordinates": [
          [
            8.5180477,
            47.3919446
          ],
          [
            8.5178352,
            47.3919483
          ],
          [
            8.5176946,
            47.3919177
          ]
        ]
      },
      "id": "way/780253957"
    },
    {
      "type": "Feature",
      "properties": {
        "@id": "way/780253958",
        "foot": "no",
        "highway": "cycleway",
        "oneway": "yes",
        "smoothness": "excellent",
        "surface": "asphalt",
        "width": "1"
      },
      "geometry": {
        "type": "LineString",
        "coordinates": [
          [
            8.5162951,
            47.3913649
          ],
          [
            8.5164432,
            47.3913312
          ]
        ]
      },
      "id": "way/780253958"
    },
    {
      "type": "Feature",
      "properties": {
        "@id": "way/780253959",
        "foot": "no",
        "highway": "cycleway",
        "oneway": "yes",
        "smoothness": "excellent",
        "surface": "asphalt",
        "width": "1"
      },
      "geometry": {
        "type": "LineString",
        "coordinates": [
          [
            8.5217353,
            47.3907809
          ],
          [
            8.5219382,
            47.3907818
          ]
        ]
      },
      "id": "way/780253959"
    },
    {
      "type": "Feature",
      "properties": {
        "@id": "way/780253960",
        "foot": "no",
        "highway": "cycleway",
        "oneway": "yes",
        "smoothness": "excellent",
        "surface": "asphalt",
        "width": "1.5"
      },
      "geometry": {
        "type": "LineString",
        "coordinates": [
          [
            8.5222124,
            47.3908199
          ],
          [
            8.5223121,
            47.3907478
          ]
        ]
      },
      "id": "way/780253960"
    },
    {
      "type": "Feature",
      "properties": {
        "@id": "way/780253961",
        "foot": "no",
        "highway": "cycleway",
        "oneway": "yes",
        "surface": "asphalt"
      },
      "geometry": {
        "type": "LineString",
        "coordinates": [
          [
            8.5138319,
            47.3917321
          ],
          [
            8.5137184,
            47.3916549
          ]
        ]
      },
      "id": "way/780253961"
    },
    {
      "type": "Feature",
      "properties": {
        "@id": "way/780253962",
        "foot": "no",
        "highway": "cycleway",
        "oneway": "yes",
        "surface": "asphalt"
      },
      "geometry": {
        "type": "LineString",
        "coordinates": [
          [
            8.5136174,
            47.3916334
          ],
          [
            8.5133353,
            47.3915955
          ]
        ]
      },
      "id": "way/780253962"
    },
    {
      "type": "Feature",
      "properties": {
        "@id": "way/782767549",
        "highway": "cycleway",
        "incline": "up",
        "lcn": "yes",
        "lit": "yes",
        "oneway": "yes",
        "smoothness": "excellent",
        "surface": "asphalt",
        "width": "1"
      },
      "geometry": {
        "type": "LineString",
        "coordinates": [
          [
            8.5452694,
            47.3788261
          ],
          [
            8.545379,
            47.3788021
          ]
        ]
      },
      "id": "way/782767549"
    },
    {
      "type": "Feature",
      "properties": {
        "@id": "way/790787069",
        "highway": "cycleway",
        "lcn": "yes",
        "lit": "yes",
        "oneway": "yes",
        "smoothness": "excellent",
        "surface": "asphalt",
        "width": "1.4"
      },
      "geometry": {
        "type": "LineString",
        "coordinates": [
          [
            8.53835,
            47.4179249
          ],
          [
            8.5383603,
            47.4178839
          ],
          [
            8.5383877,
            47.4178409
          ]
        ]
      },
      "id": "way/790787069"
    },
    {
      "type": "Feature",
      "properties": {
        "@id": "way/813609166",
        "highway": "cycleway",
        "surface": "asphalt"
      },
      "geometry": {
        "type": "LineString",
        "coordinates": [
          [
            8.4959855,
            47.3682064
          ],
          [
            8.4959625,
            47.3680765
          ],
          [
            8.49596,
            47.3680599
          ],
          [
            8.4959796,
            47.3680406
          ],
          [
            8.4960575,
            47.3679638
          ],
          [
            8.4961059,
            47.3679161
          ]
        ]
      },
      "id": "way/813609166"
    },
    {
      "type": "Feature",
      "properties": {
        "@id": "way/813609173",
        "cycleway": "link",
        "highway": "cycleway",
        "lcn": "proposed",
        "oneway": "yes",
        "surface": "asphalt",
        "width": "1.2"
      },
      "geometry": {
        "type": "LineString",
        "coordinates": [
          [
            8.4879987,
            47.3678042
          ],
          [
            8.4878859,
            47.3678031
          ],
          [
            8.4877936,
            47.3677583
          ]
        ]
      },
      "id": "way/813609173"
    },
    {
      "type": "Feature",
      "properties": {
        "@id": "way/813609177",
        "cycleway": "link",
        "highway": "cycleway",
        "lcn": "yes",
        "oneway": "yes",
        "surface": "asphalt",
        "width": "1.1"
      },
      "geometry": {
        "type": "LineString",
        "coordinates": [
          [
            8.4946568,
            47.3677775
          ],
          [
            8.4944902,
            47.3677278
          ]
        ]
      },
      "id": "way/813609177"
    },
    {
      "type": "Feature",
      "properties": {
        "@id": "way/814615945",
        "highway": "cycleway",
        "lit": "yes",
        "smoothness": "excellent",
        "surface": "asphalt",
        "width": "2.5"
      },
      "geometry": {
        "type": "LineString",
        "coordinates": [
          [
            8.5192919,
            47.375077
          ],
          [
            8.5193217,
            47.3749827
          ]
        ]
      },
      "id": "way/814615945"
    },
    {
      "type": "Feature",
      "properties": {
        "@id": "way/814615946",
        "highway": "cycleway",
        "lit": "yes",
        "smoothness": "good",
        "surface": "asphalt",
        "width": "2.5"
      },
      "geometry": {
        "type": "LineString",
        "coordinates": [
          [
            8.5193217,
            47.3749827
          ],
          [
            8.5193511,
            47.3748901
          ]
        ]
      },
      "id": "way/814615946"
    },
    {
      "type": "Feature",
      "properties": {
        "@id": "way/817590757",
        "foot": "no",
        "highway": "cycleway",
        "lit": "yes",
        "oneway": "yes",
        "surface": "asphalt"
      },
      "geometry": {
        "type": "LineString",
        "coordinates": [
          [
            8.5024293,
            47.3653825
          ],
          [
            8.5025326,
            47.3653147
          ]
        ]
      },
      "id": "way/817590757"
    },
    {
      "type": "Feature",
      "properties": {
        "@id": "way/817867127",
        "highway": "cycleway",
        "lcn": "yes",
        "lit": "yes",
        "oneway": "yes",
        "smoothness": "good",
        "surface": "asphalt"
      },
      "geometry": {
        "type": "LineString",
        "coordinates": [
          [
            8.5306549,
            47.3712609
          ],
          [
            8.530613,
            47.3712391
          ],
          [
            8.5305545,
            47.3712151
          ]
        ]
      },
      "id": "way/817867127"
    },
    {
      "type": "Feature",
      "properties": {
        "@id": "way/817867128",
        "highway": "cycleway",
        "lcn": "yes",
        "lit": "yes",
        "oneway": "yes",
        "smoothness": "good",
        "surface": "asphalt"
      },
      "geometry": {
        "type": "LineString",
        "coordinates": [
          [
            8.5311775,
            47.3710363
          ],
          [
            8.5311407,
            47.3711225
          ]
        ]
      },
      "id": "way/817867128"
    },
    {
      "type": "Feature",
      "properties": {
        "@id": "way/817867129",
        "highway": "cycleway",
        "lcn": "yes",
        "lit": "yes",
        "oneway": "yes",
        "smoothness": "good",
        "surface": "asphalt"
      },
      "geometry": {
        "type": "LineString",
        "coordinates": [
          [
            8.5310585,
            47.3709904
          ],
          [
            8.531121,
            47.3710144
          ],
          [
            8.5311775,
            47.3710363
          ]
        ]
      },
      "id": "way/817867129"
    },
    {
      "type": "Feature",
      "properties": {
        "@id": "way/817867130",
        "highway": "cycleway",
        "lcn": "yes",
        "lit": "yes",
        "oneway": "yes",
        "smoothness": "good",
        "surface": "asphalt"
      },
      "geometry": {
        "type": "LineString",
        "coordinates": [
          [
            8.5305545,
            47.3712151
          ],
          [
            8.5305729,
            47.3711291
          ]
        ]
      },
      "id": "way/817867130"
    },
    {
      "type": "Feature",
      "properties": {
        "@id": "way/819712893",
        "alt_name": "Biketrail Triemli",
        "bicycle": "designated",
        "foot": "no",
        "highway": "cycleway",
        "horse": "no",
        "incline": "down",
        "info": "Viel schlamm, lange trockenzeit.",
        "lit": "no",
        "loc_name": "Antennentrail",
        "mtb": "designated",
        "mtb:scale": "2",
        "mtb_trail_type": "freeride",
        "name": "Triemlitrail",
        "name:gsw": "Üetzgitrail",
        "oneway": "yes",
        "surface": "compacted"
      },
      "geometry": {
        "type": "LineString",
        "coordinates": [
          [
            8.4873635,
            47.3581256
          ],
          [
            8.4873585,
            47.3581621
          ],
          [
            8.487342,
            47.358217
          ],
          [
            8.4873322,
            47.3582488
          ],
          [
            8.4873362,
            47.3582671
          ],
          [
            8.48735,
            47.3582836
          ],
          [
            8.4873705,
            47.3582967
          ],
          [
            8.4874103,
            47.3583104
          ],
          [
            8.487439,
            47.3583262
          ],
          [
            8.487449,
            47.3583348
          ],
          [
            8.4874539,
            47.3583452
          ],
          [
            8.487456,
            47.3583582
          ],
          [
            8.4874505,
            47.3583725
          ],
          [
            8.487414,
            47.3583994
          ],
          [
            8.4873478,
            47.3584274
          ],
          [
            8.4873336,
            47.3584457
          ],
          [
            8.4873342,
            47.3584653
          ],
          [
            8.4873704,
            47.3584964
          ],
          [
            8.4874687,
            47.3585198
          ],
          [
            8.4875119,
            47.3585363
          ]
        ]
      },
      "id": "way/819712893"
    },
    {
      "type": "Feature",
      "properties": {
        "@id": "way/819712895",
        "alt_name": "Biketrail Triemli",
        "bicycle": "designated",
        "foot": "no",
        "highway": "cycleway",
        "horse": "no",
        "incline": "down",
        "info": "Viel schlamm, lange trockenzeit.",
        "lit": "no",
        "loc_name": "Antennentrail",
        "mtb": "designated",
        "mtb:scale": "2",
        "mtb_trail_type": "freeride",
        "name": "Triemlitrail",
        "name:gsw": "Üetzgitrail",
        "oneway": "yes",
        "surface": "compacted"
      },
      "geometry": {
        "type": "LineString",
        "coordinates": [
          [
            8.4875549,
            47.3617194
          ],
          [
            8.4876434,
            47.3617959
          ],
          [
            8.4876549,
            47.3618099
          ],
          [
            8.48766,
            47.3618262
          ],
          [
            8.4876566,
            47.3618488
          ],
          [
            8.4876461,
            47.3618779
          ],
          [
            8.4876263,
            47.3619041
          ],
          [
            8.4876205,
            47.3619153
          ],
          [
            8.4876156,
            47.3619325
          ],
          [
            8.4876154,
            47.3619842
          ],
          [
            8.4876018,
            47.3620287
          ],
          [
            8.4875959,
            47.3620607
          ],
          [
            8.4875861,
            47.3621069
          ],
          [
            8.487576,
            47.3621437
          ],
          [
            8.4875543,
            47.3621752
          ],
          [
            8.4874808,
            47.3622544
          ],
          [
            8.4874364,
            47.3622898
          ],
          [
            8.4874211,
            47.3623189
          ],
          [
            8.4874135,
            47.3623429
          ],
          [
            8.4872537,
            47.3624686
          ],
          [
            8.4872269,
            47.3624871
          ],
          [
            8.4871947,
            47.3624979
          ],
          [
            8.4870325,
            47.3625232
          ],
          [
            8.4870134,
            47.3625307
          ],
          [
            8.4870012,
            47.3625434
          ],
          [
            8.4869979,
            47.3625614
          ],
          [
            8.4870026,
            47.3625769
          ],
          [
            8.4870128,
            47.3625851
          ],
          [
            8.4870395,
            47.362603
          ],
          [
            8.4871608,
            47.3626446
          ],
          [
            8.4871975,
            47.3626537
          ],
          [
            8.4872127,
            47.3626625
          ],
          [
            8.4872161,
            47.3626734
          ],
          [
            8.4872167,
            47.3626888
          ],
          [
            8.4872124,
            47.3627026
          ],
          [
            8.4871942,
            47.3627134
          ],
          [
            8.4871474,
            47.3627251
          ],
          [
            8.4871048,
            47.3627293
          ],
          [
            8.4870701,
            47.3627241
          ],
          [
            8.487038,
            47.362725
          ],
          [
            8.4870185,
            47.3627366
          ],
          [
            8.4870137,
            47.3627471
          ],
          [
            8.4870166,
            47.3627596
          ],
          [
            8.4870349,
            47.3627735
          ],
          [
            8.4870753,
            47.3627891
          ],
          [
            8.4871215,
            47.3628104
          ],
          [
            8.4871647,
            47.3628227
          ],
          [
            8.4872449,
            47.3628361
          ],
          [
            8.4872732,
            47.36284
          ],
          [
            8.4872955,
            47.3628484
          ],
          [
            8.4873717,
            47.3628512
          ],
          [
            8.4873913,
            47.3628582
          ],
          [
            8.4873966,
            47.3628717
          ],
          [
            8.4873953,
            47.3628855
          ],
          [
            8.4873771,
            47.3628962
          ],
          [
            8.4873474,
            47.3629036
          ],
          [
            8.4872522,
            47.3629085
          ],
          [
            8.4872191,
            47.3629243
          ],
          [
            8.4872137,
            47.3629319
          ],
          [
            8.4872114,
            47.362941
          ],
          [
            8.4872174,
            47.3629513
          ],
          [
            8.4872265,
            47.3629603
          ],
          [
            8.4872647,
            47.3629796
          ],
          [
            8.4873805,
            47.3630254
          ],
          [
            8.4873867,
            47.3630315
          ],
          [
            8.487386,
            47.3630407
          ],
          [
            8.4873791,
            47.3630519
          ],
          [
            8.4873557,
            47.3630671
          ],
          [
            8.4872946,
            47.363086
          ],
          [
            8.4872831,
            47.3630922
          ],
          [
            8.4872763,
            47.3631006
          ],
          [
            8.4872779,
            47.3631196
          ],
          [
            8.4872908,
            47.3631361
          ],
          [
            8.487321,
            47.3631462
          ],
          [
            8.4874466,
            47.3631569
          ],
          [
            8.4874662,
            47.3631631
          ],
          [
            8.4874811,
            47.3631735
          ],
          [
            8.4874914,
            47.3631831
          ],
          [
            8.4874964,
            47.3631947
          ],
          [
            8.487497,
            47.3632067
          ],
          [
            8.487493,
            47.3632188
          ],
          [
            8.4874856,
            47.3632288
          ],
          [
            8.487472,
            47.3632368
          ],
          [
            8.4873992,
            47.363242
          ],
          [
            8.4873684,
            47.363246
          ],
          [
            8.4873363,
            47.3632571
          ],
          [
            8.4873254,
            47.3632641
          ],
          [
            8.4873214,
            47.3632753
          ],
          [
            8.4873272,
            47.3632939
          ],
          [
            8.4873746,
            47.3633467
          ],
          [
            8.4873961,
            47.3633616
          ],
          [
            8.4874618,
            47.3634057
          ],
          [
            8.4874809,
            47.3634145
          ],
          [
            8.4875059,
            47.3634192
          ],
          [
            8.4875453,
            47.3634217
          ],
          [
            8.4875908,
            47.3634332
          ],
          [
            8.4876356,
            47.3634405
          ],
          [
            8.4876481,
            47.3634439
          ],
          [
            8.4876576,
            47.3634488
          ],
          [
            8.4876645,
            47.3634566
          ],
          [
            8.4876668,
            47.3634654
          ],
          [
            8.4876635,
            47.3634739
          ],
          [
            8.4876571,
            47.3634818
          ],
          [
            8.4876359,
            47.3634903
          ],
          [
            8.4875341,
            47.3635075
          ],
          [
            8.4874156,
            47.3635585
          ]
        ]
      },
      "id": "way/819712895"
    },
    {
      "type": "Feature",
      "properties": {
        "@id": "way/820964112",
        "foot": "no",
        "highway": "cycleway"
      },
      "geometry": {
        "type": "LineString",
        "coordinates": [
          [
            8.5196716,
            47.3688532
          ],
          [
            8.5196274,
            47.3688637
          ],
          [
            8.5195638,
            47.3688401
          ],
          [
            8.5195192,
            47.3688402
          ]
        ]
      },
      "id": "way/820964112"
    },
    {
      "type": "Feature",
      "properties": {
        "@id": "way/820964113",
        "foot": "no",
        "highway": "cycleway",
        "oneway": "yes"
      },
      "geometry": {
        "type": "LineString",
        "coordinates": [
          [
            8.5195483,
            47.3689059
          ],
          [
            8.5196274,
            47.3688637
          ]
        ]
      },
      "id": "way/820964113"
    },
    {
      "type": "Feature",
      "properties": {
        "@id": "way/821304190",
        "highway": "cycleway",
        "lit": "yes",
        "oneway": "yes",
        "smoothness": "good",
        "start_date": "2025-05-20",
        "surface": "asphalt"
      },
      "geometry": {
        "type": "LineString",
        "coordinates": [
          [
            8.5353204,
            47.3767986
          ],
          [
            8.535349,
            47.3768116
          ],
          [
            8.5354449,
            47.3769047
          ],
          [
            8.5354579,
            47.3769315
          ]
        ]
      },
      "id": "way/821304190"
    },
    {
      "type": "Feature",
      "properties": {
        "@id": "way/821484875",
        "foot": "no",
        "highway": "cycleway",
        "lit": "yes",
        "oneway": "yes",
        "surface": "asphalt"
      },
      "geometry": {
        "type": "LineString",
        "coordinates": [
          [
            8.5223613,
            47.359558
          ],
          [
            8.5222638,
            47.3595119
          ]
        ]
      },
      "id": "way/821484875"
    },
    {
      "type": "Feature",
      "properties": {
        "@id": "way/821493796",
        "foot": "no",
        "highway": "cycleway",
        "lit": "no",
        "oneway": "yes",
        "smoothness": "good",
        "surface": "asphalt"
      },
      "geometry": {
        "type": "LineString",
        "coordinates": [
          [
            8.5353382,
            47.3633547
          ],
          [
            8.5351811,
            47.3634186
          ]
        ]
      },
      "id": "way/821493796"
    },
    {
      "type": "Feature",
      "properties": {
        "@id": "way/822507485",
        "highway": "cycleway",
        "lcn": "proposed",
        "name": "Zweierstrasse",
        "oneway": "yes",
        "surface": "asphalt",
        "width": "1.8"
      },
      "geometry": {
        "type": "LineString",
        "coordinates": [
          [
            8.5187358,
            47.3702974
          ],
          [
            8.5187632,
            47.370332
          ],
          [
            8.518816,
            47.3703612
          ],
          [
            8.5192229,
            47.3705628
          ],
          [
            8.5192528,
            47.3705782
          ],
          [
            8.5192848,
            47.3705953
          ]
        ]
      },
      "id": "way/822507485"
    },
    {
      "type": "Feature",
      "properties": {
        "@id": "way/823540225",
        "highway": "cycleway",
        "lcn": "yes",
        "lit": "no",
        "maxspeed": "60",
        "oneway": "yes",
        "surface": "asphalt"
      },
      "geometry": {
        "type": "LineString",
        "coordinates": [
          [
            8.529737,
            47.3294333
          ],
          [
            8.5297959,
            47.3295017
          ],
          [
            8.5298118,
            47.3295883
          ],
          [
            8.5298289,
            47.3296259
          ],
          [
            8.5298721,
            47.329694
          ]
        ]
      },
      "id": "way/823540225"
    },
    {
      "type": "Feature",
      "properties": {
        "@id": "way/824294698",
        "highway": "cycleway",
        "oneway": "yes",
        "surface": "asphalt"
      },
      "geometry": {
        "type": "LineString",
        "coordinates": [
          [
            8.5172255,
            47.3587965
          ],
          [
            8.5170482,
            47.3587773
          ]
        ]
      },
      "id": "way/824294698"
    },
    {
      "type": "Feature",
      "properties": {
        "@id": "way/824512234",
        "highway": "cycleway",
        "lit": "yes",
        "oneway": "yes",
        "smoothness": "excellent",
        "surface": "asphalt"
      },
      "geometry": {
        "type": "LineString",
        "coordinates": [
          [
            8.5350934,
            47.3765624
          ],
          [
            8.5351009,
            47.376606
          ]
        ]
      },
      "id": "way/824512234"
    },
    {
      "type": "Feature",
      "properties": {
        "@id": "way/824512237",
        "foot": "no",
        "highway": "cycleway",
        "lanes": "2",
        "lit": "yes",
        "maxspeed": "20",
        "name": "Stadttunnel",
        "smoothness": "good",
        "start_date": "2025-05-20",
        "surface": "asphalt"
      },
      "geometry": {
        "type": "LineString",
        "coordinates": [
          [
            8.5354579,
            47.3769315
          ],
          [
            8.5354994,
            47.376969
          ]
        ]
      },
      "id": "way/824512237"
    },
    {
      "type": "Feature",
      "properties": {
        "@id": "way/824585199",
        "highway": "cycleway",
        "surface": "asphalt"
      },
      "geometry": {
        "type": "LineString",
        "coordinates": [
          [
            8.5217304,
            47.359073
          ],
          [
            8.5217059,
            47.35896
          ]
        ]
      },
      "id": "way/824585199"
    },
    {
      "type": "Feature",
      "properties": {
        "@id": "way/825245052",
        "foot": "no",
        "highway": "cycleway",
        "lcn": "yes",
        "lit": "yes",
        "surface": "asphalt"
      },
      "geometry": {
        "type": "LineString",
        "coordinates": [
          [
            8.5195192,
            47.3688402
          ],
          [
            8.5194551,
            47.3688377
          ]
        ]
      },
      "id": "way/825245052"
    },
    {
      "type": "Feature",
      "properties": {
        "@id": "way/826162977",
        "cycleway": "link",
        "highway": "cycleway",
        "lcn": "proposed",
        "oneway": "yes",
        "source:width": "aerial imagery",
        "surface": "asphalt",
        "width": "1.3"
      },
      "geometry": {
        "type": "LineString",
        "coordinates": [
          [
            8.4697782,
            47.3705829
          ],
          [
            8.4696264,
            47.3706388
          ]
        ]
      },
      "id": "way/826162977"
    },
    {
      "type": "Feature",
      "properties": {
        "@id": "way/826162979",
        "cycleway": "link",
        "highway": "cycleway",
        "lcn": "proposed",
        "oneway": "yes",
        "source:width": "aerial imagery",
        "surface": "asphalt",
        "width": "1.4"
      },
      "geometry": {
        "type": "LineString",
        "coordinates": [
          [
            8.4703314,
            47.370593
          ],
          [
            8.4704726,
            47.3706886
          ]
        ]
      },
      "id": "way/826162979"
    },
    {
      "type": "Feature",
      "properties": {
        "@id": "way/828445688",
        "access": "yes",
        "bicycle": "yes",
        "crossing": "traffic_signals",
        "crossing:island": "yes",
        "emergency": "yes",
        "foot": "no",
        "highway": "cycleway",
        "lit": "yes",
        "surface": "asphalt",
        "vehicle": "no"
      },
      "geometry": {
        "type": "LineString",
        "coordinates": [
          [
            8.5454644,
            47.3650565
          ],
          [
            8.5456073,
            47.3650944
          ],
          [
            8.5457028,
            47.3651197
          ],
          [
            8.5458307,
            47.3651549
          ]
        ]
      },
      "id": "way/828445688"
    },
    {
      "type": "Feature",
      "properties": {
        "@id": "way/828445690",
        "highway": "cycleway",
        "lit": "yes",
        "surface": "asphalt"
      },
      "geometry": {
        "type": "LineString",
        "coordinates": [
          [
            8.5458896,
            47.3651277
          ],
          [
            8.5458578,
            47.3651424
          ],
          [
            8.5458307,
            47.3651549
          ]
        ]
      },
      "id": "way/828445690"
    },
    {
      "type": "Feature",
      "properties": {
        "@id": "way/828445691",
        "crossing": "traffic_signals",
        "cycleway": "crossing",
        "highway": "cycleway",
        "lit": "yes",
        "oneway": "yes",
        "smoothness": "good",
        "surface": "asphalt"
      },
      "geometry": {
        "type": "LineString",
        "coordinates": [
          [
            8.5459166,
            47.3667502
          ],
          [
            8.5458622,
            47.3666963
          ],
          [
            8.5458428,
            47.3666771
          ],
          [
            8.5458404,
            47.3666562
          ]
        ]
      },
      "id": "way/828445691"
    },
    {
      "type": "Feature",
      "properties": {
        "@id": "way/828825613",
        "access": "yes",
        "bicycle": "yes",
        "crossing": "traffic_signals",
        "crossing:island": "yes",
        "emergency": "yes",
        "foot": "no",
        "highway": "cycleway",
        "lit": "yes",
        "surface": "asphalt",
        "vehicle": "no"
      },
      "geometry": {
        "type": "LineString",
        "coordinates": [
          [
            8.5447164,
            47.3663309
          ],
          [
            8.5448739,
            47.3663445
          ],
          [
            8.5449165,
            47.3663513
          ],
          [
            8.5449949,
            47.3663639
          ],
          [
            8.545067,
            47.3663651
          ],
          [
            8.5451443,
            47.3663664
          ],
          [
            8.5452072,
            47.3663683
          ],
          [
            8.5452656,
            47.3663701
          ]
        ]
      },
      "id": "way/828825613"
    },
    {
      "type": "Feature",
      "properties": {
        "@id": "way/829977655",
        "highway": "cycleway",
        "lit": "yes",
        "oneway": "yes",
        "surface": "asphalt"
      },
      "geometry": {
        "type": "LineString",
        "coordinates": [
          [
            8.5391684,
            47.3655638
          ],
          [
            8.5390173,
            47.3656063
          ]
        ]
      },
      "id": "way/829977655"
    },
    {
      "type": "Feature",
      "properties": {
        "@id": "way/830249180",
        "highway": "cycleway",
        "oneway": "yes",
        "surface": "asphalt"
      },
      "geometry": {
        "type": "LineString",
        "coordinates": [
          [
            8.5626394,
            47.3477065
          ],
          [
            8.5627015,
            47.3476838
          ]
        ]
      },
      "id": "way/830249180"
    },
    {
      "type": "Feature",
      "properties": {
        "@id": "way/830300032",
        "highway": "cycleway",
        "lcn": "yes",
        "oneway": "yes",
        "smoothness": "excellent",
        "surface": "asphalt"
      },
      "geometry": {
        "type": "LineString",
        "coordinates": [
          [
            8.5022295,
            47.3922455
          ],
          [
            8.5024704,
            47.3922544
          ]
        ]
      },
      "id": "way/830300032"
    },
    {
      "type": "Feature",
      "properties": {
        "@id": "way/830300033",
        "bicycle": "designated",
        "highway": "cycleway",
        "lcn": "yes",
        "oneway": "yes",
        "smoothness": "excellent",
        "surface": "asphalt"
      },
      "geometry": {
        "type": "LineString",
        "coordinates": [
          [
            8.5024704,
            47.3922544
          ],
          [
            8.5027169,
            47.3923328
          ]
        ]
      },
      "id": "way/830300033"
    },
    {
      "type": "Feature",
      "properties": {
        "@id": "way/830301594",
        "crossing": "traffic_signals",
        "cycleway": "crossing",
        "highway": "cycleway",
        "smoothness": "excellent",
        "surface": "asphalt",
        "width": "2"
      },
      "geometry": {
        "type": "LineString",
        "coordinates": [
          [
            8.5055219,
            47.391412
          ],
          [
            8.5057414,
            47.3913467
          ],
          [
            8.5059477,
            47.3912853
          ]
        ]
      },
      "id": "way/830301594"
    },
    {
      "type": "Feature",
      "properties": {
        "@id": "way/830301597",
        "crossing": "traffic_signals",
        "cycleway": "crossing",
        "highway": "cycleway",
        "smoothness": "good",
        "surface": "asphalt",
        "width": "2"
      },
      "geometry": {
        "type": "LineString",
        "coordinates": [
          [
            8.5060905,
            47.3912437
          ],
          [
            8.5061357,
            47.391313
          ],
          [
            8.5061931,
            47.3914002
          ],
          [
            8.5062239,
            47.391449
          ]
        ]
      },
      "id": "way/830301597"
    },
    {
      "type": "Feature",
      "properties": {
        "@id": "way/830301598",
        "crossing": "unmarked",
        "crossing:markings": "no",
        "cycleway": "crossing",
        "highway": "cycleway",
        "smoothness": "intermediate",
        "surface": "asphalt",
        "width": "2"
      },
      "geometry": {
        "type": "LineString",
        "coordinates": [
          [
            8.5062239,
            47.391449
          ],
          [
            8.5062445,
            47.3914809
          ],
          [
            8.5062584,
            47.3915023
          ],
          [
            8.5062882,
            47.3915485
          ]
        ]
      },
      "id": "way/830301598"
    },
    {
      "type": "Feature",
      "properties": {
        "@id": "way/830301599",
        "crossing": "traffic_signals",
        "cycleway": "crossing",
        "highway": "cycleway",
        "smoothness": "excellent",
        "surface": "asphalt",
        "width": "2"
      },
      "geometry": {
        "type": "LineString",
        "coordinates": [
          [
            8.5029489,
            47.3923917
          ],
          [
            8.5029952,
            47.3924221
          ],
          [
            8.5030463,
            47.3924555
          ]
        ]
      },
      "id": "way/830301599"
    },
    {
      "type": "Feature",
      "properties": {
        "@id": "way/830301600",
        "highway": "cycleway",
        "lcn": "yes",
        "smoothness": "good",
        "surface": "asphalt",
        "width": "4"
      },
      "geometry": {
        "type": "LineString",
        "coordinates": [
          [
            8.5028705,
            47.3922487
          ],
          [
            8.502879,
            47.3922334
          ],
          [
            8.5028941,
            47.3922083
          ]
        ]
      },
      "id": "way/830301600"
    },
    {
      "type": "Feature",
      "properties": {
        "@id": "way/830301601",
        "crossing": "unmarked",
        "crossing:markings": "no",
        "cycleway": "crossing",
        "highway": "cycleway",
        "lcn": "yes",
        "smoothness": "intermediate",
        "surface": "asphalt",
        "width": "4"
      },
      "geometry": {
        "type": "LineString",
        "coordinates": [
          [
            8.502837,
            47.3923096
          ],
          [
            8.5028432,
            47.3922957
          ],
          [
            8.5028591,
            47.3922686
          ],
          [
            8.5028705,
            47.3922487
          ]
        ]
      },
      "id": "way/830301601"
    },
    {
      "type": "Feature",
      "properties": {
        "@id": "way/830301602",
        "crossing": "traffic_signals",
        "cycleway": "crossing",
        "highway": "cycleway",
        "lcn": "yes",
        "smoothness": "excellent",
        "surface": "asphalt"
      },
      "geometry": {
        "type": "LineString",
        "coordinates": [
          [
            8.5026826,
            47.3923599
          ],
          [
            8.5026202,
            47.3924068
          ],
          [
            8.5025601,
            47.3924519
          ]
        ]
      },
      "id": "way/830301602"
    },
    {
      "type": "Feature",
      "properties": {
        "@id": "way/830301603",
        "crossing": "traffic_signals",
        "cycleway": "crossing",
        "highway": "cycleway",
        "lcn": "yes",
        "smoothness": "excellent",
        "surface": "asphalt"
      },
      "geometry": {
        "type": "LineString",
        "coordinates": [
          [
            8.502526,
            47.3924712
          ],
          [
            8.5024959,
            47.3924756
          ],
          [
            8.5024559,
            47.3924815
          ]
        ]
      },
      "id": "way/830301603"
    },
    {
      "type": "Feature",
      "properties": {
        "@id": "way/830735127",
        "highway": "cycleway",
        "oneway": "yes",
        "surface": "asphalt"
      },
      "geometry": {
        "type": "LineString",
        "coordinates": [
          [
            8.5196363,
            47.3581585
          ],
          [
            8.5197267,
            47.3580087
          ]
        ]
      },
      "id": "way/830735127"
    },
    {
      "type": "Feature",
      "properties": {
        "@id": "way/840187849",
        "highway": "cycleway",
        "lcn": "yes",
        "lit": "yes",
        "oneway": "yes",
        "surface": "asphalt"
      },
      "geometry": {
        "type": "LineString",
        "coordinates": [
          [
            8.5186775,
            47.3239266
          ],
          [
            8.5188323,
            47.3238111
          ]
        ]
      },
      "id": "way/840187849"
    },
    {
      "type": "Feature",
      "properties": {
        "@id": "way/862181414",
        "highway": "cycleway",
        "oneway": "yes",
        "surface": "asphalt"
      },
      "geometry": {
        "type": "LineString",
        "coordinates": [
          [
            8.4832473,
            47.4154819
          ],
          [
            8.4833981,
            47.4153991
          ]
        ]
      },
      "id": "way/862181414"
    },
    {
      "type": "Feature",
      "properties": {
        "@id": "way/863158467",
        "highway": "cycleway",
        "lcn": "yes",
        "lit": "yes",
        "surface": "asphalt"
      },
      "geometry": {
        "type": "LineString",
        "coordinates": [
          [
            8.5210095,
            47.3371521
          ],
          [
            8.5209148,
            47.3371465
          ]
        ]
      },
      "id": "way/863158467"
    },
    {
      "type": "Feature",
      "properties": {
        "@id": "way/868093964",
        "highway": "cycleway",
        "lcn": "yes",
        "lit": "yes",
        "oneway": "yes",
        "surface": "asphalt"
      },
      "geometry": {
        "type": "LineString",
        "coordinates": [
          [
            8.491247,
            47.3890412
          ],
          [
            8.4912789,
            47.3889642
          ]
        ]
      },
      "id": "way/868093964"
    },
    {
      "type": "Feature",
      "properties": {
        "@id": "way/868093965",
        "highway": "cycleway",
        "lcn": "yes",
        "lit": "yes",
        "oneway": "yes",
        "surface": "asphalt"
      },
      "geometry": {
        "type": "LineString",
        "coordinates": [
          [
            8.4913802,
            47.3889463
          ],
          [
            8.4914657,
            47.3889988
          ]
        ]
      },
      "id": "way/868093965"
    },
    {
      "type": "Feature",
      "properties": {
        "@id": "way/868093968",
        "bridge": "yes",
        "highway": "cycleway",
        "layer": "1",
        "lcn": "yes",
        "oneway": "yes",
        "smoothness": "excellent",
        "surface": "asphalt",
        "width": "5"
      },
      "geometry": {
        "type": "LineString",
        "coordinates": [
          [
            8.4920283,
            47.3906107
          ],
          [
            8.4920832,
            47.3905981
          ]
        ]
      },
      "id": "way/868093968"
    },
    {
      "type": "Feature",
      "properties": {
        "@id": "way/870560962",
        "highway": "cycleway",
        "lcn": "yes",
        "lit": "yes",
        "smoothness": "good",
        "surface": "asphalt"
      },
      "geometry": {
        "type": "LineString",
        "coordinates": [
          [
            8.5096581,
            47.4115446
          ],
          [
            8.5096885,
            47.4116488
          ]
        ]
      },
      "id": "way/870560962"
    },
    {
      "type": "Feature",
      "properties": {
        "@id": "way/886689867",
        "highway": "cycleway",
        "lit": "yes",
        "surface": "asphalt"
      },
      "geometry": {
        "type": "LineString",
        "coordinates": [
          [
            8.5001049,
            47.3650634
          ],
          [
            8.5002569,
            47.3651004
          ]
        ]
      },
      "id": "way/886689867"
    },
    {
      "type": "Feature",
      "properties": {
        "@id": "way/913906827",
        "bicycle": "dismount",
        "highway": "cycleway",
        "lcn": "yes",
        "lit": "yes",
        "surface": "asphalt"
      },
      "geometry": {
        "type": "LineString",
        "coordinates": [
          [
            8.5800229,
            47.4087905
          ],
          [
            8.5798979,
            47.4088382
          ]
        ]
      },
      "id": "way/913906827"
    },
    {
      "type": "Feature",
      "properties": {
        "@id": "way/919699521",
        "highway": "cycleway",
        "lit": "yes",
        "oneway": "yes",
        "surface": "asphalt"
      },
      "geometry": {
        "type": "LineString",
        "coordinates": [
          [
            8.5949893,
            47.3970965
          ],
          [
            8.5948112,
            47.3971672
          ]
        ]
      },
      "id": "way/919699521"
    },
    {
      "type": "Feature",
      "properties": {
        "@id": "way/922264957",
        "highway": "cycleway",
        "surface": "asphalt"
      },
      "geometry": {
        "type": "LineString",
        "coordinates": [
          [
            8.5354049,
            47.4200316
          ],
          [
            8.5353415,
            47.4200601
          ],
          [
            8.5352208,
            47.4201527
          ],
          [
            8.5351825,
            47.4201671
          ]
        ]
      },
      "id": "way/922264957"
    },
    {
      "type": "Feature",
      "properties": {
        "@id": "way/925949218",
        "alt_name": "Biketrail Höckler",
        "bicycle": "designated",
        "check_date:surface": "2025-08-24",
        "foot": "no",
        "highway": "cycleway",
        "horse": "no",
        "incline": "-13%",
        "mtb:scale": "2",
        "name": "Höcklertrail 1/4",
        "oneway": "yes",
        "route": "mtb",
        "surface": "unpaved"
      },
      "geometry": {
        "type": "LineString",
        "coordinates": [
          [
            8.5006154,
            47.3380148
          ],
          [
            8.5007038,
            47.3380447
          ],
          [
            8.5007665,
            47.3380542
          ],
          [
            8.5007811,
            47.3380535
          ],
          [
            8.5007957,
            47.3380491
          ],
          [
            8.5008788,
            47.3380132
          ],
          [
            8.5009668,
            47.3379911
          ],
          [
            8.5009889,
            47.3379892
          ],
          [
            8.5010103,
            47.3379921
          ],
          [
            8.5010282,
            47.3379971
          ],
          [
            8.5010415,
            47.3380135
          ],
          [
            8.5010428,
            47.3380353
          ],
          [
            8.501029,
            47.338062
          ],
          [
            8.501006,
            47.3380856
          ],
          [
            8.5009554,
            47.3381396
          ],
          [
            8.5009307,
            47.3381696
          ],
          [
            8.5009262,
            47.3381818
          ],
          [
            8.5009225,
            47.3382039
          ],
          [
            8.5009232,
            47.3382205
          ],
          [
            8.50094,
            47.3382713
          ],
          [
            8.5009428,
            47.3382871
          ],
          [
            8.50094,
            47.3383055
          ],
          [
            8.5009186,
            47.3383797
          ],
          [
            8.5009578,
            47.3384446
          ],
          [
            8.5009639,
            47.3384563
          ],
          [
            8.5009648,
            47.3384688
          ],
          [
            8.5009463,
            47.3385268
          ],
          [
            8.5009486,
            47.3385404
          ],
          [
            8.5009539,
            47.3385513
          ],
          [
            8.5009691,
            47.3385723
          ],
          [
            8.5010122,
            47.338623
          ],
          [
            8.5010254,
            47.3386419
          ],
          [
            8.5010334,
            47.3386588
          ],
          [
            8.5010339,
            47.3386813
          ],
          [
            8.5010263,
            47.3387048
          ],
          [
            8.5010251,
            47.3387216
          ],
          [
            8.5010369,
            47.3387489
          ],
          [
            8.5010376,
            47.3387723
          ],
          [
            8.5010289,
            47.3387982
          ],
          [
            8.5010114,
            47.3388264
          ],
          [
            8.5010108,
            47.338856
          ],
          [
            8.501026,
            47.3388806
          ],
          [
            8.5010539,
            47.3389103
          ],
          [
            8.5010706,
            47.3389337
          ],
          [
            8.5010886,
            47.3389931
          ],
          [
            8.5010945,
            47.3390179
          ],
          [
            8.501104,
            47.3390353
          ],
          [
            8.5011303,
            47.3390503
          ],
          [
            8.5011514,
            47.3390568
          ],
          [
            8.5011701,
            47.3390682
          ],
          [
            8.501187,
            47.339091
          ],
          [
            8.5011941,
            47.3391115
          ],
          [
            8.5011977,
            47.3391316
          ],
          [
            8.5012025,
            47.3391441
          ],
          [
            8.5012096,
            47.3391519
          ],
          [
            8.501227,
            47.3391625
          ],
          [
            8.5012506,
            47.3391657
          ],
          [
            8.5012741,
            47.3391641
          ],
          [
            8.5013023,
            47.3391571
          ],
          [
            8.5013226,
            47.3391478
          ],
          [
            8.5013413,
            47.339134
          ],
          [
            8.501353,
            47.339118
          ],
          [
            8.5013687,
            47.3390869
          ],
          [
            8.5013798,
            47.3390415
          ],
          [
            8.5013827,
            47.3390164
          ],
          [
            8.5013804,
            47.338998
          ],
          [
            8.5013717,
            47.3389538
          ],
          [
            8.5013709,
            47.3389056
          ],
          [
            8.5013734,
            47.3388888
          ],
          [
            8.5013788,
            47.3388811
          ],
          [
            8.5013856,
            47.338871
          ],
          [
            8.5014087,
            47.3388577
          ],
          [
            8.501494,
            47.3388355
          ],
          [
            8.5015444,
            47.338825
          ],
          [
            8.5015579,
            47.3388207
          ],
          [
            8.5015662,
            47.3388131
          ],
          [
            8.501576,
            47.3387876
          ],
          [
            8.5015853,
            47.3387551
          ],
          [
            8.5015955,
            47.338736
          ],
          [
            8.501608,
            47.3387252
          ],
          [
            8.5016314,
            47.3387118
          ],
          [
            8.5016459,
            47.3386992
          ],
          [
            8.501714,
            47.3386136
          ],
          [
            8.5018373,
            47.3385127
          ],
          [
            8.5019122,
            47.3384673
          ],
          [
            8.5019317,
            47.3384503
          ],
          [
            8.5019479,
            47.338423
          ],
          [
            8.5019705,
            47.3383793
          ],
          [
            8.5019965,
            47.3383452
          ],
          [
            8.502029,
            47.3383213
          ],
          [
            8.5020684,
            47.3382705
          ],
          [
            8.5021045,
            47.3382469
          ],
          [
            8.5021221,
            47.3382306
          ],
          [
            8.5021389,
            47.3382088
          ],
          [
            8.5021481,
            47.3381913
          ],
          [
            8.502166,
            47.3381668
          ],
          [
            8.5021904,
            47.3381475
          ],
          [
            8.502303,
            47.3380757
          ],
          [
            8.5024188,
            47.338017
          ],
          [
            8.5024937,
            47.3379749
          ],
          [
            8.5026219,
            47.3378938
          ],
          [
            8.50265,
            47.3378843
          ],
          [
            8.5026859,
            47.3378781
          ],
          [
            8.502717,
            47.3378822
          ],
          [
            8.5027491,
            47.3378968
          ],
          [
            8.5027722,
            47.3379118
          ],
          [
            8.5027871,
            47.3379317
          ],
          [
            8.5027961,
            47.3379598
          ],
          [
            8.5027992,
            47.3379899
          ],
          [
            8.5027949,
            47.3380295
          ],
          [
            8.5027908,
            47.3380551
          ],
          [
            8.5027789,
            47.3380738
          ],
          [
            8.5027613,
            47.3380925
          ],
          [
            8.5027347,
            47.3381153
          ],
          [
            8.502726,
            47.3381294
          ],
          [
            8.5027302,
            47.3381428
          ],
          [
            8.5027502,
            47.3381557
          ],
          [
            8.5027731,
            47.3381654
          ],
          [
            8.5027973,
            47.3381682
          ],
          [
            8.502815,
            47.3381662
          ],
          [
            8.5028437,
            47.3381607
          ],
          [
            8.502863,
            47.3381528
          ],
          [
            8.5028914,
            47.338129
          ],
          [
            8.502915,
            47.3381112
          ],
          [
            8.5029402,
            47.3380982
          ],
          [
            8.50308,
            47.3380414
          ],
          [
            8.5031452,
            47.3379997
          ],
          [
            8.503176,
            47.3379831
          ],
          [
            8.5032116,
            47.3379733
          ],
          [
            8.5033014,
            47.3379552
          ],
          [
            8.503367,
            47.3379374
          ],
          [
            8.5033966,
            47.3379235
          ],
          [
            8.5034204,
            47.3379108
          ],
          [
            8.5034581,
            47.3378801
          ],
          [
            8.5034733,
            47.3378646
          ],
          [
            8.5034821,
            47.3378487
          ],
          [
            8.5034911,
            47.3378222
          ],
          [
            8.5034948,
            47.3377981
          ],
          [
            8.5034814,
            47.337772
          ],
          [
            8.5034681,
            47.3377574
          ],
          [
            8.5034624,
            47.3377487
          ],
          [
            8.5034648,
            47.3377384
          ],
          [
            8.5034795,
            47.3377174
          ],
          [
            8.503493,
            47.3377066
          ],
          [
            8.5035121,
            47.3376918
          ],
          [
            8.503533,
            47.3376838
          ],
          [
            8.5035732,
            47.3376793
          ],
          [
            8.5036028,
            47.3376835
          ],
          [
            8.5036164,
            47.3376877
          ],
          [
            8.5036263,
            47.337697
          ],
          [
            8.5036277,
            47.3377091
          ],
          [
            8.5036273,
            47.3377253
          ],
          [
            8.5036251,
            47.337754
          ],
          [
            8.5036305,
            47.3377686
          ],
          [
            8.5036429,
            47.3377732
          ],
          [
            8.5036557,
            47.3377743
          ],
          [
            8.503675,
            47.3377738
          ],
          [
            8.5036979,
            47.3377663
          ],
          [
            8.5037204,
            47.3377588
          ],
          [
            8.5037353,
            47.3377475
          ],
          [
            8.5037459,
            47.3377308
          ],
          [
            8.5037509,
            47.337713
          ],
          [
            8.5037615,
            47.3377022
          ],
          [
            8.5037858,
            47.3376925
          ],
          [
            8.5038152,
            47.3376875
          ],
          [
            8.5038257,
            47.3376838
          ],
          [
            8.5038437,
            47.3376738
          ],
          [
            8.5038845,
            47.337635
          ],
          [
            8.503913,
            47.3376127
          ],
          [
            8.5039426,
            47.3375932
          ],
          [
            8.5041039,
            47.337511
          ],
          [
            8.5042675,
            47.3374525
          ],
          [
            8.5042905,
            47.3374495
          ],
          [
            8.5043332,
            47.3374554
          ],
          [
            8.5043556,
            47.3374656
          ],
          [
            8.5043739,
            47.3374772
          ],
          [
            8.5044034,
            47.3374881
          ],
          [
            8.5044252,
            47.3374934
          ],
          [
            8.5044479,
            47.3374912
          ],
          [
            8.5044729,
            47.3374849
          ],
          [
            8.504489,
            47.3374841
          ],
          [
            8.5044991,
            47.3374885
          ],
          [
            8.5045103,
            47.3374943
          ],
          [
            8.5045266,
            47.3375044
          ],
          [
            8.5045454,
            47.3375069
          ],
          [
            8.504571,
            47.3375021
          ],
          [
            8.5046057,
            47.3374963
          ],
          [
            8.504621,
            47.3374913
          ],
          [
            8.5046331,
            47.3374841
          ],
          [
            8.5046489,
            47.3374678
          ],
          [
            8.5046745,
            47.337457
          ]
        ]
      },
      "id": "way/925949218"
    },
    {
      "type": "Feature",
      "properties": {
        "@id": "way/925950698",
        "alt_name": "Biketrail Höckler",
        "bicycle": "designated",
        "foot": "no",
        "highway": "cycleway",
        "incline": "-13%",
        "mtb:scale": "2",
        "name": "Höcklertrail 2/4",
        "oneway": "yes",
        "route": "mtb",
        "surface": "unpaved"
      },
      "geometry": {
        "type": "LineString",
        "coordinates": [
          [
            8.5042828,
            47.338832
          ],
          [
            8.5043121,
            47.3388212
          ],
          [
            8.5043536,
            47.3388039
          ],
          [
            8.5043726,
            47.3387902
          ],
          [
            8.5043869,
            47.3387769
          ],
          [
            8.5044675,
            47.3387215
          ],
          [
            8.5045367,
            47.3386774
          ],
          [
            8.5045862,
            47.3386409
          ],
          [
            8.5046138,
            47.3386315
          ],
          [
            8.504644,
            47.338627
          ],
          [
            8.5046835,
            47.3386328
          ],
          [
            8.5047096,
            47.3386433
          ],
          [
            8.5047279,
            47.3386569
          ],
          [
            8.504741,
            47.3386741
          ],
          [
            8.5047556,
            47.3387049
          ],
          [
            8.5047632,
            47.3387381
          ],
          [
            8.5047609,
            47.3387838
          ],
          [
            8.5047469,
            47.3388041
          ],
          [
            8.5047131,
            47.3388328
          ],
          [
            8.5046854,
            47.3388461
          ],
          [
            8.5046605,
            47.3388562
          ],
          [
            8.5046343,
            47.3388735
          ],
          [
            8.5046274,
            47.3388951
          ],
          [
            8.5046262,
            47.3389224
          ],
          [
            8.5046344,
            47.3389442
          ],
          [
            8.5046525,
            47.3389561
          ],
          [
            8.5046718,
            47.3389653
          ],
          [
            8.5047179,
            47.3389912
          ],
          [
            8.5047563,
            47.3390282
          ],
          [
            8.5047831,
            47.339066
          ],
          [
            8.5048022,
            47.3391065
          ],
          [
            8.5048203,
            47.3392146
          ],
          [
            8.504841,
            47.3393045
          ],
          [
            8.5048653,
            47.339385
          ],
          [
            8.5048952,
            47.3394262
          ],
          [
            8.5049346,
            47.3394634
          ],
          [
            8.5049587,
            47.3394788
          ],
          [
            8.5049883,
            47.3394881
          ],
          [
            8.5050101,
            47.3394853
          ],
          [
            8.5050203,
            47.3394741
          ],
          [
            8.5050437,
            47.339439
          ],
          [
            8.5050816,
            47.3393176
          ],
          [
            8.5050916,
            47.3392991
          ],
          [
            8.5051067,
            47.3392874
          ],
          [
            8.505177,
            47.3392523
          ],
          [
            8.5052346,
            47.339226
          ],
          [
            8.5052666,
            47.3392033
          ],
          [
            8.5052752,
            47.3391788
          ],
          [
            8.5052767,
            47.3391567
          ],
          [
            8.5052693,
            47.3390623
          ],
          [
            8.5052623,
            47.3390393
          ],
          [
            8.5052175,
            47.3389473
          ],
          [
            8.5052089,
            47.3389196
          ],
          [
            8.5052137,
            47.3389075
          ],
          [
            8.5052293,
            47.3388952
          ],
          [
            8.5052551,
            47.3388917
          ],
          [
            8.5052701,
            47.338893
          ],
          [
            8.5052858,
            47.3388972
          ],
          [
            8.5053061,
            47.3389164
          ],
          [
            8.5053183,
            47.3389409
          ],
          [
            8.5053651,
            47.3389914
          ],
          [
            8.5054339,
            47.339065
          ],
          [
            8.5054478,
            47.3390851
          ],
          [
            8.5054588,
            47.3390938
          ],
          [
            8.5054795,
            47.3390947
          ],
          [
            8.5054934,
            47.3390922
          ],
          [
            8.5054999,
            47.3390849
          ],
          [
            8.5055054,
            47.3390719
          ],
          [
            8.5055039,
            47.3390621
          ],
          [
            8.5055177,
            47.3390457
          ],
          [
            8.5055497,
            47.3390186
          ],
          [
            8.5055523,
            47.33899
          ],
          [
            8.5055486,
            47.3389724
          ],
          [
            8.5055489,
            47.3389536
          ],
          [
            8.5055603,
            47.3389259
          ],
          [
            8.5055736,
            47.3389
          ],
          [
            8.5056598,
            47.3388516
          ],
          [
            8.5058344,
            47.3387872
          ]
        ]
      },
      "id": "way/925950698"
    },
    {
      "type": "Feature",
      "properties": {
        "@id": "way/925956039",
        "alt_name": "Biketrail Höckler",
        "bicycle": "designated",
        "foot": "no",
        "highway": "cycleway",
        "incline": "-13%",
        "mtb:scale": "2",
        "name": "Höcklertrail 3/4",
        "oneway": "yes",
        "route": "mtb",
        "surface": "unpaved"
      },
      "geometry": {
        "type": "LineString",
        "coordinates": [
          [
            8.50689,
            47.3393302
          ],
          [
            8.5068325,
            47.3394186
          ],
          [
            8.5068188,
            47.3394348
          ],
          [
            8.5067786,
            47.3394699
          ],
          [
            8.5067644,
            47.3394889
          ],
          [
            8.5067503,
            47.3395487
          ],
          [
            8.5067327,
            47.3396202
          ],
          [
            8.5067406,
            47.3396503
          ],
          [
            8.5067597,
            47.3396662
          ],
          [
            8.5067825,
            47.3396751
          ],
          [
            8.5068126,
            47.3396765
          ],
          [
            8.5068386,
            47.3396723
          ],
          [
            8.506854,
            47.3396614
          ],
          [
            8.5068745,
            47.3396306
          ],
          [
            8.5069004,
            47.3396117
          ],
          [
            8.5069176,
            47.3396002
          ],
          [
            8.5069498,
            47.339587
          ],
          [
            8.5069791,
            47.3395815
          ],
          [
            8.5070098,
            47.3395824
          ],
          [
            8.5070401,
            47.3395872
          ],
          [
            8.5071002,
            47.3395966
          ],
          [
            8.5071251,
            47.3395986
          ],
          [
            8.5071492,
            47.3395973
          ],
          [
            8.5071895,
            47.3395859
          ],
          [
            8.5072141,
            47.3395801
          ],
          [
            8.5072373,
            47.339579
          ],
          [
            8.5072662,
            47.3395836
          ],
          [
            8.5072773,
            47.3395903
          ],
          [
            8.5072861,
            47.339601
          ],
          [
            8.5072957,
            47.3396145
          ],
          [
            8.5073077,
            47.3396238
          ],
          [
            8.5073388,
            47.3396353
          ],
          [
            8.5073583,
            47.3396435
          ],
          [
            8.5073658,
            47.3396596
          ],
          [
            8.5073642,
            47.3396801
          ],
          [
            8.5073506,
            47.3397024
          ],
          [
            8.507297,
            47.339746
          ],
          [
            8.5072741,
            47.3397686
          ],
          [
            8.5072622,
            47.3397828
          ],
          [
            8.5072545,
            47.3397992
          ],
          [
            8.507252,
            47.3398107
          ],
          [
            8.5072544,
            47.339821
          ],
          [
            8.5072692,
            47.3398366
          ],
          [
            8.5073149,
            47.3398595
          ],
          [
            8.5073364,
            47.3398691
          ],
          [
            8.5073558,
            47.3398736
          ],
          [
            8.5073859,
            47.3398705
          ],
          [
            8.5074116,
            47.3398606
          ],
          [
            8.5074635,
            47.3398276
          ],
          [
            8.5075011,
            47.3398145
          ],
          [
            8.507522,
            47.3398113
          ],
          [
            8.5075443,
            47.3398147
          ],
          [
            8.5075648,
            47.3398245
          ],
          [
            8.5075791,
            47.3398385
          ],
          [
            8.5076005,
            47.3398686
          ],
          [
            8.5076131,
            47.3398793
          ],
          [
            8.5076253,
            47.3398855
          ],
          [
            8.5076407,
            47.3398898
          ],
          [
            8.5076543,
            47.33989
          ],
          [
            8.5076737,
            47.3398875
          ],
          [
            8.5076918,
            47.3398802
          ],
          [
            8.5077187,
            47.3398566
          ],
          [
            8.5077342,
            47.3398479
          ],
          [
            8.5077559,
            47.3398434
          ],
          [
            8.5077761,
            47.3398453
          ],
          [
            8.5077929,
            47.339851
          ],
          [
            8.5078055,
            47.3398621
          ],
          [
            8.5078093,
            47.3398731
          ],
          [
            8.5078069,
            47.3398981
          ],
          [
            8.5078059,
            47.3399092
          ],
          [
            8.5078094,
            47.3399165
          ],
          [
            8.5078235,
            47.3399264
          ],
          [
            8.5078378,
            47.3399285
          ],
          [
            8.5078539,
            47.3399282
          ],
          [
            8.5078719,
            47.3399216
          ],
          [
            8.5078882,
            47.339918
          ],
          [
            8.5079012,
            47.3399166
          ],
          [
            8.5079152,
            47.3399193
          ],
          [
            8.5079251,
            47.339924
          ],
          [
            8.5079441,
            47.3399428
          ],
          [
            8.5079561,
            47.3399496
          ],
          [
            8.5079743,
            47.3399539
          ],
          [
            8.5079867,
            47.3399528
          ],
          [
            8.5080391,
            47.3399429
          ],
          [
            8.5080954,
            47.339929
          ],
          [
            8.5081271,
            47.3399222
          ],
          [
            8.5081543,
            47.3399229
          ],
          [
            8.5081746,
            47.3399319
          ],
          [
            8.5081888,
            47.3399457
          ],
          [
            8.5081998,
            47.3399653
          ],
          [
            8.5082117,
            47.3399786
          ],
          [
            8.508228,
            47.3399876
          ],
          [
            8.5082482,
            47.34
          ],
          [
            8.508268,
            47.3400147
          ],
          [
            8.5082732,
            47.3400266
          ],
          [
            8.5082735,
            47.3400378
          ],
          [
            8.5082697,
            47.3400559
          ],
          [
            8.5082601,
            47.3400728
          ],
          [
            8.5082443,
            47.3401104
          ],
          [
            8.5082352,
            47.3401619
          ]
        ]
      },
      "id": "way/925956039"
    },
    {
      "type": "Feature",
      "properties": {
        "@id": "way/925956048",
        "alt_name": "Biketrail Höckler",
        "bicycle": "designated",
        "bridge": "yes",
        "foot": "no",
        "highway": "cycleway",
        "incline": "-13%",
        "layer": "1",
        "mtb:scale": "2",
        "name": "Höcklertrail 3/4",
        "oneway": "yes",
        "route": "mtb",
        "surface": "unpaved"
      },
      "geometry": {
        "type": "LineString",
        "coordinates": [
          [
            8.5082352,
            47.3401619
          ],
          [
            8.5082146,
            47.3402276
          ]
        ]
      },
      "id": "way/925956048"
    },
    {
      "type": "Feature",
      "properties": {
        "@id": "way/928943471",
        "alt_name": "Uetliberg Grattrail",
        "bicycle": "designated",
        "distance": "0.825",
        "foot": "no",
        "highway": "cycleway",
        "horse": "no",
        "incline": "down",
        "lit": "no",
        "mtb:scale": "1",
        "name": "Höcklertrail Zulaufstrecke",
        "oneway": "no",
        "surface": "pebblestone"
      },
      "geometry": {
        "type": "LineString",
        "coordinates": [
          [
            8.4978289,
            47.3436397
          ],
          [
            8.4978107,
            47.3435774
          ],
          [
            8.4976888,
            47.3434922
          ],
          [
            8.4976374,
            47.3434381
          ],
          [
            8.4976073,
            47.3434163
          ],
          [
            8.4975861,
            47.3434087
          ],
          [
            8.497514,
            47.3433909
          ],
          [
            8.4974766,
            47.3433737
          ],
          [
            8.4974222,
            47.3433399
          ],
          [
            8.4973922,
            47.3433322
          ],
          [
            8.4973129,
            47.3433283
          ],
          [
            8.497293,
            47.3433245
          ],
          [
            8.4971735,
            47.3432705
          ],
          [
            8.4971473,
            47.3432407
          ],
          [
            8.4971354,
            47.3432037
          ],
          [
            8.4971199,
            47.3430035
          ],
          [
            8.4970944,
            47.3429454
          ],
          [
            8.497093,
            47.342874
          ],
          [
            8.4970941,
            47.3428199
          ],
          [
            8.4971024,
            47.3427408
          ],
          [
            8.4971161,
            47.3427175
          ],
          [
            8.4971319,
            47.3426936
          ],
          [
            8.4971374,
            47.342667
          ],
          [
            8.4971527,
            47.3426404
          ],
          [
            8.4972112,
            47.3425942
          ],
          [
            8.4972251,
            47.342576
          ],
          [
            8.4972369,
            47.3425432
          ],
          [
            8.4972366,
            47.3425266
          ],
          [
            8.4972272,
            47.342514
          ],
          [
            8.4971991,
            47.3424924
          ],
          [
            8.4971732,
            47.342462
          ],
          [
            8.4971676,
            47.3424281
          ],
          [
            8.4971797,
            47.3423965
          ],
          [
            8.497199,
            47.3423738
          ],
          [
            8.4972311,
            47.3423623
          ],
          [
            8.4972632,
            47.342361
          ],
          [
            8.4973108,
            47.3423669
          ],
          [
            8.4973461,
            47.3423687
          ],
          [
            8.4973838,
            47.3423565
          ],
          [
            8.4974124,
            47.3423354
          ],
          [
            8.497421,
            47.342291
          ],
          [
            8.4974367,
            47.3422707
          ],
          [
            8.4974613,
            47.3422454
          ],
          [
            8.4974961,
            47.3422243
          ]
        ]
      },
      "id": "way/928943471"
    },
    {
      "type": "Feature",
      "properties": {
        "@id": "way/931934960",
        "bicycle": "designated",
        "foot": "designated",
        "highway": "cycleway",
        "lit": "yes",
        "oneway": "no",
        "segregated": "no",
        "surface": "asphalt"
      },
      "geometry": {
        "type": "LineString",
        "coordinates": [
          [
            8.5341611,
            47.3883531
          ],
          [
            8.5341835,
            47.3883817
          ],
          [
            8.5342257,
            47.3884106
          ],
          [
            8.5342679,
            47.3884395
          ],
          [
            8.5342933,
            47.3884938
          ]
        ]
      },
      "id": "way/931934960"
    },
    {
      "type": "Feature",
      "properties": {
        "@id": "way/931934961",
        "highway": "cycleway",
        "lit": "yes"
      },
      "geometry": {
        "type": "LineString",
        "coordinates": [
          [
            8.5342933,
            47.3884938
          ],
          [
            8.53433,
            47.3885546
          ]
        ]
      },
      "id": "way/931934961"
    },
    {
      "type": "Feature",
      "properties": {
        "@id": "way/934777359",
        "alt_name": "Biketrail Höckler",
        "bicycle": "designated",
        "foot": "no",
        "highway": "cycleway",
        "incline": "-13%",
        "mtb:scale": "2",
        "name": "Höcklertrail 4/4",
        "oneway": "yes",
        "route": "mtb",
        "surface": "unpaved"
      },
      "geometry": {
        "type": "LineString",
        "coordinates": [
          [
            8.5092554,
            47.3425479
          ],
          [
            8.5093454,
            47.3426038
          ],
          [
            8.5093896,
            47.3426292
          ],
          [
            8.5094194,
            47.3426551
          ],
          [
            8.5094376,
            47.3426842
          ],
          [
            8.5094792,
            47.342791
          ],
          [
            8.509491,
            47.3428869
          ],
          [
            8.509501,
            47.3429149
          ],
          [
            8.5095218,
            47.3429315
          ],
          [
            8.5095514,
            47.3429401
          ],
          [
            8.509601,
            47.3429399
          ],
          [
            8.5096768,
            47.3429218
          ],
          [
            8.509798,
            47.342877
          ],
          [
            8.5098291,
            47.3428716
          ],
          [
            8.5098575,
            47.3428712
          ],
          [
            8.5098748,
            47.3428754
          ],
          [
            8.5098936,
            47.3428835
          ],
          [
            8.5099115,
            47.3428947
          ],
          [
            8.5099241,
            47.3429137
          ],
          [
            8.509961,
            47.3429827
          ],
          [
            8.5099719,
            47.3430228
          ],
          [
            8.5099743,
            47.3430697
          ],
          [
            8.5099644,
            47.3431219
          ],
          [
            8.509975,
            47.3431723
          ],
          [
            8.5099875,
            47.3432132
          ],
          [
            8.5100219,
            47.3432529
          ],
          [
            8.5101128,
            47.3433294
          ],
          [
            8.510219,
            47.3434309
          ],
          [
            8.5102525,
            47.3434683
          ],
          [
            8.510274,
            47.3435145
          ],
          [
            8.510288,
            47.3435709
          ],
          [
            8.5103171,
            47.3436857
          ],
          [
            8.510331,
            47.3437239
          ],
          [
            8.5103519,
            47.3437426
          ],
          [
            8.5103806,
            47.3437513
          ],
          [
            8.510412,
            47.3437535
          ],
          [
            8.5104434,
            47.3437482
          ],
          [
            8.5104697,
            47.343737
          ],
          [
            8.5105265,
            47.3436902
          ],
          [
            8.5105982,
            47.3436319
          ],
          [
            8.510627,
            47.3436197
          ],
          [
            8.5106574,
            47.3436185
          ],
          [
            8.5106865,
            47.3436224
          ],
          [
            8.5107094,
            47.3436371
          ],
          [
            8.5107186,
            47.3436592
          ],
          [
            8.5107202,
            47.3436771
          ],
          [
            8.5107117,
            47.3436965
          ],
          [
            8.5106664,
            47.3437659
          ]
        ]
      },
      "id": "way/934777359"
    },
    {
      "type": "Feature",
      "properties": {
        "@id": "way/944411208",
        "alt_name": "Biketrail Allmend",
        "bicycle": "yes",
        "foot": "no",
        "highway": "cycleway",
        "horse": "no",
        "incline": "-5.5%",
        "mtb:scale": "1",
        "name": "Allmendtrail",
        "oneway": "yes",
        "operator": "Grün Stadt Zürich",
        "surface": "compacted"
      },
      "geometry": {
        "type": "LineString",
        "coordinates": [
          [
            8.5120139,
            47.3479156
          ],
          [
            8.5120536,
            47.3480003
          ],
          [
            8.5120857,
            47.3480616
          ],
          [
            8.5120823,
            47.3481182
          ],
          [
            8.5120913,
            47.3481437
          ],
          [
            8.5121093,
            47.3481736
          ],
          [
            8.5121547,
            47.3482328
          ],
          [
            8.5121965,
            47.3482758
          ],
          [
            8.5122131,
            47.348297
          ],
          [
            8.5122181,
            47.3483171
          ],
          [
            8.5122312,
            47.3483599
          ],
          [
            8.5122532,
            47.3483988
          ],
          [
            8.5122982,
            47.3484715
          ],
          [
            8.5123193,
            47.3484983
          ],
          [
            8.512345,
            47.34852
          ],
          [
            8.5123959,
            47.3485479
          ],
          [
            8.5124213,
            47.3485579
          ],
          [
            8.5124472,
            47.3485635
          ],
          [
            8.512494,
            47.3485653
          ],
          [
            8.5125343,
            47.3485573
          ],
          [
            8.5125652,
            47.3485446
          ],
          [
            8.5125976,
            47.3485126
          ],
          [
            8.5126194,
            47.3484973
          ],
          [
            8.5126442,
            47.3484824
          ],
          [
            8.5127738,
            47.3484326
          ],
          [
            8.5128026,
            47.3484184
          ],
          [
            8.5128423,
            47.348391
          ],
          [
            8.5128689,
            47.3483795
          ],
          [
            8.5128878,
            47.3483768
          ],
          [
            8.512911,
            47.3483772
          ],
          [
            8.5129348,
            47.3483828
          ],
          [
            8.5129904,
            47.3484098
          ],
          [
            8.5130352,
            47.3484374
          ],
          [
            8.5130912,
            47.3484789
          ],
          [
            8.5131083,
            47.3484976
          ],
          [
            8.5131243,
            47.3485093
          ],
          [
            8.5131444,
            47.3485138
          ],
          [
            8.5131632,
            47.3485167
          ],
          [
            8.5131764,
            47.3485227
          ],
          [
            8.513193,
            47.3485392
          ],
          [
            8.5132137,
            47.3485537
          ],
          [
            8.5132413,
            47.3485618
          ],
          [
            8.5132719,
            47.3485651
          ],
          [
            8.5132889,
            47.3485707
          ],
          [
            8.5133006,
            47.3485799
          ],
          [
            8.5133599,
            47.3486525
          ],
          [
            8.5133865,
            47.3486816
          ],
          [
            8.5134092,
            47.3486998
          ],
          [
            8.5134331,
            47.3487097
          ],
          [
            8.5134574,
            47.348716
          ],
          [
            8.5134888,
            47.3487212
          ],
          [
            8.5135809,
            47.3487371
          ],
          [
            8.5136085,
            47.3487432
          ],
          [
            8.5136387,
            47.3487544
          ],
          [
            8.5136809,
            47.3487788
          ],
          [
            8.5137079,
            47.348801
          ],
          [
            8.5138007,
            47.3489149
          ],
          [
            8.5138382,
            47.3489499
          ],
          [
            8.5138512,
            47.3489749
          ],
          [
            8.5138584,
            47.3490001
          ],
          [
            8.5138604,
            47.3490448
          ],
          [
            8.5138521,
            47.3490808
          ],
          [
            8.5138477,
            47.3491158
          ],
          [
            8.5138609,
            47.3492112
          ],
          [
            8.5138704,
            47.349228
          ],
          [
            8.5138829,
            47.3492391
          ],
          [
            8.5139032,
            47.3492454
          ],
          [
            8.5139239,
            47.3492448
          ],
          [
            8.5139514,
            47.3492379
          ],
          [
            8.5140067,
            47.3492132
          ],
          [
            8.5140402,
            47.349204
          ],
          [
            8.5140957,
            47.3491961
          ],
          [
            8.5141252,
            47.3491887
          ],
          [
            8.5141448,
            47.3491789
          ],
          [
            8.5141624,
            47.3491635
          ],
          [
            8.5141769,
            47.3491372
          ],
          [
            8.5141795,
            47.3491188
          ],
          [
            8.5141839,
            47.3490968
          ],
          [
            8.5141975,
            47.3490791
          ],
          [
            8.5142719,
            47.349014
          ],
          [
            8.5142964,
            47.34899
          ],
          [
            8.5143487,
            47.3489105
          ],
          [
            8.5143942,
            47.3488293
          ],
          [
            8.5144239,
            47.3487885
          ],
          [
            8.5144381,
            47.3487415
          ],
          [
            8.5144525,
            47.348723
          ],
          [
            8.5144591,
            47.3487096
          ],
          [
            8.5144569,
            47.3486935
          ],
          [
            8.5144467,
            47.3486756
          ],
          [
            8.5144374,
            47.3486551
          ],
          [
            8.5144351,
            47.3486287
          ],
          [
            8.5144207,
            47.3485992
          ],
          [
            8.5144169,
            47.34857
          ],
          [
            8.5144204,
            47.3485372
          ],
          [
            8.5144274,
            47.348514
          ],
          [
            8.5144346,
            47.3484823
          ],
          [
            8.5144409,
            47.3484692
          ],
          [
            8.5144527,
            47.3484615
          ],
          [
            8.5144688,
            47.3484566
          ],
          [
            8.5144851,
            47.3484591
          ],
          [
            8.5145024,
            47.348467
          ],
          [
            8.5145078,
            47.3484752
          ],
          [
            8.514508,
            47.348484
          ],
          [
            8.5145103,
            47.3485088
          ],
          [
            8.5145195,
            47.3485421
          ],
          [
            8.514525,
            47.3485517
          ],
          [
            8.514534,
            47.3485562
          ],
          [
            8.5145536,
            47.3485593
          ],
          [
            8.5145712,
            47.3485562
          ],
          [
            8.5145816,
            47.3485514
          ],
          [
            8.5145947,
            47.3485419
          ],
          [
            8.5146073,
            47.3485247
          ],
          [
            8.5146119,
            47.3485009
          ],
          [
            8.5146086,
            47.3484838
          ],
          [
            8.5146016,
            47.3484543
          ],
          [
            8.5146037,
            47.3484363
          ],
          [
            8.5146128,
            47.348421
          ],
          [
            8.5146311,
            47.3484128
          ],
          [
            8.5146487,
            47.3484115
          ],
          [
            8.5146682,
            47.3484156
          ],
          [
            8.5146818,
            47.3484266
          ],
          [
            8.5146858,
            47.3484375
          ],
          [
            8.5146816,
            47.348462
          ],
          [
            8.5146843,
            47.3484801
          ],
          [
            8.5146933,
            47.3484946
          ],
          [
            8.514709,
            47.3485095
          ],
          [
            8.5147568,
            47.3485473
          ],
          [
            8.514779,
            47.3485666
          ],
          [
            8.5147886,
            47.3485822
          ],
          [
            8.5147925,
            47.3485964
          ],
          [
            8.5147918,
            47.3486096
          ],
          [
            8.5147845,
            47.3486196
          ],
          [
            8.5147449,
            47.3486575
          ],
          [
            8.5147393,
            47.3486676
          ],
          [
            8.5147368,
            47.3486756
          ],
          [
            8.5147363,
            47.3486879
          ],
          [
            8.5147425,
            47.3487027
          ],
          [
            8.5147542,
            47.3487143
          ],
          [
            8.5147661,
            47.3487306
          ],
          [
            8.5147717,
            47.3487496
          ],
          [
            8.5147713,
            47.3487713
          ],
          [
            8.5147618,
            47.3487937
          ],
          [
            8.5147583,
            47.3488077
          ],
          [
            8.5147607,
            47.3488223
          ],
          [
            8.5147723,
            47.3488396
          ],
          [
            8.5147738,
            47.348856
          ],
          [
            8.5147649,
            47.3488767
          ],
          [
            8.5147526,
            47.3488937
          ],
          [
            8.5147535,
            47.3489062
          ],
          [
            8.5147583,
            47.3489163
          ],
          [
            8.5147688,
            47.3489216
          ],
          [
            8.5147837,
            47.3489234
          ],
          [
            8.5147978,
            47.3489205
          ],
          [
            8.5148099,
            47.3489123
          ],
          [
            8.5148225,
            47.3489011
          ],
          [
            8.5148373,
            47.3488762
          ],
          [
            8.5148497,
            47.3488619
          ],
          [
            8.5148648,
            47.3488536
          ],
          [
            8.5148827,
            47.3488516
          ],
          [
            8.5148962,
            47.3488554
          ],
          [
            8.5149126,
            47.3488656
          ],
          [
            8.5149233,
            47.3488808
          ],
          [
            8.5149529,
            47.3489941
          ],
          [
            8.5149684,
            47.3490138
          ],
          [
            8.5149834,
            47.3490303
          ],
          [
            8.51499,
            47.3490447
          ],
          [
            8.5149907,
            47.3490585
          ],
          [
            8.514983,
            47.3490877
          ],
          [
            8.514982,
            47.3491013
          ],
          [
            8.5149863,
            47.3491112
          ],
          [
            8.515,
            47.3491169
          ],
          [
            8.515015,
            47.3491169
          ],
          [
            8.5150269,
            47.3491121
          ],
          [
            8.5150351,
            47.3491016
          ],
          [
            8.515043,
            47.3490753
          ],
          [
            8.5150468,
            47.3490539
          ],
          [
            8.5150549,
            47.3490364
          ],
          [
            8.5150778,
            47.3490124
          ],
          [
            8.5150934,
            47.3490018
          ],
          [
            8.5151053,
            47.3489879
          ],
          [
            8.5151067,
            47.3489658
          ],
          [
            8.5150962,
            47.3489305
          ],
          [
            8.5150919,
            47.3488598
          ],
          [
            8.5150933,
            47.3488421
          ],
          [
            8.5151112,
            47.3488133
          ],
          [
            8.5151204,
            47.3487956
          ],
          [
            8.5151265,
            47.3487758
          ],
          [
            8.5151375,
            47.3487312
          ],
          [
            8.5151445,
            47.348688
          ]
        ]
      },
      "id": "way/944411208"
    },
    {
      "type": "Feature",
      "properties": {
        "@id": "way/946557421",
        "cycleway": "crossing",
        "highway": "cycleway",
        "smoothness": "good",
        "surface": "asphalt"
      },
      "geometry": {
        "type": "LineString",
        "coordinates": [
          [
            8.4835412,
            47.3919824
          ],
          [
            8.4835374,
            47.391968
          ],
          [
            8.4835338,
            47.3919544
          ],
          [
            8.4835296,
            47.3919386
          ],
          [
            8.4835253,
            47.3919223
          ]
        ]
      },
      "id": "way/946557421"
    },
    {
      "type": "Feature",
      "properties": {
        "@id": "way/946557422",
        "cycleway": "crossing",
        "highway": "cycleway",
        "surface": "asphalt"
      },
      "geometry": {
        "type": "LineString",
        "coordinates": [
          [
            8.481902,
            47.3919229
          ],
          [
            8.4819082,
            47.3919081
          ],
          [
            8.4819144,
            47.3918936
          ],
          [
            8.4819192,
            47.3918822
          ],
          [
            8.4819262,
            47.3918657
          ]
        ]
      },
      "id": "way/946557422"
    },
    {
      "type": "Feature",
      "properties": {
        "@id": "way/946847136",
        "highway": "cycleway",
        "surface": "asphalt",
        "width": "2"
      },
      "geometry": {
        "type": "LineString",
        "coordinates": [
          [
            8.55697,
            47.3532072
          ],
          [
            8.5568341,
            47.3532579
          ]
        ]
      },
      "id": "way/946847136"
    },
    {
      "type": "Feature",
      "properties": {
        "@id": "way/946847140",
        "highway": "cycleway",
        "oneway": "yes",
        "surface": "asphalt"
      },
      "geometry": {
        "type": "LineString",
        "coordinates": [
          [
            8.5631461,
            47.3478369
          ],
          [
            8.5631635,
            47.3478845
          ]
        ]
      },
      "id": "way/946847140"
    },
    {
      "type": "Feature",
      "properties": {
        "@id": "way/955383800",
        "alt_name": "Biketrail Allmend",
        "bicycle": "yes",
        "foot": "no",
        "highway": "cycleway",
        "horse": "no",
        "incline": "-5.5%",
        "mtb:scale": "1",
        "name": "Allmendtrail",
        "oneway": "yes",
        "operator": "Grün Stadt Zürich",
        "surface": "compacted"
      },
      "geometry": {
        "type": "LineString",
        "coordinates": [
          [
            8.5107142,
            47.3442349
          ],
          [
            8.5109484,
            47.3442975
          ],
          [
            8.5110139,
            47.3443799
          ],
          [
            8.5110312,
            47.3444581
          ],
          [
            8.511114,
            47.344499
          ],
          [
            8.5111671,
            47.3446308
          ],
          [
            8.5112325,
            47.344675
          ],
          [
            8.511386,
            47.3449564
          ],
          [
            8.5114328,
            47.3451578
          ],
          [
            8.5116096,
            47.3456659
          ],
          [
            8.5115784,
            47.3458243
          ],
          [
            8.5116,
            47.345917
          ],
          [
            8.5116043,
            47.3460776
          ],
          [
            8.5116358,
            47.346138
          ],
          [
            8.5116557,
            47.3462423
          ],
          [
            8.5116541,
            47.3462651
          ],
          [
            8.5116277,
            47.3462941
          ],
          [
            8.5116193,
            47.3463093
          ],
          [
            8.5116176,
            47.3463238
          ],
          [
            8.511637,
            47.3464477
          ],
          [
            8.5116592,
            47.3464789
          ],
          [
            8.5116849,
            47.3465076
          ],
          [
            8.5116929,
            47.3465222
          ],
          [
            8.5116894,
            47.34654
          ],
          [
            8.5116846,
            47.3465551
          ],
          [
            8.5116888,
            47.3465719
          ],
          [
            8.5117034,
            47.3465859
          ],
          [
            8.5117134,
            47.3465997
          ],
          [
            8.5117174,
            47.3466173
          ],
          [
            8.5117058,
            47.3466711
          ],
          [
            8.5117071,
            47.3466883
          ],
          [
            8.5117242,
            47.3467034
          ],
          [
            8.5117428,
            47.3467091
          ],
          [
            8.5117742,
            47.3467034
          ],
          [
            8.5118326,
            47.3466767
          ],
          [
            8.5118782,
            47.3466591
          ],
          [
            8.5119151,
            47.346635
          ],
          [
            8.5119293,
            47.3466293
          ],
          [
            8.5119488,
            47.3466255
          ],
          [
            8.511965,
            47.3466256
          ],
          [
            8.5119885,
            47.3466154
          ],
          [
            8.5120014,
            47.3466113
          ],
          [
            8.512024,
            47.3466118
          ],
          [
            8.5120396,
            47.3466162
          ],
          [
            8.5120506,
            47.3466219
          ],
          [
            8.5120731,
            47.3466367
          ],
          [
            8.5120836,
            47.3466585
          ],
          [
            8.512084,
            47.3466752
          ],
          [
            8.5120762,
            47.3466891
          ],
          [
            8.5120636,
            47.3467078
          ],
          [
            8.5120587,
            47.3467224
          ],
          [
            8.512063,
            47.346735
          ],
          [
            8.5120714,
            47.3467485
          ],
          [
            8.5120733,
            47.346761
          ],
          [
            8.5120635,
            47.3467715
          ],
          [
            8.5120364,
            47.3467923
          ],
          [
            8.5120274,
            47.3468064
          ],
          [
            8.5120294,
            47.3468211
          ],
          [
            8.5120378,
            47.346831
          ],
          [
            8.5120566,
            47.3468559
          ],
          [
            8.512067,
            47.3468743
          ],
          [
            8.5120721,
            47.3468913
          ],
          [
            8.5120691,
            47.3469064
          ],
          [
            8.5120563,
            47.3469259
          ],
          [
            8.5120085,
            47.3469873
          ],
          [
            8.5119954,
            47.3470138
          ],
          [
            8.5119875,
            47.3470392
          ],
          [
            8.5119871,
            47.3470867
          ],
          [
            8.5119973,
            47.3471766
          ],
          [
            8.5120016,
            47.3472538
          ],
          [
            8.5119997,
            47.3472755
          ],
          [
            8.5119867,
            47.3473061
          ],
          [
            8.511984,
            47.3473265
          ],
          [
            8.5119914,
            47.3473489
          ],
          [
            8.512003,
            47.3473655
          ],
          [
            8.5120052,
            47.3473844
          ],
          [
            8.5120065,
            47.3474029
          ],
          [
            8.5120003,
            47.3474242
          ]
        ]
      },
      "id": "way/955383800"
    },
    {
      "type": "Feature",
      "properties": {
        "@id": "way/957112906",
        "foot": "no",
        "highway": "cycleway",
        "lit": "yes",
        "oneway": "yes",
        "smoothness": "good",
        "surface": "asphalt",
        "width": "1"
      },
      "geometry": {
        "type": "LineString",
        "coordinates": [
          [
            8.5306822,
            47.3790853
          ],
          [
            8.5308086,
            47.3788807
          ]
        ]
      },
      "id": "way/957112906"
    },
    {
      "type": "Feature",
      "properties": {
        "@id": "way/957121238",
        "bicycle": "designated",
        "check_date:surface": "2024-08-30",
        "cycleway:surface": "asphalt",
        "foot": "designated",
        "footway:surface": "asphalt",
        "highway": "cycleway",
        "lit": "yes",
        "segregated": "yes",
        "surface": "asphalt"
      },
      "geometry": {
        "type": "LineString",
        "coordinates": [
          [
            8.5360745,
            47.3883099
          ],
          [
            8.5361163,
            47.3882533
          ]
        ]
      },
      "id": "way/957121238"
    },
    {
      "type": "Feature",
      "properties": {
        "@id": "way/957121239",
        "bicycle": "designated",
        "check_date:surface": "2024-08-27",
        "cycleway:surface": "asphalt",
        "foot": "designated",
        "footway:surface": "asphalt",
        "highway": "cycleway",
        "lit": "yes",
        "oneway": "yes",
        "segregated": "yes",
        "surface": "asphalt"
      },
      "geometry": {
        "type": "LineString",
        "coordinates": [
          [
            8.5361286,
            47.3881801
          ],
          [
            8.5361163,
            47.3882533
          ]
        ]
      },
      "id": "way/957121239"
    },
    {
      "type": "Feature",
      "properties": {
        "@id": "way/957121240",
        "crossing": "traffic_signals",
        "cycleway": "crossing",
        "highway": "cycleway",
        "lcn": "yes",
        "lit": "yes",
        "note": "Has its own traffic light, separate from the pedestrian crossing.",
        "oneway": "yes",
        "surface": "asphalt"
      },
      "geometry": {
        "type": "LineString",
        "coordinates": [
          [
            8.536332,
            47.3880052
          ],
          [
            8.5363159,
            47.3880487
          ],
          [
            8.5362301,
            47.3881023
          ],
          [
            8.5361543,
            47.3881567
          ],
          [
            8.5361286,
            47.3881801
          ]
        ]
      },
      "id": "way/957121240"
    },
    {
      "type": "Feature",
      "properties": {
        "@id": "way/957121241",
        "highway": "cycleway",
        "lit": "yes",
        "oneway": "yes",
        "surface": "asphalt"
      },
      "geometry": {
        "type": "LineString",
        "coordinates": [
          [
            8.5361163,
            47.3882533
          ],
          [
            8.5361904,
            47.3882155
          ],
          [
            8.5362823,
            47.3881998
          ]
        ]
      },
      "id": "way/957121241"
    },
    {
      "type": "Feature",
      "properties": {
        "@id": "way/965690039",
        "bridge": "yes",
        "highway": "cycleway",
        "layer": "2",
        "lcn": "yes",
        "oneway": "yes",
        "smoothness": "excellent",
        "surface": "asphalt",
        "width": "1"
      },
      "geometry": {
        "type": "LineString",
        "coordinates": [
          [
            8.5086068,
            47.3856135
          ],
          [
            8.5086716,
            47.385519
          ]
        ]
      },
      "id": "way/965690039"
    },
    {
      "type": "Feature",
      "properties": {
        "@id": "way/966373902",
        "highway": "cycleway",
        "lit": "yes",
        "oneway": "yes",
        "surface": "asphalt"
      },
      "geometry": {
        "type": "LineString",
        "coordinates": [
          [
            8.523774,
            47.3603035
          ],
          [
            8.5236324,
            47.3603567
          ]
        ]
      },
      "id": "way/966373902"
    },
    {
      "type": "Feature",
      "properties": {
        "@id": "way/967818411",
        "bicycle": "designated",
        "foot": "designated",
        "highway": "cycleway",
        "lit": "yes",
        "oneway": "yes",
        "path": "sidewalk",
        "segregated": "no",
        "smoothness": "excellent",
        "surface": "asphalt"
      },
      "geometry": {
        "type": "LineString",
        "coordinates": [
          [
            8.536332,
            47.3880052
          ],
          [
            8.5363885,
            47.3879665
          ]
        ]
      },
      "id": "way/967818411"
    },
    {
      "type": "Feature",
      "properties": {
        "@id": "way/967857339",
        "highway": "cycleway",
        "lcn": "yes",
        "lit": "yes",
        "oneway": "yes",
        "smoothness": "excellent",
        "surface": "asphalt"
      },
      "geometry": {
        "type": "LineString",
        "coordinates": [
          [
            8.5365478,
            47.3911169
          ],
          [
            8.5363626,
            47.3911232
          ],
          [
            8.5362658,
            47.3911409
          ]
        ]
      },
      "id": "way/967857339"
    },
    {
      "type": "Feature",
      "properties": {
        "@id": "way/967857342",
        "highway": "cycleway",
        "lit": "yes",
        "oneway": "yes",
        "smoothness": "excellent",
        "surface": "asphalt"
      },
      "geometry": {
        "type": "LineString",
        "coordinates": [
          [
            8.536207,
            47.3913471
          ],
          [
            8.5361188,
            47.3912887
          ],
          [
            8.5361098,
            47.3912581
          ]
        ]
      },
      "id": "way/967857342"
    },
    {
      "type": "Feature",
      "properties": {
        "@id": "way/968124246",
        "highway": "cycleway",
        "lit": "yes",
        "name": "Schörliweg",
        "surface": "asphalt",
        "wikidata": "Q27323281"
      },
      "geometry": {
        "type": "LineString",
        "coordinates": [
          [
            8.5613393,
            47.4083456
          ],
          [
            8.5613387,
            47.4083002
          ]
        ]
      },
      "id": "way/968124246"
    },
    {
      "type": "Feature",
      "properties": {
        "@id": "way/968497812",
        "bicycle": "designated",
        "foot": "designated",
        "highway": "cycleway",
        "lit": "yes",
        "segregated": "yes",
        "surface": "asphalt"
      },
      "geometry": {
        "type": "LineString",
        "coordinates": [
          [
            8.5218406,
            47.3641322
          ],
          [
            8.5218482,
            47.3641064
          ],
          [
            8.5219446,
            47.3637775
          ],
          [
            8.5219595,
            47.3637248
          ]
        ]
      },
      "id": "way/968497812"
    },
    {
      "type": "Feature",
      "properties": {
        "@id": "way/968561450",
        "highway": "cycleway",
        "lit": "yes",
        "oneway": "yes",
        "smoothness": "excellent",
        "surface": "asphalt",
        "width": "1.2"
      },
      "geometry": {
        "type": "LineString",
        "coordinates": [
          [
            8.4860798,
            47.4035257
          ],
          [
            8.4860189,
            47.4035658
          ],
          [
            8.485986,
            47.4036269
          ],
          [
            8.4859792,
            47.4036396
          ]
        ]
      },
      "id": "way/968561450"
    },
    {
      "type": "Feature",
      "properties": {
        "@id": "way/970110410",
        "crossing": "unmarked",
        "crossing:markings": "no",
        "cycleway": "crossing",
        "highway": "cycleway",
        "lit": "yes",
        "smoothness": "good",
        "surface": "asphalt"
      },
      "geometry": {
        "type": "LineString",
        "coordinates": [
          [
            8.5362823,
            47.3881998
          ],
          [
            8.536332,
            47.3880052
          ]
        ]
      },
      "id": "way/970110410"
    },
    {
      "type": "Feature",
      "properties": {
        "@id": "way/970622413",
        "foot": "no",
        "highway": "cycleway",
        "lcn": "yes",
        "lit": "yes",
        "surface": "asphalt",
        "width": "1"
      },
      "geometry": {
        "type": "LineString",
        "coordinates": [
          [
            8.5692626,
            47.4057362
          ],
          [
            8.5693952,
            47.4057434
          ]
        ]
      },
      "id": "way/970622413"
    },
    {
      "type": "Feature",
      "properties": {
        "@id": "way/972195781",
        "highway": "cycleway",
        "lit": "yes",
        "oneway": "yes",
        "smoothness": "good",
        "surface": "asphalt",
        "width": "1.2"
      },
      "geometry": {
        "type": "LineString",
        "coordinates": [
          [
            8.519634,
            47.3870574
          ],
          [
            8.5195416,
            47.3870528
          ]
        ]
      },
      "id": "way/972195781"
    },
    {
      "type": "Feature",
      "properties": {
        "@id": "way/975988419",
        "foot": "no",
        "highway": "cycleway",
        "lanes": "2",
        "layer": "-1",
        "lit": "24/7",
        "maxspeed": "20",
        "name": "Stadttunnel",
        "smoothness": "excellent",
        "start_date": "2025-05-20",
        "surface": "concrete",
        "tunnel": "yes"
      },
      "geometry": {
        "type": "LineString",
        "coordinates": [
          [
            8.5362242,
            47.3776438
          ],
          [
            8.5366801,
            47.3780815
          ],
          [
            8.5370727,
            47.3787055
          ],
          [
            8.5371364,
            47.3788077
          ],
          [
            8.5372057,
            47.3789189
          ],
          [
            8.5373564,
            47.3791609
          ],
          [
            8.5375284,
            47.379455
          ],
          [
            8.537573,
            47.3795591
          ],
          [
            8.537707,
            47.3798108
          ]
        ]
      },
      "id": "way/975988419"
    },
    {
      "type": "Feature",
      "properties": {
        "@id": "way/975988420",
        "cutting": "yes",
        "foot": "no",
        "highway": "cycleway",
        "incline": "up",
        "lanes": "2",
        "maxspeed": "20",
        "name": "Stadttunnel",
        "start_date": "2025-05-20",
        "surface": "concrete"
      },
      "geometry": {
        "type": "LineString",
        "coordinates": [
          [
            8.537766,
            47.3799212
          ],
          [
            8.5379828,
            47.3803227
          ]
        ]
      },
      "id": "way/975988420"
    },
    {
      "type": "Feature",
      "properties": {
        "@id": "way/976011958",
        "highway": "cycleway",
        "surface": "asphalt"
      },
      "geometry": {
        "type": "LineString",
        "coordinates": [
          [
            8.5229964,
            47.3721177
          ],
          [
            8.5230288,
            47.3721501
          ],
          [
            8.5230455,
            47.3721666
          ],
          [
            8.523048,
            47.3721692
          ],
          [
            8.5231017,
            47.3722228
          ],
          [
            8.5231437,
            47.3722517
          ],
          [
            8.523195,
            47.3722755
          ],
          [
            8.5233054,
            47.3723037
          ],
          [
            8.5234091,
            47.3723687
          ]
        ]
      },
      "id": "way/976011958"
    },
    {
      "type": "Feature",
      "properties": {
        "@id": "way/988225522",
        "highway": "cycleway",
        "surface": "asphalt"
      },
      "geometry": {
        "type": "LineString",
        "coordinates": [
          [
            8.472705,
            47.3941907
          ],
          [
            8.4728113,
            47.3941576
          ]
        ]
      },
      "id": "way/988225522"
    },
    {
      "type": "Feature",
      "properties": {
        "@id": "way/1001036969",
        "bicycle": "designated",
        "foot": "designated",
        "highway": "cycleway",
        "name": "Lux-Guyer-Weg",
        "name:etymology:wikidata": "Q118435",
        "oneway": "no",
        "segregated": "no",
        "surface": "asphalt",
        "wikidata": "Q27327287"
      },
      "geometry": {
        "type": "LineString",
        "coordinates": [
          [
            8.5343381,
            47.3867229
          ],
          [
            8.5345284,
            47.3865743
          ],
          [
            8.5345792,
            47.3865373
          ],
          [
            8.5345949,
            47.3864585
          ],
          [
            8.5346375,
            47.3863976
          ],
          [
            8.5347446,
            47.3863245
          ],
          [
            8.5348875,
            47.3862405
          ],
          [
            8.5350282,
            47.3861357
          ],
          [
            8.5353492,
            47.3859043
          ],
          [
            8.5356897,
            47.3856339
          ]
        ]
      },
      "id": "way/1001036969"
    },
    {
      "type": "Feature",
      "properties": {
        "@id": "way/1006150233",
        "alt_name": "Biketrail Höckler",
        "bicycle": "designated",
        "foot": "no",
        "hazard": "pedestrians",
        "highway": "cycleway",
        "incline": "-13%",
        "mtb:scale": "2",
        "name": "Höcklertrail 3/4",
        "oneway": "yes",
        "route": "mtb",
        "surface": "unpaved"
      },
      "geometry": {
        "type": "LineString",
        "coordinates": [
          [
            8.5093737,
            47.3413796
          ],
          [
            8.5093601,
            47.3414044
          ],
          [
            8.5093365,
            47.3414249
          ],
          [
            8.5093084,
            47.3414439
          ],
          [
            8.5092786,
            47.3414593
          ],
          [
            8.5092452,
            47.3414698
          ],
          [
            8.5091604,
            47.3414881
          ],
          [
            8.5090552,
            47.3415184
          ],
          [
            8.5090335,
            47.3415302
          ],
          [
            8.5090234,
            47.3415422
          ],
          [
            8.5090174,
            47.3415523
          ],
          [
            8.5090209,
            47.3415595
          ],
          [
            8.5090359,
            47.3415667
          ],
          [
            8.5090518,
            47.341568
          ],
          [
            8.5090801,
            47.3415646
          ],
          [
            8.5091471,
            47.3415497
          ],
          [
            8.5091831,
            47.3415458
          ],
          [
            8.5092811,
            47.3415437
          ],
          [
            8.5093735,
            47.3415445
          ],
          [
            8.509439,
            47.3415465
          ],
          [
            8.5096256,
            47.3415563
          ],
          [
            8.5096913,
            47.3415526
          ],
          [
            8.509825,
            47.3415155
          ]
        ]
      },
      "id": "way/1006150233"
    },
    {
      "type": "Feature",
      "properties": {
        "@id": "way/1018548971",
        "alt_name": "Biketrail Triemli",
        "bicycle": "designated",
        "foot": "no",
        "highway": "cycleway",
        "horse": "no",
        "incline": "down",
        "info": "Viel schlamm, lange trockenzeit.",
        "lit": "no",
        "loc_name": "Antennentrail",
        "mtb": "designated",
        "mtb:scale": "2",
        "mtb_trail_type": "freeride",
        "name": "Triemlitrail",
        "name:gsw": "Üetzgitrail",
        "oneway": "yes",
        "surface": "compacted"
      },
      "geometry": {
        "type": "LineString",
        "coordinates": [
          [
            8.4936028,
            47.3630777
          ],
          [
            8.4936327,
            47.3631037
          ],
          [
            8.4936891,
            47.3631632
          ],
          [
            8.4937151,
            47.3631962
          ],
          [
            8.4937605,
            47.3632304
          ],
          [
            8.4937747,
            47.3632501
          ],
          [
            8.4937762,
            47.3632635
          ],
          [
            8.4937743,
            47.3632761
          ],
          [
            8.4937691,
            47.3632815
          ],
          [
            8.4937581,
            47.3632894
          ],
          [
            8.4937411,
            47.3632964
          ],
          [
            8.4936979,
            47.3633037
          ],
          [
            8.4936667,
            47.3633147
          ],
          [
            8.4935685,
            47.3633841
          ],
          [
            8.4935622,
            47.363398
          ],
          [
            8.4935633,
            47.3634163
          ],
          [
            8.4935757,
            47.3634341
          ],
          [
            8.4935943,
            47.3634418
          ],
          [
            8.493617,
            47.3634426
          ],
          [
            8.4936371,
            47.3634366
          ],
          [
            8.4936611,
            47.3634259
          ],
          [
            8.4937682,
            47.3633989
          ],
          [
            8.493792,
            47.3633931
          ],
          [
            8.4938192,
            47.363392
          ],
          [
            8.4938369,
            47.3633988
          ],
          [
            8.4938496,
            47.3634087
          ],
          [
            8.4938513,
            47.3634289
          ],
          [
            8.4938435,
            47.3634457
          ],
          [
            8.4938223,
            47.3634631
          ],
          [
            8.4937425,
            47.3635137
          ],
          [
            8.4936132,
            47.3635931
          ],
          [
            8.493597,
            47.3636145
          ],
          [
            8.4935895,
            47.36363
          ],
          [
            8.4935915,
            47.3636467
          ],
          [
            8.4935986,
            47.3636606
          ],
          [
            8.4936153,
            47.3636728
          ],
          [
            8.4936341,
            47.3636779
          ],
          [
            8.4936581,
            47.363678
          ],
          [
            8.4936773,
            47.3636753
          ],
          [
            8.4937606,
            47.3636445
          ],
          [
            8.4937866,
            47.3636405
          ],
          [
            8.4938079,
            47.3636398
          ],
          [
            8.4938317,
            47.3636459
          ],
          [
            8.4938422,
            47.3636535
          ],
          [
            8.4938467,
            47.3636616
          ],
          [
            8.4938511,
            47.3636742
          ],
          [
            8.4938457,
            47.3636874
          ],
          [
            8.4938333,
            47.3636973
          ],
          [
            8.4937811,
            47.363727
          ],
          [
            8.4937508,
            47.363764
          ],
          [
            8.4937339,
            47.3637982
          ],
          [
            8.4937353,
            47.3638163
          ],
          [
            8.4937448,
            47.3638342
          ],
          [
            8.4937638,
            47.3638479
          ],
          [
            8.4937793,
            47.3638566
          ],
          [
            8.4938026,
            47.3638576
          ],
          [
            8.4938221,
            47.3638533
          ],
          [
            8.4938348,
            47.3638449
          ],
          [
            8.4938428,
            47.3638331
          ],
          [
            8.4938415,
            47.3638194
          ],
          [
            8.4938386,
            47.3637977
          ],
          [
            8.4938398,
            47.3637891
          ],
          [
            8.493858,
            47.363776
          ],
          [
            8.4938731,
            47.3637709
          ],
          [
            8.4938888,
            47.3637704
          ],
          [
            8.4939158,
            47.3637784
          ],
          [
            8.4940367,
            47.3638336
          ],
          [
            8.4940694,
            47.3638466
          ]
        ]
      },
      "id": "way/1018548971"
    },
    {
      "type": "Feature",
      "properties": {
        "@id": "way/1018548972",
        "alt_name": "Biketrail Triemli",
        "bicycle": "designated",
        "foot": "no",
        "highway": "cycleway",
        "horse": "no",
        "incline": "down",
        "info": "Viel schlamm, lange trockenzeit.",
        "lit": "no",
        "loc_name": "Antennentrail",
        "mtb": "designated",
        "mtb:scale": "2",
        "mtb_trail_type": "freeride",
        "name": "Triemlitrail",
        "name:gsw": "Üetzgitrail",
        "oneway": "yes",
        "surface": "compacted"
      },
      "geometry": {
        "type": "LineString",
        "coordinates": [
          [
            8.4882331,
            47.3643863
          ],
          [
            8.4883084,
            47.3642633
          ],
          [
            8.4884661,
            47.3641091
          ],
          [
            8.4885137,
            47.3640345
          ],
          [
            8.4885549,
            47.3638292
          ],
          [
            8.4886009,
            47.363662
          ],
          [
            8.4886256,
            47.3635102
          ],
          [
            8.4886583,
            47.363435
          ],
          [
            8.4887081,
            47.363379
          ],
          [
            8.4887742,
            47.3633289
          ],
          [
            8.4887965,
            47.3632988
          ],
          [
            8.4888379,
            47.3632052
          ],
          [
            8.4888747,
            47.3631682
          ],
          [
            8.4889815,
            47.3630869
          ],
          [
            8.4891363,
            47.363015
          ],
          [
            8.489325,
            47.3628835
          ],
          [
            8.4894754,
            47.362808
          ],
          [
            8.4896447,
            47.3626746
          ],
          [
            8.4897299,
            47.3626229
          ],
          [
            8.4897725,
            47.3625848
          ],
          [
            8.4898068,
            47.3625464
          ],
          [
            8.4898362,
            47.3625091
          ],
          [
            8.489868,
            47.3624816
          ]
        ]
      },
      "id": "way/1018548972"
    },
    {
      "type": "Feature",
      "properties": {
        "@id": "way/1018548973",
        "alt_name": "Biketrail Triemli",
        "bicycle": "designated",
        "foot": "no",
        "highway": "cycleway",
        "horse": "no",
        "incline": "down",
        "info": "Viel schlamm, lange trockenzeit.",
        "lit": "no",
        "loc_name": "Antennentrail",
        "mtb": "designated",
        "mtb:scale": "2",
        "mtb_trail_type": "freeride",
        "name": "Triemlitrail",
        "name:gsw": "Üetzgitrail",
        "oneway": "yes",
        "surface": "compacted"
      },
      "geometry": {
        "type": "LineString",
        "coordinates": [
          [
            8.4874156,
            47.3635585
          ],
          [
            8.4873849,
            47.3635667
          ],
          [
            8.4873592,
            47.3635709
          ],
          [
            8.4873287,
            47.3635703
          ],
          [
            8.4872971,
            47.3635658
          ],
          [
            8.4872722,
            47.3635622
          ],
          [
            8.4872419,
            47.3635544
          ],
          [
            8.4872129,
            47.3635432
          ],
          [
            8.4871963,
            47.3635393
          ],
          [
            8.4871763,
            47.3635391
          ],
          [
            8.4871591,
            47.3635422
          ],
          [
            8.4871492,
            47.3635461
          ],
          [
            8.487142,
            47.3635543
          ],
          [
            8.4871398,
            47.3635687
          ],
          [
            8.4871415,
            47.3635809
          ],
          [
            8.4871494,
            47.363593
          ],
          [
            8.4871584,
            47.3636012
          ],
          [
            8.4871784,
            47.3636142
          ],
          [
            8.4872008,
            47.3636251
          ],
          [
            8.4873181,
            47.3636584
          ],
          [
            8.4873432,
            47.3636688
          ],
          [
            8.4873603,
            47.3636821
          ],
          [
            8.4873845,
            47.3637151
          ],
          [
            8.4873945,
            47.3637237
          ],
          [
            8.4874041,
            47.3637295
          ],
          [
            8.487418,
            47.3637376
          ],
          [
            8.4874342,
            47.363742
          ],
          [
            8.4874526,
            47.3637437
          ],
          [
            8.4874694,
            47.3637431
          ],
          [
            8.4875054,
            47.363745
          ],
          [
            8.487534,
            47.3637497
          ],
          [
            8.4875721,
            47.3637594
          ],
          [
            8.4876035,
            47.3637725
          ],
          [
            8.4876153,
            47.3637819
          ],
          [
            8.4876217,
            47.3637952
          ],
          [
            8.487623,
            47.363806
          ],
          [
            8.487617,
            47.3638174
          ],
          [
            8.4876018,
            47.3638278
          ],
          [
            8.4875835,
            47.3638341
          ],
          [
            8.4875177,
            47.363839
          ],
          [
            8.4874858,
            47.3638424
          ],
          [
            8.487457,
            47.3638484
          ],
          [
            8.4873818,
            47.3638633
          ],
          [
            8.4873473,
            47.3638763
          ],
          [
            8.4873289,
            47.363884
          ],
          [
            8.4873086,
            47.3638864
          ],
          [
            8.4872911,
            47.3638853
          ],
          [
            8.4872754,
            47.3638813
          ],
          [
            8.48725,
            47.3638661
          ],
          [
            8.4872327,
            47.3638582
          ],
          [
            8.4872209,
            47.3638551
          ],
          [
            8.4872095,
            47.3638543
          ],
          [
            8.487192,
            47.3638568
          ],
          [
            8.4871793,
            47.3638647
          ],
          [
            8.4870751,
            47.3639301
          ],
          [
            8.487054,
            47.3639504
          ],
          [
            8.4870312,
            47.363985
          ],
          [
            8.4870157,
            47.3640217
          ],
          [
            8.4870063,
            47.3640352
          ],
          [
            8.4869832,
            47.3640525
          ],
          [
            8.4868525,
            47.364101
          ],
          [
            8.4868252,
            47.3641176
          ],
          [
            8.4867921,
            47.3641451
          ],
          [
            8.4867601,
            47.3641872
          ],
          [
            8.4867089,
            47.3642346
          ],
          [
            8.4866943,
            47.3642575
          ],
          [
            8.4866958,
            47.3642797
          ],
          [
            8.4867002,
            47.3642926
          ],
          [
            8.4866978,
            47.3643046
          ],
          [
            8.4866855,
            47.3643165
          ],
          [
            8.4866551,
            47.3643283
          ],
          [
            8.4866283,
            47.3643364
          ],
          [
            8.4866137,
            47.3643452
          ],
          [
            8.4865987,
            47.3643621
          ],
          [
            8.4865866,
            47.3643928
          ],
          [
            8.4865875,
            47.3644217
          ],
          [
            8.4865894,
            47.3644341
          ],
          [
            8.4865832,
            47.3644558
          ],
          [
            8.4865678,
            47.3644799
          ],
          [
            8.4865373,
            47.3645103
          ],
          [
            8.4865188,
            47.3645222
          ],
          [
            8.4864824,
            47.3645335
          ],
          [
            8.4863899,
            47.3645579
          ],
          [
            8.4863397,
            47.3645689
          ],
          [
            8.4863081,
            47.3645706
          ],
          [
            8.486271,
            47.3645713
          ],
          [
            8.4862511,
            47.3645753
          ],
          [
            8.4862356,
            47.3645839
          ],
          [
            8.4862218,
            47.3645963
          ],
          [
            8.4862191,
            47.3646133
          ],
          [
            8.4862349,
            47.3646371
          ],
          [
            8.4862402,
            47.3646487
          ],
          [
            8.4862379,
            47.3646594
          ],
          [
            8.486228,
            47.3646726
          ],
          [
            8.4862151,
            47.3646794
          ],
          [
            8.4861763,
            47.3646928
          ],
          [
            8.4860958,
            47.3647111
          ],
          [
            8.4860834,
            47.3647196
          ],
          [
            8.4860813,
            47.3647312
          ],
          [
            8.4860865,
            47.3647454
          ],
          [
            8.4861038,
            47.364758
          ],
          [
            8.4861333,
            47.3647671
          ],
          [
            8.4862278,
            47.3647853
          ],
          [
            8.4862938,
            47.3648192
          ],
          [
            8.4863168,
            47.3648365
          ],
          [
            8.4863411,
            47.3648511
          ],
          [
            8.4863687,
            47.3648589
          ],
          [
            8.4863951,
            47.36486
          ],
          [
            8.4865821,
            47.3648325
          ]
        ]
      },
      "id": "way/1018548973"
    },
    {
      "type": "Feature",
      "properties": {
        "@id": "way/1018548974",
        "alt_name": "Biketrail Triemli",
        "bicycle": "designated",
        "foot": "no",
        "highway": "cycleway",
        "horse": "no",
        "incline": "down",
        "info": "Viel schlamm, lange trockenzeit.",
        "lit": "no",
        "loc_name": "Antennentrail",
        "mtb": "designated",
        "mtb:scale": "2",
        "mtb_trail_type": "freeride",
        "name": "Triemlitrail",
        "name:gsw": "Üetzgitrail",
        "oneway": "yes",
        "surface": "compacted",
        "width": "1.5"
      },
      "geometry": {
        "type": "LineString",
        "coordinates": [
          [
            8.4875122,
            47.3613946
          ],
          [
            8.4874974,
            47.3614294
          ],
          [
            8.4875031,
            47.3614611
          ],
          [
            8.4874988,
            47.3615098
          ]
        ]
      },
      "id": "way/1018548974"
    },
    {
      "type": "Feature",
      "properties": {
        "@id": "way/1018548975",
        "alt_name": "Biketrail Triemli",
        "bicycle": "designated",
        "foot": "no",
        "highway": "cycleway",
        "horse": "no",
        "incline": "down",
        "info": "Viel schlamm, lange trockenzeit.",
        "lit": "no",
        "loc_name": "Antennentrail",
        "mtb": "designated",
        "mtb:scale": "2",
        "mtb_trail_type": "freeride",
        "name": "Triemlitrail",
        "name:gsw": "Üetzgitrail",
        "oneway": "yes",
        "surface": "compacted"
      },
      "geometry": {
        "type": "LineString",
        "coordinates": [
          [
            8.4888164,
            47.3565659
          ],
          [
            8.4891406,
            47.3569182
          ],
          [
            8.4891701,
            47.3569626
          ],
          [
            8.4891889,
            47.3570111
          ],
          [
            8.4891873,
            47.3570318
          ],
          [
            8.4891773,
            47.3570492
          ],
          [
            8.4891511,
            47.3570716
          ],
          [
            8.4891231,
            47.3570884
          ],
          [
            8.4890845,
            47.3570971
          ],
          [
            8.4890429,
            47.357099
          ],
          [
            8.4889721,
            47.3570954
          ],
          [
            8.4888033,
            47.3570579
          ],
          [
            8.4887104,
            47.3570292
          ],
          [
            8.4886773,
            47.3570311
          ],
          [
            8.4886189,
            47.3570465
          ],
          [
            8.4885616,
            47.3570583
          ],
          [
            8.4883519,
            47.3570607
          ],
          [
            8.4881189,
            47.3570777
          ],
          [
            8.4880038,
            47.3570827
          ]
        ]
      },
      "id": "way/1018548975"
    },
    {
      "type": "Feature",
      "properties": {
        "@id": "way/1037128395",
        "foot": "no",
        "highway": "cycleway",
        "lit": "yes",
        "oneway": "yes",
        "surface": "asphalt"
      },
      "geometry": {
        "type": "LineString",
        "coordinates": [
          [
            8.5186318,
            47.3714611
          ],
          [
            8.5186589,
            47.3713547
          ],
          [
            8.5186572,
            47.3712908
          ],
          [
            8.5186265,
            47.3712151
          ]
        ]
      },
      "id": "way/1037128395"
    },
    {
      "type": "Feature",
      "properties": {
        "@id": "way/1042905940",
        "alt_name": "Biketrail Höckler",
        "bicycle": "designated",
        "foot": "no",
        "highway": "cycleway",
        "incline": "-13%",
        "mtb:scale": "2",
        "name": "Höcklertrail 3/4",
        "oneway": "yes",
        "route": "mtb",
        "surface": "unpaved"
      },
      "geometry": {
        "type": "LineString",
        "coordinates": [
          [
            8.5064491,
            47.3386922
          ],
          [
            8.50647,
            47.3387195
          ],
          [
            8.506463,
            47.3387527
          ],
          [
            8.5064408,
            47.3387803
          ],
          [
            8.5063919,
            47.3388282
          ]
        ]
      },
      "id": "way/1042905940"
    },
    {
      "type": "Feature",
      "properties": {
        "@id": "way/1042905941",
        "alt_name": "Biketrail Höckler",
        "bicycle": "designated",
        "bridge": "yes",
        "foot": "no",
        "highway": "cycleway",
        "incline": "-13%",
        "layer": "1",
        "mtb:scale": "2",
        "name": "Höcklertrail 3/4",
        "oneway": "yes",
        "route": "mtb",
        "surface": "unpaved"
      },
      "geometry": {
        "type": "LineString",
        "coordinates": [
          [
            8.5063651,
            47.3389115
          ],
          [
            8.5064251,
            47.3389021
          ]
        ]
      },
      "id": "way/1042905941"
    },
    {
      "type": "Feature",
      "properties": {
        "@id": "way/1044519892",
        "bicycle": "designated",
        "crossing": "traffic_signals",
        "cycleway": "crossing",
        "foot": "designated",
        "highway": "cycleway",
        "segregated": "yes",
        "surface": "asphalt"
      },
      "geometry": {
        "type": "LineString",
        "coordinates": [
          [
            8.523488,
            47.3673881
          ],
          [
            8.5234659,
            47.3674049
          ],
          [
            8.5234418,
            47.3674232
          ]
        ]
      },
      "id": "way/1044519892"
    },
    {
      "type": "Feature",
      "properties": {
        "@id": "way/1044519893",
        "foot": "no",
        "highway": "cycleway",
        "surface": "asphalt"
      },
      "geometry": {
        "type": "LineString",
        "coordinates": [
          [
            8.5234418,
            47.3674232
          ],
          [
            8.5233454,
            47.3674535
          ],
          [
            8.523292,
            47.3674457
          ]
        ]
      },
      "id": "way/1044519893"
    },
    {
      "type": "Feature",
      "properties": {
        "@id": "way/1055420438",
        "highway": "cycleway",
        "lit": "yes",
        "surface": "asphalt"
      },
      "geometry": {
        "type": "LineString",
        "coordinates": [
          [
            8.546644,
            47.4126112
          ],
          [
            8.5465678,
            47.4126021
          ],
          [
            8.5464826,
            47.4125919
          ],
          [
            8.5464105,
            47.4125833
          ],
          [
            8.5463933,
            47.4125812
          ],
          [
            8.5463741,
            47.4125789
          ],
          [
            8.546345,
            47.4125754
          ],
          [
            8.5463001,
            47.41257
          ]
        ]
      },
      "id": "way/1055420438"
    },
    {
      "type": "Feature",
      "properties": {
        "@id": "way/1068897270",
        "bicycle": "designated",
        "foot": "designated",
        "highway": "cycleway",
        "lit": "yes",
        "oneway": "yes",
        "segregated": "no",
        "surface": "asphalt"
      },
      "geometry": {
        "type": "LineString",
        "coordinates": [
          [
            8.5652964,
            47.4162248
          ],
          [
            8.5654228,
            47.4161557
          ],
          [
            8.5655923,
            47.4161387
          ]
        ]
      },
      "id": "way/1068897270"
    },
    {
      "type": "Feature",
      "properties": {
        "@id": "way/1069607101",
        "highway": "cycleway",
        "lcn": "yes",
        "oneway": "yes",
        "surface": "asphalt"
      },
      "geometry": {
        "type": "LineString",
        "coordinates": [
          [
            8.5629924,
            47.3657499
          ],
          [
            8.563186,
            47.3657376
          ]
        ]
      },
      "id": "way/1069607101"
    },
    {
      "type": "Feature",
      "properties": {
        "@id": "way/1090437731",
        "highway": "cycleway",
        "surface": "asphalt"
      },
      "geometry": {
        "type": "LineString",
        "coordinates": [
          [
            8.5684652,
            47.4127372
          ],
          [
            8.5685264,
            47.4127269
          ],
          [
            8.5685626,
            47.4127322
          ],
          [
            8.5685749,
            47.4127274
          ],
          [
            8.5689688,
            47.4125698
          ],
          [
            8.568982,
            47.41255
          ],
          [
            8.5689854,
            47.4125448
          ],
          [
            8.5689767,
            47.4125222
          ],
          [
            8.568947,
            47.4125026
          ],
          [
            8.5689245,
            47.4124815
          ],
          [
            8.5689231,
            47.4124623
          ],
          [
            8.5689715,
            47.4124296
          ]
        ]
      },
      "id": "way/1090437731"
    },
    {
      "type": "Feature",
      "properties": {
        "@id": "way/1097194490",
        "highway": "cycleway",
        "lit": "yes",
        "oneway": "yes",
        "smoothness": "excellent",
        "surface": "asphalt"
      },
      "geometry": {
        "type": "LineString",
        "coordinates": [
          [
            8.5471694,
            47.3730969
          ],
          [
            8.547272,
            47.3731692
          ]
        ]
      },
      "id": "way/1097194490"
    },
    {
      "type": "Feature",
      "properties": {
        "@id": "way/1097194491",
        "highway": "cycleway",
        "oneway": "yes",
        "surface": "asphalt"
      },
      "geometry": {
        "type": "LineString",
        "coordinates": [
          [
            8.5459798,
            47.3747009
          ],
          [
            8.545873,
            47.3746636
          ]
        ]
      },
      "id": "way/1097194491"
    },
    {
      "type": "Feature",
      "properties": {
        "@id": "way/1107403036",
        "highway": "cycleway",
        "lit": "yes",
        "smoothness": "excellent",
        "surface": "asphalt",
        "width": "2"
      },
      "geometry": {
        "type": "LineString",
        "coordinates": [
          [
            8.4874071,
            47.3910201
          ],
          [
            8.4874302,
            47.3910148
          ],
          [
            8.4875322,
            47.3909916
          ],
          [
            8.4875794,
            47.3909808
          ]
        ]
      },
      "id": "way/1107403036"
    },
    {
      "type": "Feature",
      "properties": {
        "@id": "way/1112762868",
        "foot": "no",
        "highway": "cycleway",
        "oneway": "yes",
        "surface": "asphalt"
      },
      "geometry": {
        "type": "LineString",
        "coordinates": [
          [
            8.4942369,
            47.3932679
          ],
          [
            8.4941173,
            47.3933054
          ],
          [
            8.4940783,
            47.3933039
          ]
        ]
      },
      "id": "way/1112762868"
    },
    {
      "type": "Feature",
      "properties": {
        "@id": "way/1112762870",
        "bridge": "yes",
        "foot": "no",
        "highway": "cycleway",
        "layer": "1",
        "oneway": "yes",
        "surface": "asphalt"
      },
      "geometry": {
        "type": "LineString",
        "coordinates": [
          [
            8.4940783,
            47.3933039
          ],
          [
            8.4938754,
            47.3932975
          ],
          [
            8.4937588,
            47.3932947
          ],
          [
            8.4936587,
            47.3932941
          ],
          [
            8.4935383,
            47.3932939
          ],
          [
            8.4934272,
            47.3932949
          ],
          [
            8.4933951,
            47.393296
          ],
          [
            8.4933635,
            47.3932974
          ],
          [
            8.4933241,
            47.3933003
          ],
          [
            8.4932924,
            47.3933044
          ],
          [
            8.4932652,
            47.3933089
          ],
          [
            8.4932382,
            47.3933151
          ],
          [
            8.4932167,
            47.393322
          ],
          [
            8.4931969,
            47.3933303
          ],
          [
            8.4931781,
            47.3933415
          ],
          [
            8.4931627,
            47.3933535
          ],
          [
            8.4931512,
            47.3933666
          ]
        ]
      },
      "id": "way/1112762870"
    },
    {
      "type": "Feature",
      "properties": {
        "@id": "way/1119250396",
        "highway": "cycleway"
      },
      "geometry": {
        "type": "LineString",
        "coordinates": [
          [
            8.507745,
            47.357306
          ],
          [
            8.5077679,
            47.357319
          ],
          [
            8.5078058,
            47.3573439
          ],
          [
            8.507842,
            47.3573513
          ],
          [
            8.5078661,
            47.357345
          ],
          [
            8.5078937,
            47.3573357
          ],
          [
            8.5079143,
            47.3573369
          ],
          [
            8.5079275,
            47.357345
          ],
          [
            8.5079316,
            47.3573629
          ],
          [
            8.5079316,
            47.3573715
          ],
          [
            8.5079309,
            47.3573948
          ],
          [
            8.5079298,
            47.3574325
          ],
          [
            8.507939,
            47.3574438
          ],
          [
            8.5079516,
            47.3574493
          ],
          [
            8.5079717,
            47.3574524
          ],
          [
            8.5079918,
            47.3574477
          ],
          [
            8.50802,
            47.3574345
          ],
          [
            8.5080395,
            47.3574263
          ],
          [
            8.5080527,
            47.3574213
          ],
          [
            8.5080682,
            47.3574205
          ],
          [
            8.5080785,
            47.3574271
          ],
          [
            8.5080877,
            47.3574368
          ],
          [
            8.5080912,
            47.3574609
          ],
          [
            8.5080929,
            47.3574753
          ],
          [
            8.5080957,
            47.357492
          ],
          [
            8.5080957,
            47.357508
          ],
          [
            8.5081009,
            47.3575193
          ],
          [
            8.508109,
            47.3575294
          ],
          [
            8.5081187,
            47.3575333
          ],
          [
            8.5081313,
            47.3575348
          ],
          [
            8.5081503,
            47.3575321
          ],
          [
            8.508171,
            47.3575189
          ],
          [
            8.5081859,
            47.3575103
          ],
          [
            8.5081905,
            47.3575072
          ],
          [
            8.5081974,
            47.3575025
          ],
          [
            8.5082117,
            47.3574952
          ],
          [
            8.5082232,
            47.3574913
          ],
          [
            8.5082404,
            47.3574854
          ],
          [
            8.5082605,
            47.3574804
          ],
          [
            8.5082812,
            47.3574878
          ],
          [
            8.5082858,
            47.3574967
          ],
          [
            8.5082875,
            47.357506
          ],
          [
            8.50828,
            47.3575232
          ],
          [
            8.508276,
            47.3575352
          ],
          [
            8.5082726,
            47.3575461
          ],
          [
            8.5082645,
            47.3575644
          ],
          [
            8.5082605,
            47.3575807
          ],
          [
            8.5082599,
            47.3575928
          ],
          [
            8.5082668,
            47.357599
          ],
          [
            8.5082818,
            47.3576006
          ],
          [
            8.5082973,
            47.3575982
          ],
          [
            8.5083122,
            47.3575939
          ],
          [
            8.5083271,
            47.3575889
          ],
          [
            8.508338,
            47.3575858
          ],
          [
            8.5083535,
            47.3575846
          ],
          [
            8.5083696,
            47.3575881
          ],
          [
            8.5083857,
            47.3575943
          ],
          [
            8.5083954,
            47.3576052
          ],
          [
            8.5083954,
            47.3576157
          ],
          [
            8.5083954,
            47.3576321
          ],
          [
            8.5083817,
            47.3576394
          ],
          [
            8.5083633,
            47.3576465
          ],
          [
            8.5083294,
            47.3576461
          ],
          [
            8.5083174,
            47.3576433
          ],
          [
            8.5082944,
            47.3576367
          ],
          [
            8.5081417,
            47.3575714
          ],
          [
            8.5078317,
            47.3574395
          ],
          [
            8.5078213,
            47.3574329
          ],
          [
            8.5078184,
            47.357424
          ],
          [
            8.5078162,
            47.357408
          ],
          [
            8.5078098,
            47.3573878
          ],
          [
            8.5078052,
            47.3573723
          ],
          [
            8.5077984,
            47.357359
          ],
          [
            8.5077932,
            47.3573481
          ],
          [
            8.5078058,
            47.3573439
          ]
        ]
      },
      "id": "way/1119250396"
    },
    {
      "type": "Feature",
      "properties": {
        "@id": "way/1123934714",
        "highway": "cycleway",
        "smoothness": "good",
        "surface": "asphalt",
        "width": "1"
      },
      "geometry": {
        "type": "LineString",
        "coordinates": [
          [
            8.5313991,
            47.384135
          ],
          [
            8.5313368,
            47.3841379
          ]
        ]
      },
      "id": "way/1123934714"
    },
    {
      "type": "Feature",
      "properties": {
        "@id": "way/1131851875",
        "highway": "cycleway",
        "lit": "yes",
        "oneway": "yes",
        "surface": "asphalt"
      },
      "geometry": {
        "type": "LineString",
        "coordinates": [
          [
            8.5614422,
            47.3668242
          ],
          [
            8.5614297,
            47.3667278
          ]
        ]
      },
      "id": "way/1131851875"
    },
    {
      "type": "Feature",
      "properties": {
        "@id": "way/1132331960",
        "highway": "cycleway",
        "lit": "yes",
        "smoothness": "excellent",
        "surface": "asphalt"
      },
      "geometry": {
        "type": "LineString",
        "coordinates": [
          [
            8.5484012,
            47.3770938
          ],
          [
            8.5484989,
            47.3771137
          ],
          [
            8.5485866,
            47.3771316
          ]
        ]
      },
      "id": "way/1132331960"
    },
    {
      "type": "Feature",
      "properties": {
        "@id": "way/1132331966",
        "foot": "no",
        "highway": "cycleway",
        "lit": "yes",
        "surface": "asphalt"
      },
      "geometry": {
        "type": "LineString",
        "coordinates": [
          [
            8.5492405,
            47.3756691
          ],
          [
            8.5493214,
            47.3756201
          ]
        ]
      },
      "id": "way/1132331966"
    },
    {
      "type": "Feature",
      "properties": {
        "@id": "way/1135360440",
        "highway": "cycleway",
        "lit": "yes",
        "oneway": "yes",
        "surface": "asphalt",
        "width": "1.3"
      },
      "geometry": {
        "type": "LineString",
        "coordinates": [
          [
            8.5595729,
            47.3673864
          ],
          [
            8.5596095,
            47.3673843
          ],
          [
            8.5596993,
            47.367379
          ]
        ]
      },
      "id": "way/1135360440"
    },
    {
      "type": "Feature",
      "properties": {
        "@id": "way/1135360441",
        "highway": "cycleway",
        "lit": "yes",
        "oneway": "yes",
        "surface": "asphalt"
      },
      "geometry": {
        "type": "LineString",
        "coordinates": [
          [
            8.5603932,
            47.36771
          ],
          [
            8.560418,
            47.3677752
          ],
          [
            8.560423,
            47.3677882
          ]
        ]
      },
      "id": "way/1135360441"
    },
    {
      "type": "Feature",
      "properties": {
        "@id": "way/1136748927",
        "highway": "cycleway",
        "oneway": "yes",
        "surface": "asphalt"
      },
      "geometry": {
        "type": "LineString",
        "coordinates": [
          [
            8.5723538,
            47.4097403
          ],
          [
            8.5722818,
            47.409686
          ]
        ]
      },
      "id": "way/1136748927"
    },
    {
      "type": "Feature",
      "properties": {
        "@id": "way/1145357668",
        "highway": "cycleway",
        "lit": "yes",
        "smoothness": "excellent",
        "surface": "asphalt",
        "width": "1"
      },
      "geometry": {
        "type": "LineString",
        "coordinates": [
          [
            8.5417944,
            47.3664181
          ],
          [
            8.5418445,
            47.3664542
          ],
          [
            8.5420582,
            47.3665204
          ],
          [
            8.5420985,
            47.3665362
          ],
          [
            8.5421583,
            47.3665599
          ],
          [
            8.5422346,
            47.3665945
          ],
          [
            8.542284,
            47.3666225
          ],
          [
            8.5423416,
            47.3666458
          ],
          [
            8.5424113,
            47.3666637
          ]
        ]
      },
      "id": "way/1145357668"
    },
    {
      "type": "Feature",
      "properties": {
        "@id": "way/1145357669",
        "highway": "cycleway",
        "lit": "yes",
        "smoothness": "excellent",
        "surface": "asphalt"
      },
      "geometry": {
        "type": "LineString",
        "coordinates": [
          [
            8.543884,
            47.3669161
          ],
          [
            8.5439278,
            47.3669216
          ],
          [
            8.5439748,
            47.3669119
          ]
        ]
      },
      "id": "way/1145357669"
    },
    {
      "type": "Feature",
      "properties": {
        "@id": "way/1145357670",
        "bridge": "yes",
        "highway": "cycleway",
        "layer": "1",
        "lit": "yes",
        "smoothness": "excellent",
        "surface": "asphalt",
        "width": "2"
      },
      "geometry": {
        "type": "LineString",
        "coordinates": [
          [
            8.5424113,
            47.3666637
          ],
          [
            8.543884,
            47.3669161
          ]
        ]
      },
      "id": "way/1145357670"
    },
    {
      "type": "Feature",
      "properties": {
        "@id": "way/1146438509",
        "bicycle": "yes",
        "foot": "no",
        "highway": "cycleway",
        "lit": "yes",
        "motor_vehicle": "no",
        "surface": "asphalt"
      },
      "geometry": {
        "type": "LineString",
        "coordinates": [
          [
            8.5296619,
            47.3794474
          ],
          [
            8.5297489,
            47.3795297
          ]
        ]
      },
      "id": "way/1146438509"
    },
    {
      "type": "Feature",
      "properties": {
        "@id": "way/1154444281",
        "highway": "cycleway",
        "lit": "yes",
        "oneway": "yes",
        "surface": "asphalt",
        "width": "1"
      },
      "geometry": {
        "type": "LineString",
        "coordinates": [
          [
            8.5745538,
            47.355044
          ],
          [
            8.5746652,
            47.354979
          ],
          [
            8.5747404,
            47.3549351
          ],
          [
            8.5747766,
            47.3549139
          ]
        ]
      },
      "id": "way/1154444281"
    },
    {
      "type": "Feature",
      "properties": {
        "@id": "way/1154444327",
        "foot": "no",
        "highway": "cycleway",
        "lit": "yes",
        "oneway": "yes",
        "surface": "asphalt"
      },
      "geometry": {
        "type": "LineString",
        "coordinates": [
          [
            8.5823295,
            47.3510672
          ],
          [
            8.5824032,
            47.3510212
          ]
        ]
      },
      "id": "way/1154444327"
    },
    {
      "type": "Feature",
      "properties": {
        "@id": "way/1154444328",
        "foot": "no",
        "highway": "cycleway",
        "lit": "yes",
        "oneway": "yes"
      },
      "geometry": {
        "type": "LineString",
        "coordinates": [
          [
            8.5815509,
            47.3509862
          ],
          [
            8.5816735,
            47.3510718
          ]
        ]
      },
      "id": "way/1154444328"
    },
    {
      "type": "Feature",
      "properties": {
        "@id": "way/1154444342",
        "highway": "cycleway",
        "lit": "yes",
        "oneway": "yes",
        "surface": "asphalt"
      },
      "geometry": {
        "type": "LineString",
        "coordinates": [
          [
            8.5764051,
            47.3535247
          ],
          [
            8.5763908,
            47.3534521
          ]
        ]
      },
      "id": "way/1154444342"
    },
    {
      "type": "Feature",
      "properties": {
        "@id": "way/1155583223",
        "highway": "cycleway",
        "lit": "yes",
        "oneway": "yes",
        "surface": "asphalt",
        "width": "1.7"
      },
      "geometry": {
        "type": "LineString",
        "coordinates": [
          [
            8.5721488,
            47.3577946
          ],
          [
            8.5721752,
            47.3577601
          ],
          [
            8.5722559,
            47.3576545
          ],
          [
            8.5723145,
            47.357578
          ]
        ]
      },
      "id": "way/1155583223"
    },
    {
      "type": "Feature",
      "properties": {
        "@id": "way/1155863444",
        "foot": "no",
        "highway": "cycleway",
        "lit": "yes",
        "oneway": "yes",
        "surface": "asphalt",
        "width": "1.4"
      },
      "geometry": {
        "type": "LineString",
        "coordinates": [
          [
            8.5630365,
            47.3631209
          ],
          [
            8.563134,
            47.3631074
          ]
        ]
      },
      "id": "way/1155863444"
    },
    {
      "type": "Feature",
      "properties": {
        "@id": "way/1155863446",
        "foot": "no",
        "highway": "cycleway",
        "lit": "yes",
        "oneway": "yes",
        "surface": "asphalt",
        "width": "1.4"
      },
      "geometry": {
        "type": "LineString",
        "coordinates": [
          [
            8.5616328,
            47.3641776
          ],
          [
            8.5616751,
            47.3640968
          ]
        ]
      },
      "id": "way/1155863446"
    },
    {
      "type": "Feature",
      "properties": {
        "@id": "way/1155863447",
        "foot": "no",
        "highway": "cycleway",
        "lit": "yes",
        "oneway": "yes",
        "surface": "asphalt",
        "width": "1.4"
      },
      "geometry": {
        "type": "LineString",
        "coordinates": [
          [
            8.5615405,
            47.3641915
          ],
          [
            8.5616328,
            47.3641776
          ]
        ]
      },
      "id": "way/1155863447"
    },
    {
      "type": "Feature",
      "properties": {
        "@id": "way/1155863489",
        "foot": "no",
        "highway": "cycleway",
        "oneway": "yes",
        "smoothness": "excellent",
        "source:width": "ARCore",
        "surface": "asphalt",
        "width": "1.4"
      },
      "geometry": {
        "type": "LineString",
        "coordinates": [
          [
            8.5585768,
            47.3669296
          ],
          [
            8.5585799,
            47.366916
          ],
          [
            8.5585985,
            47.3668346
          ]
        ]
      },
      "id": "way/1155863489"
    },
    {
      "type": "Feature",
      "properties": {
        "@id": "way/1157721721",
        "highway": "cycleway",
        "lit": "yes",
        "oneway": "yes",
        "smoothness": "good",
        "surface": "asphalt",
        "width": "1.5"
      },
      "geometry": {
        "type": "LineString",
        "coordinates": [
          [
            8.5441449,
            47.3671206
          ],
          [
            8.5440534,
            47.3671292
          ],
          [
            8.5439097,
            47.3671076
          ]
        ]
      },
      "id": "way/1157721721"
    },
    {
      "type": "Feature",
      "properties": {
        "@id": "way/1157721722",
        "bridge": "yes",
        "highway": "cycleway",
        "layer": "1",
        "lit": "yes",
        "oneway": "yes",
        "smoothness": "excellent",
        "surface": "asphalt",
        "width": "2.5"
      },
      "geometry": {
        "type": "LineString",
        "coordinates": [
          [
            8.5439097,
            47.3671076
          ],
          [
            8.5423441,
            47.3668365
          ]
        ]
      },
      "id": "way/1157721722"
    },
    {
      "type": "Feature",
      "properties": {
        "@id": "way/1157721723",
        "highway": "cycleway",
        "lit": "yes",
        "oneway": "yes",
        "smoothness": "excellent",
        "surface": "asphalt",
        "width": "2"
      },
      "geometry": {
        "type": "LineString",
        "coordinates": [
          [
            8.5423441,
            47.3668365
          ],
          [
            8.5421198,
            47.3668023
          ],
          [
            8.5420145,
            47.3667551
          ]
        ]
      },
      "id": "way/1157721723"
    },
    {
      "type": "Feature",
      "properties": {
        "@id": "way/1159204635",
        "bicycle": "yes",
        "foot": "no",
        "highway": "cycleway",
        "lit": "yes",
        "motor_vehicle": "no",
        "oneway": "yes",
        "smoothness": "excellent",
        "source:width": "ARCore",
        "surface": "asphalt",
        "width": "5.2"
      },
      "geometry": {
        "type": "LineString",
        "coordinates": [
          [
            8.5483872,
            47.3773472
          ],
          [
            8.5484619,
            47.3774062
          ]
        ]
      },
      "id": "way/1159204635"
    },
    {
      "type": "Feature",
      "properties": {
        "@id": "way/1162383510",
        "highway": "cycleway",
        "lit": "yes",
        "surface": "asphalt"
      },
      "geometry": {
        "type": "LineString",
        "coordinates": [
          [
            8.5356135,
            47.3761036
          ],
          [
            8.5355742,
            47.376067
          ],
          [
            8.5355692,
            47.3760374
          ]
        ]
      },
      "id": "way/1162383510"
    },
    {
      "type": "Feature",
      "properties": {
        "@id": "way/1167503444",
        "highway": "cycleway",
        "lit": "yes",
        "oneway": "yes",
        "smoothness": "good",
        "surface": "asphalt",
        "width": "3"
      },
      "geometry": {
        "type": "LineString",
        "coordinates": [
          [
            8.5464518,
            47.413095
          ],
          [
            8.5463037,
            47.4131238
          ],
          [
            8.5461995,
            47.4131512
          ],
          [
            8.5461736,
            47.413158
          ],
          [
            8.5461459,
            47.4131653
          ],
          [
            8.5461309,
            47.4131693
          ],
          [
            8.5461133,
            47.4131615
          ],
          [
            8.5460979,
            47.4131546
          ],
          [
            8.546022,
            47.4131207
          ],
          [
            8.5459769,
            47.4131006
          ]
        ]
      },
      "id": "way/1167503444"
    },
    {
      "type": "Feature",
      "properties": {
        "@id": "way/1168961682",
        "highway": "cycleway",
        "lcn": "yes",
        "lit": "yes",
        "surface": "asphalt"
      },
      "geometry": {
        "type": "LineString",
        "coordinates": [
          [
            8.5323452,
            47.3659154
          ],
          [
            8.5323239,
            47.3660858
          ],
          [
            8.5323213,
            47.3661062
          ]
        ]
      },
      "id": "way/1168961682"
    },
    {
      "type": "Feature",
      "properties": {
        "@id": "way/1171912804",
        "covered": "yes",
        "highway": "cycleway",
        "oneway": "no",
        "surface": "asphalt"
      },
      "geometry": {
        "type": "LineString",
        "coordinates": [
          [
            8.4984783,
            47.3871085
          ],
          [
            8.4984509,
            47.3870277
          ]
        ]
      },
      "id": "way/1171912804"
    },
    {
      "type": "Feature",
      "properties": {
        "@id": "way/1186316663",
        "foot": "no",
        "highway": "cycleway",
        "incline": "up",
        "lanes": "2",
        "layer": "-1",
        "maxspeed": "20",
        "name": "Stadttunnel",
        "surface": "concrete",
        "tunnel": "yes"
      },
      "geometry": {
        "type": "LineString",
        "coordinates": [
          [
            8.537707,
            47.3798108
          ],
          [
            8.5377262,
            47.3798434
          ],
          [
            8.537766,
            47.3799212
          ]
        ]
      },
      "id": "way/1186316663"
    },
    {
      "type": "Feature",
      "properties": {
        "@id": "way/1186316664",
        "foot": "no",
        "highway": "cycleway",
        "incline": "up",
        "lanes": "2",
        "layer": "-1",
        "lit": "24/7",
        "maxspeed": "20",
        "smoothness": "excellent",
        "surface": "concrete",
        "tunnel": "yes"
      },
      "geometry": {
        "type": "LineString",
        "coordinates": [
          [
            8.537707,
            47.3798108
          ],
          [
            8.5376837,
            47.3798175
          ],
          [
            8.5376038,
            47.37984
          ],
          [
            8.5373273,
            47.3799126
          ]
        ]
      },
      "id": "way/1186316664"
    },
    {
      "type": "Feature",
      "properties": {
        "@id": "way/1186316665",
        "cutting": "yes",
        "foot": "no",
        "highway": "cycleway",
        "incline": "up",
        "lanes": "2",
        "lit": "yes",
        "maxspeed": "20",
        "smoothness": "excellent",
        "surface": "concrete"
      },
      "geometry": {
        "type": "LineString",
        "coordinates": [
          [
            8.5373273,
            47.3799126
          ],
          [
            8.5369694,
            47.3800119
          ]
        ]
      },
      "id": "way/1186316665"
    },
    {
      "type": "Feature",
      "properties": {
        "@id": "way/1187678325",
        "highway": "cycleway",
        "oneway": "yes",
        "smoothness": "good",
        "surface": "asphalt"
      },
      "geometry": {
        "type": "LineString",
        "coordinates": [
          [
            8.5479936,
            47.4034685
          ],
          [
            8.54818,
            47.4034857
          ]
        ]
      },
      "id": "way/1187678325"
    },
    {
      "type": "Feature",
      "properties": {
        "@id": "way/1202473227",
        "highway": "cycleway"
      },
      "geometry": {
        "type": "LineString",
        "coordinates": [
          [
            8.5189473,
            47.3813439
          ],
          [
            8.5189216,
            47.3813276
          ],
          [
            8.5188828,
            47.3813006
          ]
        ]
      },
      "id": "way/1202473227"
    },
    {
      "type": "Feature",
      "properties": {
        "@id": "way/1206339972",
        "cycleway": "link",
        "highway": "cycleway",
        "lcn": "yes",
        "oneway": "yes",
        "surface": "asphalt"
      },
      "geometry": {
        "type": "LineString",
        "coordinates": [
          [
            8.4992931,
            47.3833979
          ],
          [
            8.4991759,
            47.3834716
          ]
        ]
      },
      "id": "way/1206339972"
    },
    {
      "type": "Feature",
      "properties": {
        "@id": "way/1206339974",
        "cycleway": "link",
        "highway": "cycleway",
        "lcn": "yes",
        "oneway": "yes",
        "surface": "asphalt"
      },
      "geometry": {
        "type": "LineString",
        "coordinates": [
          [
            8.4964188,
            47.3847202
          ],
          [
            8.4962938,
            47.3847349
          ]
        ]
      },
      "id": "way/1206339974"
    },
    {
      "type": "Feature",
      "properties": {
        "@id": "way/1210224980",
        "access": "no",
        "bicycle": "no",
        "button_operated": "yes",
        "crossing": "traffic_signals",
        "cycleway": "crossing",
        "foot": "yes",
        "highway": "cycleway",
        "horse": "no",
        "motor_vehicle": "no",
        "oneway": "yes"
      },
      "geometry": {
        "type": "LineString",
        "coordinates": [
          [
            8.4794208,
            47.3907304
          ],
          [
            8.4794343,
            47.3907747
          ],
          [
            8.4794502,
            47.3908272
          ]
        ]
      },
      "id": "way/1210224980"
    },
    {
      "type": "Feature",
      "properties": {
        "@id": "way/1211979251",
        "bicycle": "yes",
        "foot": "no",
        "highway": "cycleway",
        "horse": "no",
        "lit": "yes",
        "oneway:bicycle": "yes",
        "surface": "asphalt",
        "width": "1.5"
      },
      "geometry": {
        "type": "LineString",
        "coordinates": [
          [
            8.5280359,
            47.3802006
          ],
          [
            8.5282414,
            47.3802306
          ],
          [
            8.5282881,
            47.3802362
          ]
        ]
      },
      "id": "way/1211979251"
    },
    {
      "type": "Feature",
      "properties": {
        "@id": "way/1211979252",
        "access": "no",
        "bicycle": "designated",
        "foot": "no",
        "highway": "cycleway",
        "oneway:bicycle": "yes"
      },
      "geometry": {
        "type": "LineString",
        "coordinates": [
          [
            8.528444,
            47.3800596
          ],
          [
            8.5282881,
            47.3802362
          ]
        ]
      },
      "id": "way/1211979252"
    },
    {
      "type": "Feature",
      "properties": {
        "@id": "way/1216196484",
        "highway": "cycleway",
        "smoothness": "good",
        "surface": "asphalt",
        "width": "3"
      },
      "geometry": {
        "type": "LineString",
        "coordinates": [
          [
            8.5269437,
            47.3879086
          ],
          [
            8.5270662,
            47.3879563
          ]
        ]
      },
      "id": "way/1216196484"
    },
    {
      "type": "Feature",
      "properties": {
        "@id": "way/1222208551",
        "alt_name": "Biketrail Höckler",
        "bicycle": "designated",
        "foot": "no",
        "highway": "cycleway",
        "incline": "-13%",
        "mtb:scale": "2",
        "name": "Höcklertrail 3/4",
        "oneway": "yes",
        "route": "mtb",
        "surface": "unpaved"
      },
      "geometry": {
        "type": "LineString",
        "coordinates": [
          [
            8.5063392,
            47.338864
          ],
          [
            8.5063178,
            47.3388901
          ],
          [
            8.5063207,
            47.3389045
          ],
          [
            8.5063386,
            47.3389127
          ],
          [
            8.5063651,
            47.3389115
          ]
        ]
      },
      "id": "way/1222208551"
    },
    {
      "type": "Feature",
      "properties": {
        "@id": "way/1222208552",
        "alt_name": "Biketrail Höckler",
        "bicycle": "designated",
        "bridge": "yes",
        "foot": "no",
        "highway": "cycleway",
        "incline": "-13%",
        "layer": "1",
        "mtb:scale": "2",
        "name": "Höcklertrail 3/4",
        "oneway": "yes",
        "route": "mtb",
        "surface": "unpaved"
      },
      "geometry": {
        "type": "LineString",
        "coordinates": [
          [
            8.5063919,
            47.3388282
          ],
          [
            8.5063392,
            47.338864
          ]
        ]
      },
      "id": "way/1222208552"
    },
    {
      "type": "Feature",
      "properties": {
        "@id": "way/1222799818",
        "bicycle": "yes",
        "foot": "no",
        "highway": "cycleway",
        "lit": "yes",
        "motorcycle": "no",
        "surface": "asphalt",
        "width": "5"
      },
      "geometry": {
        "type": "LineString",
        "coordinates": [
          [
            8.4990658,
            47.4016227
          ],
          [
            8.4991635,
            47.4016369
          ]
        ]
      },
      "id": "way/1222799818"
    },
    {
      "type": "Feature",
      "properties": {
        "@id": "way/1225479934",
        "bicycle": "yes",
        "foot": "yes",
        "highway": "cycleway",
        "segregated": "no",
        "smoothness": "good",
        "surface": "asphalt"
      },
      "geometry": {
        "type": "LineString",
        "coordinates": [
          [
            8.5469442,
            47.3658036
          ],
          [
            8.546949,
            47.3658298
          ],
          [
            8.5469536,
            47.3658551
          ],
          [
            8.5469868,
            47.3658815
          ]
        ]
      },
      "id": "way/1225479934"
    },
    {
      "type": "Feature",
      "properties": {
        "@id": "way/1225479935",
        "bicycle": "yes",
        "foot": "yes",
        "highway": "cycleway",
        "segregated": "no",
        "smoothness": "excellent",
        "surface": "paving_stones"
      },
      "geometry": {
        "type": "LineString",
        "coordinates": [
          [
            8.546961,
            47.3655157
          ],
          [
            8.5469442,
            47.3658036
          ]
        ]
      },
      "id": "way/1225479935"
    },
    {
      "type": "Feature",
      "properties": {
        "@id": "way/1226126453",
        "alt_name": "Biketrail Triemli",
        "bicycle": "designated",
        "foot": "no",
        "highway": "cycleway",
        "horse": "no",
        "incline": "down",
        "info": "Viel schlamm, lange trockenzeit.",
        "lit": "no",
        "loc_name": "Antennentrail",
        "mtb": "designated",
        "mtb:scale": "2",
        "mtb_trail_type": "freeride",
        "name": "Triemlitrail",
        "name:gsw": "Üetzgitrail",
        "oneway": "yes",
        "surface": "compacted"
      },
      "geometry": {
        "type": "LineString",
        "coordinates": [
          [
            8.4875959,
            47.3620607
          ],
          [
            8.4876263,
            47.3621038
          ],
          [
            8.4876521,
            47.3621244
          ],
          [
            8.487661,
            47.3621372
          ],
          [
            8.487661,
            47.3621539
          ],
          [
            8.4876529,
            47.3621802
          ],
          [
            8.4876375,
            47.3621959
          ],
          [
            8.4876021,
            47.3622327
          ],
          [
            8.4875843,
            47.3622577
          ],
          [
            8.4875555,
            47.3622783
          ],
          [
            8.4875296,
            47.3622848
          ],
          [
            8.4875031,
            47.3622997
          ],
          [
            8.4874807,
            47.3623169
          ],
          [
            8.4874135,
            47.3623429
          ]
        ]
      },
      "id": "way/1226126453"
    },
    {
      "type": "Feature",
      "properties": {
        "@id": "way/1227333499",
        "foot": "no",
        "highway": "cycleway",
        "surface": "asphalt"
      },
      "geometry": {
        "type": "LineString",
        "coordinates": [
          [
            8.5682883,
            47.3822967
          ],
          [
            8.5682641,
            47.3822624
          ]
        ]
      },
      "id": "way/1227333499"
    },
    {
      "type": "Feature",
      "properties": {
        "@id": "way/1229658669",
        "highway": "cycleway",
        "smoothness": "excellent",
        "surface": "asphalt"
      },
      "geometry": {
        "type": "LineString",
        "coordinates": [
          [
            8.5303721,
            47.3833379
          ],
          [
            8.5304313,
            47.3833093
          ]
        ]
      },
      "id": "way/1229658669"
    },
    {
      "type": "Feature",
      "properties": {
        "@id": "way/1253223569",
        "bicycle": "designated",
        "foot": "designated",
        "highway": "cycleway",
        "segregated": "no",
        "surface": "asphalt"
      },
      "geometry": {
        "type": "LineString",
        "coordinates": [
          [
            8.4866583,
            47.375964
          ],
          [
            8.4868053,
            47.375994
          ],
          [
            8.4870319,
            47.3760403
          ],
          [
            8.4869219,
            47.3762525
          ],
          [
            8.4868608,
            47.3763704
          ],
          [
            8.4866603,
            47.3763676
          ]
        ]
      },
      "id": "way/1253223569"
    },
    {
      "type": "Feature",
      "properties": {
        "@id": "way/1253223570",
        "bicycle": "designated",
        "foot": "designated",
        "highway": "cycleway",
        "segregated": "no",
        "surface": "asphalt"
      },
      "geometry": {
        "type": "LineString",
        "coordinates": [
          [
            8.4868005,
            47.3765895
          ],
          [
            8.4868284,
            47.376488
          ],
          [
            8.4868608,
            47.3763704
          ]
        ]
      },
      "id": "way/1253223570"
    },
    {
      "type": "Feature",
      "properties": {
        "@id": "way/1257361454",
        "highway": "cycleway",
        "lit": "no",
        "maxspeed": "60",
        "oneway": "yes",
        "surface": "asphalt"
      },
      "geometry": {
        "type": "LineString",
        "coordinates": [
          [
            8.5298721,
            47.329694
          ],
          [
            8.5299153,
            47.3297344
          ],
          [
            8.5299483,
            47.3297587
          ],
          [
            8.5299838,
            47.3297778
          ],
          [
            8.5300212,
            47.3297901
          ],
          [
            8.5300617,
            47.3297961
          ],
          [
            8.5301176,
            47.3297971
          ],
          [
            8.5302426,
            47.3297896
          ],
          [
            8.5303746,
            47.3298085
          ]
        ]
      },
      "id": "way/1257361454"
    },
    {
      "type": "Feature",
      "properties": {
        "@id": "way/1278527433",
        "foot": "no",
        "highway": "cycleway",
        "lit": "yes",
        "smoothness": "excellent",
        "surface": "asphalt",
        "width": "2"
      },
      "geometry": {
        "type": "LineString",
        "coordinates": [
          [
            8.489147,
            47.3931368
          ],
          [
            8.4891164,
            47.3931551
          ],
          [
            8.489096,
            47.3931812
          ],
          [
            8.4890953,
            47.3932049
          ],
          [
            8.489098,
            47.39323
          ],
          [
            8.4891088,
            47.3932549
          ],
          [
            8.4891407,
            47.3932977
          ],
          [
            8.4891905,
            47.3933451
          ],
          [
            8.48928,
            47.3934237
          ],
          [
            8.4893757,
            47.3934944
          ],
          [
            8.4894465,
            47.3935501
          ],
          [
            8.4895263,
            47.3936129
          ],
          [
            8.4896182,
            47.3936767
          ],
          [
            8.4896667,
            47.3937012
          ]
        ]
      },
      "id": "way/1278527433"
    },
    {
      "type": "Feature",
      "properties": {
        "@id": "way/1290058012",
        "highway": "cycleway",
        "surface": "asphalt"
      },
      "geometry": {
        "type": "LineString",
        "coordinates": [
          [
            8.5171653,
            47.3728409
          ],
          [
            8.517202,
            47.3728565
          ],
          [
            8.5172182,
            47.3728634
          ],
          [
            8.5173003,
            47.3728983
          ],
          [
            8.5174083,
            47.3729442
          ]
        ]
      },
      "id": "way/1290058012"
    },
    {
      "type": "Feature",
      "properties": {
        "@id": "way/1303857448",
        "highway": "cycleway"
      },
      "geometry": {
        "type": "LineString",
        "coordinates": [
          [
            8.5051915,
            47.3970454
          ],
          [
            8.5051222,
            47.39704
          ]
        ]
      },
      "id": "way/1303857448"
    },
    {
      "type": "Feature",
      "properties": {
        "@id": "way/1304554304",
        "highway": "cycleway",
        "oneway": "yes"
      },
      "geometry": {
        "type": "LineString",
        "coordinates": [
          [
            8.4724173,
            47.3941795
          ],
          [
            8.4724295,
            47.3942572
          ]
        ]
      },
      "id": "way/1304554304"
    },
    {
      "type": "Feature",
      "properties": {
        "@id": "way/1305596544",
        "fixme": "add width, it's on the narrower side",
        "highway": "cycleway",
        "oneway": "yes",
        "surface": "asphalt"
      },
      "geometry": {
        "type": "LineString",
        "coordinates": [
          [
            8.5329553,
            47.3665589
          ],
          [
            8.5328986,
            47.3665383
          ],
          [
            8.532684,
            47.3663374
          ],
          [
            8.5324261,
            47.3661109
          ],
          [
            8.5323865,
            47.3660518
          ]
        ]
      },
      "id": "way/1305596544"
    },
    {
      "type": "Feature",
      "properties": {
        "@id": "way/1306208646",
        "cycleway": "link",
        "highway": "cycleway",
        "lcn": "yes",
        "oneway": "yes",
        "surface": "asphalt"
      },
      "geometry": {
        "type": "LineString",
        "coordinates": [
          [
            8.4995214,
            47.3833268
          ],
          [
            8.4994638,
            47.3833257
          ]
        ]
      },
      "id": "way/1306208646"
    },
    {
      "type": "Feature",
      "properties": {
        "@id": "way/1306210890",
        "highway": "cycleway",
        "lcn": "yes",
        "oneway": "yes",
        "smoothness": "excellent",
        "surface": "asphalt",
        "width": "1"
      },
      "geometry": {
        "type": "LineString",
        "coordinates": [
          [
            8.4975304,
            47.3842622
          ],
          [
            8.4974671,
            47.3842923
          ],
          [
            8.4973866,
            47.3843322
          ],
          [
            8.497306,
            47.3843712
          ],
          [
            8.4971644,
            47.3844325
          ],
          [
            8.4970085,
            47.3844969
          ],
          [
            8.4968622,
            47.3845559
          ],
          [
            8.4967222,
            47.3846117
          ],
          [
            8.4965508,
            47.3846732
          ],
          [
            8.4964188,
            47.3847202
          ]
        ]
      },
      "id": "way/1306210890"
    },
    {
      "type": "Feature",
      "properties": {
        "@id": "way/1306210891",
        "cycleway": "link",
        "highway": "cycleway",
        "lcn": "yes",
        "oneway": "yes",
        "surface": "asphalt"
      },
      "geometry": {
        "type": "LineString",
        "coordinates": [
          [
            8.4978888,
            47.3840863
          ],
          [
            8.497808,
            47.3841068
          ]
        ]
      },
      "id": "way/1306210891"
    },
    {
      "type": "Feature",
      "properties": {
        "@id": "way/1306936796",
        "highway": "cycleway",
        "note": "In the real world, this cycleway does not cross the railway tracks, it only looks as if because we tag centerline in OSM.",
        "smoothness": "good",
        "surface": "asphalt",
        "width": "2"
      },
      "geometry": {
        "type": "LineString",
        "coordinates": [
          [
            8.5306525,
            47.3429136
          ],
          [
            8.5308083,
            47.3428961
          ]
        ]
      },
      "id": "way/1306936796"
    },
    {
      "type": "Feature",
      "properties": {
        "@id": "way/1306936798",
        "highway": "cycleway",
        "note": "In the real world, this cycleway does not cross the railway tracks, it only looks as if because we tag centerline in OSM.",
        "smoothness": "excellent",
        "surface": "asphalt",
        "width": "2"
      },
      "geometry": {
        "type": "LineString",
        "coordinates": [
          [
            8.5300979,
            47.3436455
          ],
          [
            8.5300408,
            47.3435222
          ]
        ]
      },
      "id": "way/1306936798"
    },
    {
      "type": "Feature",
      "properties": {
        "@id": "way/1308789499",
        "highway": "cycleway",
        "lcn": "yes",
        "lit": "yes",
        "oneway": "yes",
        "smoothness": "good",
        "surface": "asphalt",
        "width": "1"
      },
      "geometry": {
        "type": "LineString",
        "coordinates": [
          [
            8.4946571,
            47.39999
          ],
          [
            8.4947222,
            47.3998797
          ]
        ]
      },
      "id": "way/1308789499"
    },
    {
      "type": "Feature",
      "properties": {
        "@id": "way/1311194730",
        "crossing": "traffic_signals",
        "cycleway": "crossing",
        "highway": "cycleway",
        "oneway": "yes"
      },
      "geometry": {
        "type": "LineString",
        "coordinates": [
          [
            8.5202518,
            47.3697056
          ],
          [
            8.5202951,
            47.3696903
          ],
          [
            8.5203255,
            47.3696844
          ],
          [
            8.5204198,
            47.3696687
          ]
        ]
      },
      "id": "way/1311194730"
    },
    {
      "type": "Feature",
      "properties": {
        "@id": "way/1324112158",
        "bicycle": "designated",
        "foot": "designated",
        "highway": "cycleway",
        "lit": "yes",
        "segregated": "no",
        "smoothness": "excellent",
        "surface": "asphalt"
      },
      "geometry": {
        "type": "LineString",
        "coordinates": [
          [
            8.5442786,
            47.3875352
          ],
          [
            8.5443404,
            47.387514
          ],
          [
            8.5444575,
            47.3874779
          ]
        ]
      },
      "id": "way/1324112158"
    },
    {
      "type": "Feature",
      "properties": {
        "@id": "way/1330515278",
        "highway": "cycleway"
      },
      "geometry": {
        "type": "LineString",
        "coordinates": [
          [
            8.5041851,
            47.4059048
          ],
          [
            8.504301,
            47.4058855
          ]
        ]
      },
      "id": "way/1330515278"
    },
    {
      "type": "Feature",
      "properties": {
        "@id": "way/1344807396",
        "highway": "cycleway",
        "lit": "yes",
        "surface": "pebblestone"
      },
      "geometry": {
        "type": "LineString",
        "coordinates": [
          [
            8.4929796,
            47.3902351
          ],
          [
            8.4929422,
            47.3901645
          ]
        ]
      },
      "id": "way/1344807396"
    },
    {
      "type": "Feature",
      "properties": {
        "@id": "way/1346239248",
        "bicycle": "yes",
        "foot": "no",
        "highway": "cycleway",
        "horse": "no",
        "lit": "no",
        "mtb": "yes",
        "mtb:scale": "1",
        "mtb_trail_type": "freeride",
        "name": "Adlisberg Trail",
        "oneway": "yes",
        "surface": "ground",
        "trail_visibility": "good",
        "width": "1.5"
      },
      "geometry": {
        "type": "LineString",
        "coordinates": [
          [
            8.5793226,
            47.3685515
          ],
          [
            8.5794642,
            47.3683636
          ],
          [
            8.5794949,
            47.3682753
          ],
          [
            8.5795399,
            47.368016
          ],
          [
            8.5795573,
            47.3678734
          ],
          [
            8.5796036,
            47.3677802
          ],
          [
            8.5795919,
            47.3676754
          ],
          [
            8.5797164,
            47.3675366
          ],
          [
            8.5797603,
            47.3674738
          ],
          [
            8.5797764,
            47.3674137
          ],
          [
            8.5797995,
            47.3673808
          ],
          [
            8.579833,
            47.3673505
          ]
        ]
      },
      "id": "way/1346239248"
    },
    {
      "type": "Feature",
      "properties": {
        "@id": "way/1346239249",
        "bicycle": "yes",
        "foot": "no",
        "hazard": "pedestrians",
        "highway": "cycleway",
        "horse": "no",
        "lit": "no",
        "mtb": "yes",
        "mtb:scale": "1",
        "mtb_trail_type": "freeride",
        "name": "Adlisberg Trail",
        "oneway": "yes",
        "source:width": "ARCore",
        "surface": "ground",
        "trail_visibility": "good",
        "width": "0.7"
      },
      "geometry": {
        "type": "LineString",
        "coordinates": [
          [
            8.5792008,
            47.3687147
          ],
          [
            8.5792684,
            47.3685857
          ],
          [
            8.5793226,
            47.3685515
          ]
        ]
      },
      "id": "way/1346239249"
    },
    {
      "type": "Feature",
      "properties": {
        "@id": "way/1346239251",
        "bicycle": "yes",
        "foot": "no",
        "hazard": "pedestrians",
        "highway": "cycleway",
        "horse": "no",
        "lit": "no",
        "mtb": "yes",
        "mtb:scale": "1",
        "mtb_trail_type": "freeride",
        "name": "Adlisberg Trail",
        "oneway": "yes",
        "surface": "ground",
        "trail_visibility": "good",
        "width": "1.5"
      },
      "geometry": {
        "type": "LineString",
        "coordinates": [
          [
            8.5796258,
            47.3670399
          ],
          [
            8.5795667,
            47.3670056
          ]
        ]
      },
      "id": "way/1346239251"
    },
    {
      "type": "Feature",
      "properties": {
        "@id": "way/1346749672",
        "bicycle": "yes",
        "foot": "no",
        "highway": "cycleway",
        "note": "link way"
      },
      "geometry": {
        "type": "LineString",
        "coordinates": [
          [
            8.5503939,
            47.3926136
          ],
          [
            8.5504472,
            47.3925246
          ]
        ]
      },
      "id": "way/1346749672"
    },
    {
      "type": "Feature",
      "properties": {
        "@id": "way/1346749673",
        "bicycle": "yes",
        "foot": "no",
        "highway": "cycleway",
        "note": "link way",
        "surface": "asphalt"
      },
      "geometry": {
        "type": "LineString",
        "coordinates": [
          [
            8.5502253,
            47.3926126
          ],
          [
            8.5502205,
            47.3925526
          ]
        ]
      },
      "id": "way/1346749673"
    },
    {
      "type": "Feature",
      "properties": {
        "@id": "way/1346762914",
        "alt_name": "Biketrail Triemli",
        "bicycle": "designated",
        "foot": "no",
        "highway": "cycleway",
        "horse": "no",
        "incline": "down",
        "info": "Viel schlamm, lange trockenzeit.",
        "lit": "no",
        "loc_name": "Antennentrail",
        "mtb": "designated",
        "mtb:scale": "2",
        "mtb_trail_type": "freeride",
        "name": "Triemlitrail",
        "name:gsw": "Üetzgitrail",
        "oneway": "yes",
        "surface": "compacted"
      },
      "geometry": {
        "type": "LineString",
        "coordinates": [
          [
            8.4901469,
            47.3511478
          ],
          [
            8.4901091,
            47.3512147
          ],
          [
            8.4900641,
            47.3512171
          ],
          [
            8.4900397,
            47.3512261
          ],
          [
            8.4900223,
            47.35124
          ],
          [
            8.4900078,
            47.351266
          ],
          [
            8.4900063,
            47.3513207
          ],
          [
            8.4900008,
            47.3513439
          ],
          [
            8.4898591,
            47.3515889
          ],
          [
            8.4898473,
            47.3516028
          ],
          [
            8.489823,
            47.3516231
          ],
          [
            8.4897933,
            47.3516326
          ],
          [
            8.4897604,
            47.351652
          ],
          [
            8.4895456,
            47.351804
          ],
          [
            8.4894787,
            47.3518576
          ],
          [
            8.4894164,
            47.351923
          ],
          [
            8.4893632,
            47.3519822
          ],
          [
            8.4892893,
            47.3520774
          ]
        ]
      },
      "id": "way/1346762914"
    },
    {
      "type": "Feature",
      "properties": {
        "@id": "way/1346762915",
        "alt_name": "Biketrail Triemli",
        "bicycle": "designated",
        "foot": "no",
        "hazard": "pedestrians",
        "highway": "cycleway",
        "horse": "no",
        "incline": "down",
        "info": "Viel schlamm, lange trockenzeit.",
        "lit": "no",
        "loc_name": "Antennentrail",
        "mtb": "designated",
        "mtb:scale": "2",
        "mtb_trail_type": "freeride",
        "name": "Triemlitrail",
        "name:gsw": "Üetzgitrail",
        "oneway": "yes",
        "surface": "compacted"
      },
      "geometry": {
        "type": "LineString",
        "coordinates": [
          [
            8.4892893,
            47.3520774
          ],
          [
            8.4891993,
            47.3522128
          ],
          [
            8.489177,
            47.3523136
          ]
        ]
      },
      "id": "way/1346762915"
    },
    {
      "type": "Feature",
      "properties": {
        "@id": "way/1346762918",
        "alt_name": "Biketrail Triemli",
        "bicycle": "designated",
        "foot": "no",
        "hazard": "pedestrians",
        "highway": "cycleway",
        "horse": "no",
        "incline": "down",
        "info": "Viel schlamm, lange trockenzeit.",
        "lit": "no",
        "loc_name": "Antennentrail",
        "mtb": "designated",
        "mtb:scale": "2",
        "mtb_trail_type": "freeride",
        "name": "Triemlitrail",
        "name:gsw": "Üetzgitrail",
        "oneway": "yes",
        "surface": "compacted"
      },
      "geometry": {
        "type": "LineString",
        "coordinates": [
          [
            8.4888118,
            47.3529436
          ],
          [
            8.4888438,
            47.3529682
          ],
          [
            8.4888693,
            47.352992
          ],
          [
            8.4888657,
            47.3530346
          ]
        ]
      },
      "id": "way/1346762918"
    },
    {
      "type": "Feature",
      "properties": {
        "@id": "way/1346762921",
        "alt_name": "Biketrail Triemli",
        "bicycle": "designated",
        "foot": "no",
        "hazard": "pedestrians",
        "highway": "cycleway",
        "horse": "no",
        "incline": "down",
        "info": "Viel schlamm, lange trockenzeit.",
        "lit": "no",
        "loc_name": "Antennentrail",
        "mtb": "designated",
        "mtb:scale": "2",
        "mtb_trail_type": "freeride",
        "name": "Triemlitrail",
        "name:gsw": "Üetzgitrail",
        "oneway": "yes",
        "surface": "compacted"
      },
      "geometry": {
        "type": "LineString",
        "coordinates": [
          [
            8.4881737,
            47.3551899
          ],
          [
            8.4881927,
            47.3552158
          ],
          [
            8.4882429,
            47.3552679
          ],
          [
            8.488267,
            47.3552944
          ]
        ]
      },
      "id": "way/1346762921"
    },
    {
      "type": "Feature",
      "properties": {
        "@id": "way/1346762922",
        "alt_name": "Biketrail Triemli",
        "bicycle": "designated",
        "foot": "no",
        "highway": "cycleway",
        "horse": "no",
        "incline": "down",
        "info": "Viel schlamm, lange trockenzeit.",
        "lit": "no",
        "loc_name": "Antennentrail",
        "mtb": "designated",
        "mtb:scale": "2",
        "mtb_trail_type": "freeride",
        "name": "Triemlitrail",
        "name:gsw": "Üetzgitrail",
        "oneway": "yes",
        "surface": "compacted"
      },
      "geometry": {
        "type": "LineString",
        "coordinates": [
          [
            8.488267,
            47.3552944
          ],
          [
            8.4882838,
            47.3553241
          ],
          [
            8.4882986,
            47.355345
          ],
          [
            8.4883112,
            47.3553544
          ],
          [
            8.4883237,
            47.3553606
          ],
          [
            8.4883647,
            47.3553735
          ]
        ]
      },
      "id": "way/1346762922"
    },
    {
      "type": "Feature",
      "properties": {
        "@id": "way/1346762925",
        "alt_name": "Biketrail Triemli",
        "bicycle": "designated",
        "foot": "no",
        "hazard": "pedestrians",
        "highway": "cycleway",
        "horse": "no",
        "incline": "down",
        "info": "Viel schlamm, lange trockenzeit.",
        "lit": "no",
        "loc_name": "Antennentrail",
        "mtb": "designated",
        "mtb:scale": "2",
        "mtb_trail_type": "freeride",
        "name": "Triemlitrail",
        "name:gsw": "Üetzgitrail",
        "oneway": "yes",
        "surface": "compacted"
      },
      "geometry": {
        "type": "LineString",
        "coordinates": [
          [
            8.488586,
            47.3562455
          ],
          [
            8.4885808,
            47.3562555
          ],
          [
            8.4885776,
            47.3562656
          ],
          [
            8.488578,
            47.3562834
          ],
          [
            8.4885916,
            47.3563318
          ]
        ]
      },
      "id": "way/1346762925"
    },
    {
      "type": "Feature",
      "properties": {
        "@id": "way/1346762927",
        "alt_name": "Biketrail Triemli",
        "bicycle": "designated",
        "foot": "no",
        "hazard": "pedestrians",
        "highway": "cycleway",
        "horse": "no",
        "incline": "down",
        "info": "Viel schlamm, lange trockenzeit.",
        "lit": "no",
        "loc_name": "Antennentrail",
        "mtb": "designated",
        "mtb:scale": "2",
        "mtb_trail_type": "freeride",
        "name": "Triemlitrail",
        "name:gsw": "Üetzgitrail",
        "oneway": "yes",
        "surface": "compacted"
      },
      "geometry": {
        "type": "LineString",
        "coordinates": [
          [
            8.4872411,
            47.3581587
          ],
          [
            8.4872844,
            47.358145
          ],
          [
            8.4873062,
            47.3581446
          ],
          [
            8.4873258,
            47.3581492
          ]
        ]
      },
      "id": "way/1346762927"
    },
    {
      "type": "Feature",
      "properties": {
        "@id": "way/1346762928",
        "alt_name": "Biketrail Triemli",
        "bicycle": "designated",
        "foot": "no",
        "hazard": "pedestrians",
        "highway": "cycleway",
        "horse": "no",
        "incline": "down",
        "info": "Viel schlamm, lange trockenzeit.",
        "lit": "no",
        "loc_name": "Antennentrail",
        "mtb": "designated",
        "mtb:scale": "2",
        "mtb_trail_type": "freeride",
        "name": "Triemlitrail",
        "name:gsw": "Üetzgitrail",
        "oneway": "yes",
        "surface": "compacted",
        "width": "0.75"
      },
      "geometry": {
        "type": "LineString",
        "coordinates": [
          [
            8.4875325,
            47.3613184
          ],
          [
            8.4875356,
            47.3613763
          ],
          [
            8.4875122,
            47.3613946
          ]
        ]
      },
      "id": "way/1346762928"
    },
    {
      "type": "Feature",
      "properties": {
        "@id": "way/1346762931",
        "alt_name": "Biketrail Triemli",
        "bicycle": "designated",
        "foot": "no",
        "hazard": "pedestrians",
        "highway": "cycleway",
        "horse": "no",
        "incline": "down",
        "info": "Viel schlamm, lange trockenzeit.",
        "lit": "no",
        "loc_name": "Antennentrail",
        "mtb": "designated",
        "mtb:scale": "2",
        "mtb_trail_type": "freeride",
        "name": "Triemlitrail",
        "name:gsw": "Üetzgitrail",
        "oneway": "yes",
        "surface": "compacted",
        "width": "0.75"
      },
      "geometry": {
        "type": "LineString",
        "coordinates": [
          [
            8.4874988,
            47.3615098
          ],
          [
            8.4875009,
            47.3615499
          ]
        ]
      },
      "id": "way/1346762931"
    },
    {
      "type": "Feature",
      "properties": {
        "@id": "way/1346762934",
        "alt_name": "Biketrail Triemli",
        "bicycle": "designated",
        "foot": "no",
        "hazard": "pedestrians",
        "highway": "cycleway",
        "horse": "no",
        "incline": "down",
        "info": "Viel schlamm, lange trockenzeit.",
        "lit": "no",
        "loc_name": "Antennentrail",
        "mtb": "designated",
        "mtb:scale": "2",
        "mtb_trail_type": "freeride",
        "name": "Triemlitrail",
        "name:gsw": "Üetzgitrail",
        "oneway": "yes",
        "surface": "compacted"
      },
      "geometry": {
        "type": "LineString",
        "coordinates": [
          [
            8.4865821,
            47.3648325
          ],
          [
            8.4867639,
            47.3647762
          ],
          [
            8.4869585,
            47.3647234
          ]
        ]
      },
      "id": "way/1346762934"
    },
    {
      "type": "Feature",
      "properties": {
        "@id": "way/1346762936",
        "alt_name": "Biketrail Triemli",
        "bicycle": "designated",
        "foot": "no",
        "hazard": "pedestrians",
        "highway": "cycleway",
        "horse": "no",
        "incline": "down",
        "info": "Viel schlamm, lange trockenzeit.",
        "lit": "no",
        "loc_name": "Antennentrail",
        "mtb": "designated",
        "mtb:scale": "2",
        "mtb_trail_type": "freeride",
        "name": "Triemlitrail",
        "name:gsw": "Üetzgitrail",
        "oneway": "yes",
        "surface": "compacted"
      },
      "geometry": {
        "type": "LineString",
        "coordinates": [
          [
            8.4927541,
            47.3622621
          ],
          [
            8.4927779,
            47.3623003
          ]
        ]
      },
      "id": "way/1346762936"
    },
    {
      "type": "Feature",
      "properties": {
        "@id": "way/1346762939",
        "alt_name": "Biketrail Triemli",
        "bicycle": "designated",
        "foot": "no",
        "highway": "cycleway",
        "horse": "no",
        "incline": "down",
        "info": "Viel schlamm, lange trockenzeit.",
        "lit": "no",
        "loc_name": "Antennentrail",
        "mtb": "designated",
        "mtb:scale": "2",
        "mtb_trail_type": "freeride",
        "name": "Triemlitrail",
        "name:gsw": "Üetzgitrail",
        "oneway": "yes",
        "surface": "compacted"
      },
      "geometry": {
        "type": "LineString",
        "coordinates": [
          [
            8.4927779,
            47.3623003
          ],
          [
            8.4928699,
            47.3623495
          ],
          [
            8.4928972,
            47.3623529
          ],
          [
            8.4929586,
            47.3623509
          ],
          [
            8.4929868,
            47.3623514
          ],
          [
            8.4930028,
            47.3623537
          ],
          [
            8.4930167,
            47.36236
          ],
          [
            8.4930317,
            47.3623703
          ],
          [
            8.4930396,
            47.362377
          ],
          [
            8.4930434,
            47.3623892
          ],
          [
            8.4930368,
            47.3624088
          ],
          [
            8.493004,
            47.3624421
          ],
          [
            8.4929727,
            47.3624884
          ],
          [
            8.492966,
            47.3625025
          ],
          [
            8.4929595,
            47.3625352
          ],
          [
            8.4929624,
            47.3625497
          ],
          [
            8.4929717,
            47.3625675
          ],
          [
            8.4929804,
            47.3625743
          ],
          [
            8.4929943,
            47.3625818
          ],
          [
            8.4930122,
            47.3625848
          ],
          [
            8.4930304,
            47.3625831
          ],
          [
            8.4930475,
            47.3625758
          ],
          [
            8.4930591,
            47.3625643
          ],
          [
            8.4930642,
            47.3625407
          ],
          [
            8.4930781,
            47.3625285
          ],
          [
            8.4930929,
            47.3625215
          ],
          [
            8.493105,
            47.36252
          ],
          [
            8.4931256,
            47.3625193
          ],
          [
            8.4931449,
            47.3625278
          ],
          [
            8.4931553,
            47.3625384
          ],
          [
            8.4931587,
            47.3625523
          ],
          [
            8.4931526,
            47.3625741
          ],
          [
            8.4931334,
            47.3626364
          ],
          [
            8.4931204,
            47.3627218
          ],
          [
            8.4931341,
            47.3628455
          ],
          [
            8.4931288,
            47.3629282
          ],
          [
            8.4931339,
            47.3629506
          ],
          [
            8.4931481,
            47.3629639
          ],
          [
            8.4931678,
            47.3629729
          ],
          [
            8.4931867,
            47.362974
          ],
          [
            8.4932034,
            47.3629725
          ],
          [
            8.493219,
            47.3629678
          ],
          [
            8.4932301,
            47.3629557
          ],
          [
            8.4932353,
            47.3629429
          ],
          [
            8.4932467,
            47.36291
          ],
          [
            8.4932636,
            47.3628847
          ],
          [
            8.4933507,
            47.3627953
          ],
          [
            8.4933703,
            47.3627837
          ],
          [
            8.4933926,
            47.3627813
          ],
          [
            8.4934112,
            47.3627861
          ],
          [
            8.4934257,
            47.3627941
          ],
          [
            8.4934345,
            47.3628068
          ],
          [
            8.4934327,
            47.3628181
          ],
          [
            8.4934269,
            47.3628275
          ],
          [
            8.4933969,
            47.3628804
          ],
          [
            8.4933942,
            47.3628941
          ],
          [
            8.493398,
            47.3629069
          ],
          [
            8.4934068,
            47.3629172
          ],
          [
            8.4934184,
            47.3629229
          ],
          [
            8.4934323,
            47.3629264
          ],
          [
            8.493456,
            47.3629245
          ],
          [
            8.4934772,
            47.3629164
          ],
          [
            8.4935683,
            47.3628793
          ],
          [
            8.4935909,
            47.362877
          ],
          [
            8.4936094,
            47.3628802
          ],
          [
            8.4936294,
            47.3628851
          ],
          [
            8.4936407,
            47.3628909
          ],
          [
            8.4936514,
            47.3629026
          ],
          [
            8.4936568,
            47.3629168
          ],
          [
            8.493652,
            47.3629316
          ],
          [
            8.4936398,
            47.3629451
          ],
          [
            8.4935641,
            47.3629809
          ],
          [
            8.4935172,
            47.3629986
          ],
          [
            8.493508,
            47.363008
          ],
          [
            8.4935072,
            47.3630191
          ],
          [
            8.4935157,
            47.3630291
          ]
        ]
      },
      "id": "way/1346762939"
    },
    {
      "type": "Feature",
      "properties": {
        "@id": "way/1346762940",
        "alt_name": "Biketrail Triemli",
        "bicycle": "designated",
        "foot": "no",
        "hazard": "pedestrians",
        "highway": "cycleway",
        "horse": "no",
        "incline": "down",
        "info": "Viel schlamm, lange trockenzeit.",
        "lit": "no",
        "loc_name": "Antennentrail",
        "mtb": "designated",
        "mtb:scale": "2",
        "mtb_trail_type": "freeride",
        "name": "Triemlitrail",
        "name:gsw": "Üetzgitrail",
        "oneway": "yes",
        "surface": "compacted"
      },
      "geometry": {
        "type": "LineString",
        "coordinates": [
          [
            8.4935157,
            47.3630291
          ],
          [
            8.4935254,
            47.3630301
          ],
          [
            8.4935454,
            47.3630297
          ],
          [
            8.4935608,
            47.363033
          ],
          [
            8.4935835,
            47.363061
          ],
          [
            8.4936028,
            47.3630777
          ]
        ]
      },
      "id": "way/1346762940"
    },
    {
      "type": "Feature",
      "properties": {
        "@id": "way/1346762943",
        "alt_name": "Biketrail Triemli",
        "bicycle": "designated",
        "foot": "no",
        "hazard": "pedestrians",
        "highway": "cycleway",
        "horse": "no",
        "incline": "down",
        "info": "Viel schlamm, lange trockenzeit.",
        "lit": "no",
        "loc_name": "Antennentrail",
        "mtb": "designated",
        "mtb:scale": "2",
        "mtb_trail_type": "freeride",
        "name": "Triemlitrail",
        "name:gsw": "Üetzgitrail",
        "oneway": "yes",
        "surface": "compacted"
      },
      "geometry": {
        "type": "LineString",
        "coordinates": [
          [
            8.4940694,
            47.3638466
          ],
          [
            8.494125,
            47.3638541
          ]
        ]
      },
      "id": "way/1346762943"
    },
    {
      "type": "Feature",
      "properties": {
        "@id": "way/1346766573",
        "alt_name": "Uetliberg Grattrail",
        "bicycle": "designated",
        "distance": "0.825",
        "foot": "no",
        "highway": "cycleway",
        "horse": "no",
        "incline": "down",
        "lit": "no",
        "mtb:scale": "1",
        "name": "Höcklertrail Zulaufstrecke",
        "oneway": "no",
        "surface": "gravel"
      },
      "geometry": {
        "type": "LineString",
        "coordinates": [
          [
            8.4984833,
            47.3405823
          ],
          [
            8.4985617,
            47.3404631
          ],
          [
            8.498564,
            47.3403935
          ],
          [
            8.4986402,
            47.3402811
          ],
          [
            8.4986379,
            47.3402441
          ],
          [
            8.4986508,
            47.3402242
          ],
          [
            8.4987521,
            47.3401594
          ],
          [
            8.4987752,
            47.340141
          ],
          [
            8.4987861,
            47.340117
          ],
          [
            8.4987974,
            47.3400213
          ],
          [
            8.4987945,
            47.3399387
          ],
          [
            8.4988032,
            47.3398959
          ],
          [
            8.4988016,
            47.3398497
          ],
          [
            8.4988054,
            47.3398293
          ],
          [
            8.4988355,
            47.3397936
          ],
          [
            8.4988744,
            47.3397503
          ],
          [
            8.4989057,
            47.3396938
          ],
          [
            8.4989232,
            47.3396753
          ],
          [
            8.4989451,
            47.3396636
          ],
          [
            8.4990754,
            47.3396226
          ],
          [
            8.4991247,
            47.3396217
          ],
          [
            8.4991431,
            47.339619
          ],
          [
            8.4991709,
            47.3396103
          ],
          [
            8.4992008,
            47.3395995
          ],
          [
            8.4992275,
            47.3395981
          ],
          [
            8.4993011,
            47.3396002
          ],
          [
            8.4993377,
            47.3395931
          ],
          [
            8.4993665,
            47.33958
          ],
          [
            8.499428,
            47.3395345
          ],
          [
            8.4994853,
            47.339486
          ],
          [
            8.4995116,
            47.3394462
          ],
          [
            8.499551,
            47.3394056
          ],
          [
            8.4996218,
            47.3393465
          ],
          [
            8.4996337,
            47.3393299
          ],
          [
            8.4996396,
            47.3393147
          ],
          [
            8.4996431,
            47.3392484
          ],
          [
            8.4996549,
            47.3392288
          ],
          [
            8.4996834,
            47.3392133
          ],
          [
            8.499706,
            47.3392082
          ],
          [
            8.499736,
            47.3392118
          ],
          [
            8.4997565,
            47.3392094
          ],
          [
            8.4997773,
            47.3392027
          ],
          [
            8.4998289,
            47.3391333
          ],
          [
            8.4999197,
            47.339034
          ]
        ]
      },
      "id": "way/1346766573"
    },
    {
      "type": "Feature",
      "properties": {
        "@id": "way/1346766574",
        "alt_name": "Uetliberg Grattrail",
        "bicycle": "designated",
        "distance": "0.825",
        "foot": "no",
        "hazard": "pedestrians",
        "highway": "cycleway",
        "horse": "no",
        "incline": "down",
        "lit": "no",
        "mtb:scale": "1",
        "name": "Höcklertrail Zulaufstrecke",
        "oneway": "no",
        "surface": "gravel"
      },
      "geometry": {
        "type": "LineString",
        "coordinates": [
          [
            8.498457,
            47.3408547
          ],
          [
            8.4984423,
            47.3407578
          ],
          [
            8.4984945,
            47.3406502
          ],
          [
            8.4984833,
            47.3405823
          ]
        ]
      },
      "id": "way/1346766574"
    },
    {
      "type": "Feature",
      "properties": {
        "@id": "way/1346766576",
        "alt_name": "Uetliberg Grattrail",
        "bicycle": "designated",
        "distance": "0.825",
        "foot": "no",
        "hazard": "pedestrians",
        "highway": "cycleway",
        "horse": "no",
        "incline": "down",
        "lit": "no",
        "mtb:scale": "1",
        "name": "Höcklertrail Zulaufstrecke",
        "oneway": "no",
        "surface": "gravel"
      },
      "geometry": {
        "type": "LineString",
        "coordinates": [
          [
            8.4999197,
            47.339034
          ],
          [
            8.4999563,
            47.3389821
          ],
          [
            8.5000126,
            47.3389657
          ]
        ]
      },
      "id": "way/1346766576"
    },
    {
      "type": "Feature",
      "properties": {
        "@id": "way/1346766579",
        "alt_name": "Biketrail Höckler",
        "bicycle": "designated",
        "foot": "no",
        "hazard": "pedestrians",
        "highway": "cycleway",
        "horse": "no",
        "incline": "-13%",
        "mtb:scale": "2",
        "name": "Höcklertrail 1/4",
        "oneway": "yes",
        "route": "mtb",
        "surface": "unpaved"
      },
      "geometry": {
        "type": "LineString",
        "coordinates": [
          [
            8.5046745,
            47.337457
          ],
          [
            8.5047064,
            47.3374584
          ],
          [
            8.5047273,
            47.3374654
          ],
          [
            8.5047431,
            47.3374762
          ],
          [
            8.5047483,
            47.3374934
          ],
          [
            8.5047307,
            47.3375575
          ]
        ]
      },
      "id": "way/1346766579"
    },
    {
      "type": "Feature",
      "properties": {
        "@id": "way/1346766580",
        "alt_name": "Biketrail Höckler",
        "bicycle": "designated",
        "foot": "no",
        "highway": "cycleway",
        "incline": "-13%",
        "mtb:scale": "2",
        "name": "Höcklertrail 2/4",
        "oneway": "yes",
        "route": "mtb",
        "surface": "unpaved"
      },
      "geometry": {
        "type": "LineString",
        "coordinates": [
          [
            8.5045072,
            47.3378067
          ],
          [
            8.5044853,
            47.3378938
          ],
          [
            8.5044755,
            47.3379327
          ],
          [
            8.504475,
            47.3379528
          ],
          [
            8.5044826,
            47.3379649
          ],
          [
            8.5045132,
            47.337987
          ],
          [
            8.5045217,
            47.3379967
          ],
          [
            8.5045257,
            47.33801
          ],
          [
            8.5045182,
            47.3380719
          ],
          [
            8.5044974,
            47.338123
          ],
          [
            8.5044846,
            47.3381454
          ],
          [
            8.5044695,
            47.3381643
          ]
        ]
      },
      "id": "way/1346766580"
    },
    {
      "type": "Feature",
      "properties": {
        "@id": "way/1346766581",
        "alt_name": "Biketrail Höckler",
        "bicycle": "designated",
        "foot": "no",
        "hazard": "pedestrians",
        "highway": "cycleway",
        "incline": "-13%",
        "mtb:scale": "2",
        "name": "Höcklertrail 2/4",
        "oneway": "yes",
        "route": "mtb",
        "surface": "unpaved"
      },
      "geometry": {
        "type": "LineString",
        "coordinates": [
          [
            8.5044695,
            47.3381643
          ],
          [
            8.5044433,
            47.3381885
          ],
          [
            8.5044048,
            47.3382137
          ],
          [
            8.5043652,
            47.3382357
          ],
          [
            8.5043366,
            47.3382521
          ]
        ]
      },
      "id": "way/1346766581"
    },
    {
      "type": "Feature",
      "properties": {
        "@id": "way/1346766583",
        "alt_name": "Biketrail Höckler",
        "bicycle": "designated",
        "foot": "no",
        "highway": "cycleway",
        "incline": "-13%",
        "mtb:scale": "2",
        "name": "Höcklertrail 2/4",
        "oneway": "yes",
        "route": "mtb",
        "surface": "unpaved"
      },
      "geometry": {
        "type": "LineString",
        "coordinates": [
          [
            8.5043366,
            47.3382521
          ],
          [
            8.5043146,
            47.3382867
          ],
          [
            8.5042828,
            47.3383219
          ],
          [
            8.5042471,
            47.3383447
          ],
          [
            8.5041881,
            47.3383618
          ],
          [
            8.504153,
            47.3383733
          ],
          [
            8.5041399,
            47.3383781
          ],
          [
            8.5041276,
            47.3383897
          ],
          [
            8.5041213,
            47.3384287
          ],
          [
            8.5041221,
            47.3384435
          ],
          [
            8.5041182,
            47.3384583
          ],
          [
            8.5041062,
            47.3384823
          ],
          [
            8.5040788,
            47.3385256
          ],
          [
            8.5040478,
            47.3385534
          ],
          [
            8.504025,
            47.3385658
          ],
          [
            8.5040139,
            47.3385799
          ],
          [
            8.5039996,
            47.3386035
          ],
          [
            8.5039831,
            47.3386512
          ],
          [
            8.5039681,
            47.3387003
          ],
          [
            8.5039593,
            47.3387418
          ],
          [
            8.503966,
            47.3387926
          ],
          [
            8.5039655,
            47.3388383
          ],
          [
            8.503972,
            47.3388612
          ],
          [
            8.5039884,
            47.3388797
          ],
          [
            8.5040118,
            47.3388893
          ],
          [
            8.5040345,
            47.3388905
          ],
          [
            8.5040532,
            47.3388886
          ]
        ]
      },
      "id": "way/1346766583"
    },
    {
      "type": "Feature",
      "properties": {
        "@id": "way/1346766584",
        "alt_name": "Biketrail Höckler",
        "bicycle": "designated",
        "foot": "no",
        "hazard": "pedestrians",
        "highway": "cycleway",
        "incline": "-13%",
        "mtb:scale": "2",
        "name": "Höcklertrail 2/4",
        "oneway": "yes",
        "route": "mtb",
        "surface": "unpaved"
      },
      "geometry": {
        "type": "LineString",
        "coordinates": [
          [
            8.5040532,
            47.3388886
          ],
          [
            8.5041736,
            47.3388536
          ],
          [
            8.5042346,
            47.338842
          ],
          [
            8.5042454,
            47.3388399
          ],
          [
            8.5042828,
            47.338832
          ]
        ]
      },
      "id": "way/1346766584"
    },
    {
      "type": "Feature",
      "properties": {
        "@id": "way/1346766587",
        "alt_name": "Biketrail Höckler",
        "bicycle": "designated",
        "foot": "no",
        "hazard": "pedestrians",
        "highway": "cycleway",
        "incline": "-13%",
        "mtb:scale": "2",
        "name": "Höcklertrail 2/4",
        "oneway": "yes",
        "route": "mtb",
        "surface": "unpaved"
      },
      "geometry": {
        "type": "LineString",
        "coordinates": [
          [
            8.5058344,
            47.3387872
          ],
          [
            8.5059192,
            47.338756
          ],
          [
            8.5060656,
            47.3387429
          ]
        ]
      },
      "id": "way/1346766587"
    },
    {
      "type": "Feature",
      "properties": {
        "@id": "way/1346766590",
        "alt_name": "Biketrail Höckler",
        "bicycle": "designated",
        "foot": "no",
        "highway": "cycleway",
        "incline": "-13%",
        "mtb:scale": "2",
        "name": "Höcklertrail 3/4",
        "oneway": "yes",
        "route": "mtb",
        "surface": "unpaved"
      },
      "geometry": {
        "type": "LineString",
        "coordinates": [
          [
            8.5064251,
            47.3389021
          ],
          [
            8.5064972,
            47.3389018
          ],
          [
            8.5065538,
            47.3388924
          ],
          [
            8.5065768,
            47.3389031
          ],
          [
            8.5065746,
            47.3389214
          ],
          [
            8.5065328,
            47.338959
          ],
          [
            8.5065296,
            47.338974
          ],
          [
            8.5065364,
            47.3389893
          ],
          [
            8.5065674,
            47.3390058
          ],
          [
            8.5065949,
            47.3390243
          ],
          [
            8.5066143,
            47.3390341
          ],
          [
            8.5066325,
            47.3390376
          ],
          [
            8.5066567,
            47.3390344
          ],
          [
            8.506685,
            47.3390261
          ],
          [
            8.5067043,
            47.339017
          ],
          [
            8.5067162,
            47.3390128
          ],
          [
            8.5067267,
            47.339012
          ],
          [
            8.5067439,
            47.3390137
          ],
          [
            8.5067567,
            47.339021
          ],
          [
            8.5067621,
            47.3390366
          ],
          [
            8.5067569,
            47.3390566
          ],
          [
            8.5067309,
            47.3390983
          ],
          [
            8.506719,
            47.3391073
          ],
          [
            8.5067014,
            47.3391151
          ],
          [
            8.5066617,
            47.3391212
          ],
          [
            8.5066386,
            47.3391313
          ],
          [
            8.5066252,
            47.3391456
          ],
          [
            8.5066264,
            47.3391603
          ],
          [
            8.5066355,
            47.3391725
          ],
          [
            8.5066525,
            47.3391787
          ],
          [
            8.5067307,
            47.3391823
          ],
          [
            8.5068403,
            47.3391793
          ],
          [
            8.5068643,
            47.3391801
          ],
          [
            8.5068861,
            47.3391863
          ],
          [
            8.5069355,
            47.3392142
          ],
          [
            8.5069443,
            47.3392222
          ]
        ]
      },
      "id": "way/1346766590"
    },
    {
      "type": "Feature",
      "properties": {
        "@id": "way/1346766591",
        "alt_name": "Biketrail Höckler",
        "bicycle": "designated",
        "foot": "no",
        "hazard": "pedestrians",
        "highway": "cycleway",
        "incline": "-13%",
        "mtb:scale": "2",
        "name": "Höcklertrail 3/4",
        "oneway": "yes",
        "route": "mtb",
        "surface": "unpaved"
      },
      "geometry": {
        "type": "LineString",
        "coordinates": [
          [
            8.5069443,
            47.3392222
          ],
          [
            8.5069475,
            47.3392329
          ],
          [
            8.5069457,
            47.3392427
          ],
          [
            8.5069115,
            47.3392972
          ],
          [
            8.50689,
            47.3393302
          ]
        ]
      },
      "id": "way/1346766591"
    },
    {
      "type": "Feature",
      "properties": {
        "@id": "way/1346766594",
        "alt_name": "Biketrail Höckler",
        "bicycle": "designated",
        "foot": "no",
        "highway": "cycleway",
        "incline": "-13%",
        "mtb:scale": "2",
        "name": "Höcklertrail 3/4",
        "oneway": "yes",
        "route": "mtb",
        "surface": "unpaved"
      },
      "geometry": {
        "type": "LineString",
        "coordinates": [
          [
            8.5082146,
            47.3402276
          ],
          [
            8.5082004,
            47.3402707
          ],
          [
            8.5082001,
            47.3402903
          ],
          [
            8.508206,
            47.3403053
          ],
          [
            8.5082257,
            47.3403313
          ],
          [
            8.5082741,
            47.340368
          ],
          [
            8.5082874,
            47.3403783
          ],
          [
            8.5082937,
            47.34039
          ],
          [
            8.5082976,
            47.3404026
          ],
          [
            8.5082928,
            47.3404471
          ],
          [
            8.5082904,
            47.3404701
          ],
          [
            8.5082974,
            47.3404909
          ],
          [
            8.5083166,
            47.3405095
          ],
          [
            8.5083582,
            47.3405295
          ],
          [
            8.5084478,
            47.3405564
          ],
          [
            8.5084778,
            47.340569
          ],
          [
            8.508557,
            47.3406203
          ],
          [
            8.508718,
            47.3406751
          ],
          [
            8.5088693,
            47.3407189
          ],
          [
            8.5089037,
            47.3407321
          ],
          [
            8.5089387,
            47.3407527
          ],
          [
            8.5089746,
            47.3407692
          ],
          [
            8.5090584,
            47.340803
          ],
          [
            8.5091451,
            47.3408347
          ],
          [
            8.5091691,
            47.3408466
          ],
          [
            8.5091878,
            47.3408642
          ],
          [
            8.5091967,
            47.3408863
          ],
          [
            8.5092041,
            47.340927
          ],
          [
            8.5092125,
            47.3409969
          ],
          [
            8.5092168,
            47.3410216
          ],
          [
            8.5092305,
            47.3410449
          ],
          [
            8.5092601,
            47.3410764
          ],
          [
            8.5092857,
            47.3411172
          ],
          [
            8.509302,
            47.3411509
          ],
          [
            8.5093593,
            47.3412222
          ]
        ]
      },
      "id": "way/1346766594"
    },
    {
      "type": "Feature",
      "properties": {
        "@id": "way/1346766595",
        "alt_name": "Biketrail Höckler",
        "bicycle": "designated",
        "foot": "no",
        "hazard": "pedestrians",
        "highway": "cycleway",
        "incline": "-13%",
        "mtb:scale": "2",
        "name": "Höcklertrail 3/4",
        "oneway": "yes",
        "route": "mtb",
        "surface": "unpaved"
      },
      "geometry": {
        "type": "LineString",
        "coordinates": [
          [
            8.5093593,
            47.3412222
          ],
          [
            8.5093767,
            47.3412656
          ],
          [
            8.5093814,
            47.3413057
          ],
          [
            8.5093724,
            47.3413486
          ],
          [
            8.5093737,
            47.3413796
          ]
        ]
      },
      "id": "way/1346766595"
    },
    {
      "type": "Feature",
      "properties": {
        "@id": "way/1346766598",
        "alt_name": "Biketrail Höckler",
        "bicycle": "designated",
        "foot": "no",
        "hazard": "pedestrians",
        "highway": "cycleway",
        "incline": "-13%",
        "mtb:scale": "2",
        "name": "Höcklertrail 3/4",
        "oneway": "yes",
        "route": "mtb",
        "surface": "unpaved"
      },
      "geometry": {
        "type": "LineString",
        "coordinates": [
          [
            8.5101523,
            47.3420633
          ],
          [
            8.5101746,
            47.3420665
          ],
          [
            8.5101848,
            47.3420747
          ],
          [
            8.5101857,
            47.3420847
          ],
          [
            8.5101785,
            47.3420947
          ],
          [
            8.5101632,
            47.3421164
          ]
        ]
      },
      "id": "way/1346766598"
    },
    {
      "type": "Feature",
      "properties": {
        "@id": "way/1346766601",
        "alt_name": "Biketrail Höckler",
        "bicycle": "designated",
        "foot": "no",
        "hazard": "pedestrians",
        "highway": "cycleway",
        "incline": "-13%",
        "mtb:scale": "2",
        "name": "Höcklertrail 4/4",
        "oneway": "yes",
        "route": "mtb",
        "surface": "unpaved"
      },
      "geometry": {
        "type": "LineString",
        "coordinates": [
          [
            8.5106664,
            47.3437659
          ],
          [
            8.5106107,
            47.343858
          ],
          [
            8.5106185,
            47.3439036
          ]
        ]
      },
      "id": "way/1346766601"
    },
    {
      "type": "Feature",
      "properties": {
        "@id": "way/1346766603",
        "alt_name": "Biketrail Allmend",
        "bicycle": "yes",
        "foot": "no",
        "hazard": "pedestrians",
        "highway": "cycleway",
        "horse": "no",
        "incline": "-5.5%",
        "mtb:scale": "1",
        "name": "Allmendtrail",
        "oneway": "yes",
        "operator": "Grün Stadt Zürich",
        "surface": "compacted"
      },
      "geometry": {
        "type": "LineString",
        "coordinates": [
          [
            8.5120003,
            47.3474242
          ],
          [
            8.5119936,
            47.3474453
          ],
          [
            8.5119942,
            47.3474656
          ],
          [
            8.5120153,
            47.3474855
          ],
          [
            8.5120539,
            47.3475173
          ]
        ]
      },
      "id": "way/1346766603"
    },
    {
      "type": "Feature",
      "properties": {
        "@id": "way/1346766607",
        "alt_name": "Biketrail Allmend",
        "bicycle": "yes",
        "foot": "no",
        "hazard": "pedestrians",
        "highway": "cycleway",
        "horse": "no",
        "incline": "-5.5%",
        "mtb:scale": "1",
        "name": "Allmendtrail",
        "oneway": "yes",
        "operator": "Grün Stadt Zürich",
        "surface": "compacted"
      },
      "geometry": {
        "type": "LineString",
        "coordinates": [
          [
            8.5151445,
            47.348688
          ],
          [
            8.5151527,
            47.3486751
          ],
          [
            8.5151663,
            47.3486694
          ],
          [
            8.5151875,
            47.3486706
          ]
        ]
      },
      "id": "way/1346766607"
    },
    {
      "type": "Feature",
      "properties": {
        "@id": "way/1347190778",
        "highway": "cycleway",
        "note": "link way"
      },
      "geometry": {
        "type": "LineString",
        "coordinates": [
          [
            8.5061641,
            47.4121958
          ],
          [
            8.5060867,
            47.4121741
          ]
        ]
      },
      "id": "way/1347190778"
    },
    {
      "type": "Feature",
      "properties": {
        "@id": "way/1350963315",
        "highway": "cycleway",
        "lit": "yes",
        "smoothness": "good",
        "surface": "asphalt",
        "width": "2"
      },
      "geometry": {
        "type": "LineString",
        "coordinates": [
          [
            8.5420985,
            47.3665362
          ],
          [
            8.5420749,
            47.3665656
          ]
        ]
      },
      "id": "way/1350963315"
    },
    {
      "type": "Feature",
      "properties": {
        "@id": "way/1350963316",
        "cycleway": "traffic_island",
        "highway": "cycleway",
        "lit": "yes",
        "smoothness": "good",
        "surface": "asphalt",
        "width": "2"
      },
      "geometry": {
        "type": "LineString",
        "coordinates": [
          [
            8.542034,
            47.3666165
          ],
          [
            8.5420236,
            47.3666295
          ],
          [
            8.5420133,
            47.3666441
          ]
        ]
      },
      "id": "way/1350963316"
    },
    {
      "type": "Feature",
      "properties": {
        "@id": "way/1350963317",
        "cycleway": "crossing",
        "highway": "cycleway",
        "lit": "yes",
        "smoothness": "good",
        "surface": "asphalt",
        "width": "2"
      },
      "geometry": {
        "type": "LineString",
        "coordinates": [
          [
            8.5420749,
            47.3665656
          ],
          [
            8.5420547,
            47.3665907
          ],
          [
            8.542034,
            47.3666165
          ]
        ]
      },
      "id": "way/1350963317"
    },
    {
      "type": "Feature",
      "properties": {
        "@id": "way/1352072541",
        "bicycle": "designated",
        "highway": "cycleway",
        "oneway": "yes",
        "smoothness": "excellent",
        "surface": "asphalt",
        "width": "1"
      },
      "geometry": {
        "type": "LineString",
        "coordinates": [
          [
            8.5232653,
            47.371076
          ],
          [
            8.5231578,
            47.3710371
          ],
          [
            8.5227449,
            47.3708899
          ],
          [
            8.5224282,
            47.3707773
          ],
          [
            8.5221425,
            47.3706756
          ],
          [
            8.5220552,
            47.3706438
          ],
          [
            8.5217158,
            47.3705238
          ],
          [
            8.5214987,
            47.3704453
          ],
          [
            8.5214327,
            47.3704204
          ],
          [
            8.5213323,
            47.3703793
          ],
          [
            8.5212128,
            47.3703258
          ],
          [
            8.5210277,
            47.3702345
          ],
          [
            8.5207105,
            47.3700703
          ],
          [
            8.5205123,
            47.3699695
          ],
          [
            8.5204358,
            47.3699388
          ],
          [
            8.5203636,
            47.3699171
          ],
          [
            8.5203161,
            47.3699083
          ],
          [
            8.5202334,
            47.3699014
          ],
          [
            8.5201765,
            47.3699061
          ],
          [
            8.5201205,
            47.3699221
          ],
          [
            8.5201034,
            47.3699196
          ],
          [
            8.5200464,
            47.3699115
          ]
        ]
      },
      "id": "way/1352072541"
    },
    {
      "type": "Feature",
      "properties": {
        "@id": "way/1352079703",
        "highway": "cycleway",
        "lcn": "proposed",
        "name": "Zweierstrasse",
        "oneway": "yes",
        "surface": "asphalt",
        "width": "1.8"
      },
      "geometry": {
        "type": "LineString",
        "coordinates": [
          [
            8.519423,
            47.3706629
          ],
          [
            8.5194832,
            47.3706918
          ],
          [
            8.5196406,
            47.3707668
          ],
          [
            8.5198378,
            47.3708638
          ],
          [
            8.5198536,
            47.3708789
          ],
          [
            8.5198786,
            47.3709027
          ],
          [
            8.520151,
            47.3710388
          ],
          [
            8.5202459,
            47.3710805
          ],
          [
            8.5203018,
            47.3711036
          ],
          [
            8.5203957,
            47.3711444
          ],
          [
            8.5207853,
            47.3713044
          ],
          [
            8.5211712,
            47.3714652
          ],
          [
            8.5212475,
            47.3714977
          ],
          [
            8.522041,
            47.3718273
          ],
          [
            8.5220583,
            47.371864
          ]
        ]
      },
      "id": "way/1352079703"
    },
    {
      "type": "Feature",
      "properties": {
        "@id": "way/1352079704",
        "cycleway": "link",
        "highway": "cycleway",
        "lcn": "proposed",
        "name": "Zweierstrasse",
        "oneway": "yes",
        "surface": "asphalt",
        "width": "1.8"
      },
      "geometry": {
        "type": "LineString",
        "coordinates": [
          [
            8.5192848,
            47.3705953
          ],
          [
            8.5193731,
            47.3706385
          ]
        ]
      },
      "id": "way/1352079704"
    },
    {
      "type": "Feature",
      "properties": {
        "@id": "way/1354960072",
        "highway": "cycleway"
      },
      "geometry": {
        "type": "LineString",
        "coordinates": [
          [
            8.5692626,
            47.4057362
          ],
          [
            8.5693176,
            47.4057151
          ],
          [
            8.5693732,
            47.4056938
          ],
          [
            8.5694539,
            47.4056629
          ],
          [
            8.5695479,
            47.4056422
          ]
        ]
      },
      "id": "way/1354960072"
    },
    {
      "type": "Feature",
      "properties": {
        "@id": "way/1355669632",
        "cycleway": "link",
        "highway": "cycleway",
        "lcn": "proposed",
        "name": "Zweierstrasse",
        "oneway": "yes",
        "surface": "asphalt",
        "width": "1.8"
      },
      "geometry": {
        "type": "LineString",
        "coordinates": [
          [
            8.5193731,
            47.3706385
          ],
          [
            8.519423,
            47.3706629
          ]
        ]
      },
      "id": "way/1355669632"
    },
    {
      "type": "Feature",
      "properties": {
        "@id": "way/1357145017",
        "highway": "cycleway",
        "smoothness": "excellent",
        "surface": "asphalt"
      },
      "geometry": {
        "type": "LineString",
        "coordinates": [
          [
            8.5030058,
            47.3739183
          ],
          [
            8.5030817,
            47.3739134
          ]
        ]
      },
      "id": "way/1357145017"
    },
    {
      "type": "Feature",
      "properties": {
        "@id": "way/1357145019",
        "highway": "cycleway",
        "surface": "asphalt"
      },
      "geometry": {
        "type": "LineString",
        "coordinates": [
          [
            8.4908363,
            47.3768985
          ],
          [
            8.4908023,
            47.3769637
          ]
        ]
      },
      "id": "way/1357145019"
    },
    {
      "type": "Feature",
      "properties": {
        "@id": "way/1359579318",
        "highway": "cycleway",
        "lit": "yes",
        "surface": "asphalt"
      },
      "geometry": {
        "type": "LineString",
        "coordinates": [
          [
            8.5221767,
            47.3706464
          ],
          [
            8.5221886,
            47.3706357
          ],
          [
            8.522242,
            47.3705909
          ]
        ]
      },
      "id": "way/1359579318"
    },
    {
      "type": "Feature",
      "properties": {
        "@id": "way/1359965661",
        "alt_name": "Biketrail Triemli",
        "bicycle": "designated",
        "foot": "no",
        "highway": "cycleway",
        "horse": "no",
        "incline": "down",
        "info": "Viel schlamm, lange trockenzeit.",
        "lit": "no",
        "loc_name": "Antennentrail",
        "mtb": "designated",
        "mtb:scale": "2",
        "mtb_trail_type": "freeride",
        "name": "Triemlitrail",
        "name:gsw": "Üetzgitrail",
        "oneway": "yes",
        "surface": "compacted"
      },
      "geometry": {
        "type": "LineString",
        "coordinates": [
          [
            8.4884559,
            47.3553913
          ],
          [
            8.4884778,
            47.3553989
          ],
          [
            8.4884908,
            47.3554034
          ],
          [
            8.4885066,
            47.3554143
          ],
          [
            8.4885176,
            47.3554261
          ],
          [
            8.4885184,
            47.3554421
          ],
          [
            8.4885087,
            47.355459
          ],
          [
            8.488492,
            47.3554739
          ],
          [
            8.4884669,
            47.3554862
          ],
          [
            8.4884481,
            47.3555006
          ],
          [
            8.4884356,
            47.355513
          ],
          [
            8.4884186,
            47.3555226
          ],
          [
            8.4884013,
            47.3555248
          ],
          [
            8.4883681,
            47.3555243
          ],
          [
            8.488347,
            47.3555281
          ],
          [
            8.4883351,
            47.3555354
          ],
          [
            8.4883246,
            47.3555472
          ],
          [
            8.4883182,
            47.3555596
          ],
          [
            8.4883186,
            47.3555686
          ],
          [
            8.4883266,
            47.355575
          ],
          [
            8.4883377,
            47.3555779
          ],
          [
            8.48838,
            47.3555807
          ],
          [
            8.4884215,
            47.3555832
          ],
          [
            8.4884377,
            47.3555866
          ],
          [
            8.488452,
            47.355591
          ],
          [
            8.4884921,
            47.3556208
          ],
          [
            8.4885262,
            47.3556514
          ],
          [
            8.4885735,
            47.3556913
          ],
          [
            8.4885962,
            47.3557136
          ],
          [
            8.4886412,
            47.3557575
          ],
          [
            8.4886614,
            47.3557701
          ],
          [
            8.4887131,
            47.3557953
          ]
        ]
      },
      "id": "way/1359965661"
    },
    {
      "type": "Feature",
      "properties": {
        "@id": "way/1359965662",
        "alt_name": "Biketrail Triemli",
        "bicycle": "designated",
        "foot": "no",
        "hazard": "pedestrians",
        "highway": "cycleway",
        "horse": "no",
        "incline": "down",
        "info": "Viel schlamm, lange trockenzeit.",
        "lit": "no",
        "loc_name": "Antennentrail",
        "mtb": "designated",
        "mtb:scale": "2",
        "mtb_trail_type": "freeride",
        "name": "Triemlitrail",
        "name:gsw": "Üetzgitrail",
        "oneway": "yes",
        "surface": "compacted"
      },
      "geometry": {
        "type": "LineString",
        "coordinates": [
          [
            8.4887131,
            47.3557953
          ],
          [
            8.4887252,
            47.3558081
          ],
          [
            8.4887269,
            47.355822
          ],
          [
            8.4887231,
            47.3558324
          ],
          [
            8.4887163,
            47.355842
          ],
          [
            8.4887118,
            47.3558444
          ],
          [
            8.4887036,
            47.3558487
          ],
          [
            8.488688,
            47.3558539
          ],
          [
            8.4886704,
            47.3558555
          ],
          [
            8.4886447,
            47.3558534
          ],
          [
            8.488598,
            47.3558377
          ],
          [
            8.4885422,
            47.355819
          ]
        ]
      },
      "id": "way/1359965662"
    },
    {
      "type": "Feature",
      "properties": {
        "@id": "way/1363073752",
        "highway": "cycleway",
        "oneway": "yes",
        "smoothness": "good",
        "surface": "asphalt",
        "width": "2"
      },
      "geometry": {
        "type": "LineString",
        "coordinates": [
          [
            8.5200753,
            47.3879647
          ],
          [
            8.5200793,
            47.3879877
          ],
          [
            8.5201005,
            47.3881103
          ]
        ]
      },
      "id": "way/1363073752"
    },
    {
      "type": "Feature",
      "properties": {
        "@id": "way/1363073755",
        "highway": "cycleway",
        "oneway": "yes",
        "smoothness": "good",
        "surface": "asphalt"
      },
      "geometry": {
        "type": "LineString",
        "coordinates": [
          [
            8.5195957,
            47.3875755
          ],
          [
            8.5196985,
            47.3876185
          ],
          [
            8.5197767,
            47.3876512
          ]
        ]
      },
      "id": "way/1363073755"
    },
    {
      "type": "Feature",
      "properties": {
        "@id": "way/1363073757",
        "highway": "cycleway",
        "oneway": "yes",
        "smoothness": "excellent",
        "surface": "asphalt",
        "width": "1"
      },
      "geometry": {
        "type": "LineString",
        "coordinates": [
          [
            8.5192057,
            47.3871999
          ],
          [
            8.5193067,
            47.3872376
          ],
          [
            8.5193286,
            47.3873069
          ]
        ]
      },
      "id": "way/1363073757"
    },
    {
      "type": "Feature",
      "properties": {
        "@id": "way/1363073758",
        "highway": "cycleway",
        "oneway": "yes",
        "surface": "asphalt"
      },
      "geometry": {
        "type": "LineString",
        "coordinates": [
          [
            8.519003,
            47.3869375
          ],
          [
            8.5191377,
            47.3869812
          ]
        ]
      },
      "id": "way/1363073758"
    },
    {
      "type": "Feature",
      "properties": {
        "@id": "way/1371687596",
        "highway": "cycleway",
        "oneway": "no",
        "smoothness": "excellent",
        "surface": "asphalt"
      },
      "geometry": {
        "type": "LineString",
        "coordinates": [
          [
            8.5293403,
            47.3817789
          ],
          [
            8.5292963,
            47.3818294
          ],
          [
            8.5292951,
            47.3818309
          ],
          [
            8.5292239,
            47.3819052
          ]
        ]
      },
      "id": "way/1371687596"
    },
    {
      "type": "Feature",
      "properties": {
        "@id": "way/1371687597",
        "highway": "cycleway"
      },
      "geometry": {
        "type": "LineString",
        "coordinates": [
          [
            8.5293524,
            47.3818195
          ],
          [
            8.5294361,
            47.3818395
          ]
        ]
      },
      "id": "way/1371687597"
    },
    {
      "type": "Feature",
      "properties": {
        "@id": "way/1371687598",
        "highway": "cycleway",
        "surface": "asphalt"
      },
      "geometry": {
        "type": "LineString",
        "coordinates": [
          [
            8.5290142,
            47.3819402
          ],
          [
            8.5290156,
            47.3819868
          ]
        ]
      },
      "id": "way/1371687598"
    },
    {
      "type": "Feature",
      "properties": {
        "@id": "way/1372464944",
        "highway": "cycleway",
        "note": "Based on mapillary imagery from 2023",
        "source:width": "ARCore",
        "surface": "asphalt",
        "width": "1.5"
      },
      "geometry": {
        "type": "LineString",
        "coordinates": [
          [
            8.5344053,
            47.3588439
          ],
          [
            8.5344236,
            47.3588271
          ],
          [
            8.5344432,
            47.3586799
          ],
          [
            8.5345784,
            47.357928
          ],
          [
            8.5346422,
            47.357554
          ],
          [
            8.5346435,
            47.3575454
          ],
          [
            8.5346748,
            47.357329
          ],
          [
            8.5346899,
            47.3571119
          ],
          [
            8.5346921,
            47.3569644
          ],
          [
            8.5346586,
            47.3566231
          ],
          [
            8.5346379,
            47.3564959
          ],
          [
            8.5345962,
            47.356331
          ],
          [
            8.5344815,
            47.3559872
          ],
          [
            8.5344568,
            47.3559809
          ]
        ]
      },
      "id": "way/1372464944"
    },
    {
      "type": "Feature",
      "properties": {
        "@id": "way/1372464945",
        "highway": "cycleway",
        "source:width": "ARCore",
        "surface": "asphalt",
        "width": "1.3"
      },
      "geometry": {
        "type": "LineString",
        "coordinates": [
          [
            8.5348396,
            47.357109
          ],
          [
            8.5348266,
            47.3571316
          ],
          [
            8.5348123,
            47.3573393
          ],
          [
            8.5347839,
            47.3575589
          ],
          [
            8.5346086,
            47.3585756
          ],
          [
            8.5345356,
            47.3586477
          ]
        ]
      },
      "id": "way/1372464945"
    },
    {
      "type": "Feature",
      "properties": {
        "@id": "way/1374524625",
        "bicycle": "designated",
        "cycleway:surface": "asphalt",
        "foot": "designated",
        "footway:surface": "asphalt",
        "highway": "cycleway",
        "lit": "yes",
        "note": "Fussweg, Zusatz \"Velo gestattet\" (Fussgänger haben Vortritt)",
        "oneway": "no",
        "segregated": "yes",
        "surface": "asphalt"
      },
      "geometry": {
        "type": "LineString",
        "coordinates": [
          [
            8.5361217,
            47.3883365
          ],
          [
            8.5360745,
            47.3883099
          ]
        ]
      },
      "id": "way/1374524625"
    },
    {
      "type": "Feature",
      "properties": {
        "@id": "way/1374699304",
        "highway": "cycleway",
        "lcn": "proposed",
        "lit": "yes",
        "name": "Birmensdorferstrasse",
        "oneway": "yes",
        "smoothness": "excellent",
        "surface": "asphalt",
        "width": "1"
      },
      "geometry": {
        "type": "LineString",
        "coordinates": [
          [
            8.5113305,
            47.3700625
          ],
          [
            8.5109872,
            47.3700221
          ],
          [
            8.5107102,
            47.3699893
          ]
        ]
      },
      "id": "way/1374699304"
    },
    {
      "type": "Feature",
      "properties": {
        "@id": "way/1374699305",
        "highway": "cycleway",
        "lcn": "proposed",
        "name": "Birmensdorferstrasse",
        "oneway": "yes",
        "surface": "asphalt",
        "width": "1"
      },
      "geometry": {
        "type": "LineString",
        "coordinates": [
          [
            8.5128532,
            47.3702421
          ],
          [
            8.5124458,
            47.3701942
          ],
          [
            8.5120451,
            47.3701467
          ],
          [
            8.5119982,
            47.370143
          ]
        ]
      },
      "id": "way/1374699305"
    },
    {
      "type": "Feature",
      "properties": {
        "@id": "way/1374699306",
        "cycleway": "link",
        "highway": "cycleway",
        "lcn": "proposed",
        "name": "Birmensdorferstrasse",
        "oneway": "yes",
        "surface": "asphalt",
        "width": "1"
      },
      "geometry": {
        "type": "LineString",
        "coordinates": [
          [
            8.512883,
            47.3701255
          ],
          [
            8.5129486,
            47.3701936
          ]
        ]
      },
      "id": "way/1374699306"
    },
    {
      "type": "Feature",
      "properties": {
        "@id": "way/1374699307",
        "cycleway": "link",
        "highway": "cycleway",
        "lcn": "proposed",
        "name": "Birmensdorferstrasse",
        "oneway": "yes",
        "surface": "asphalt",
        "width": "1"
      },
      "geometry": {
        "type": "LineString",
        "coordinates": [
          [
            8.5103714,
            47.3699015
          ],
          [
            8.5104633,
            47.3698393
          ]
        ]
      },
      "id": "way/1374699307"
    },
    {
      "type": "Feature",
      "properties": {
        "@id": "way/1374699308",
        "highway": "cycleway",
        "lcn": "proposed",
        "name": "Birmensdorferstrasse",
        "oneway": "yes",
        "smoothness": "excellent",
        "surface": "asphalt",
        "width": "1"
      },
      "geometry": {
        "type": "LineString",
        "coordinates": [
          [
            8.5104633,
            47.3698393
          ],
          [
            8.5109163,
            47.3698926
          ],
          [
            8.5112333,
            47.3699307
          ],
          [
            8.5117369,
            47.36999
          ],
          [
            8.5119642,
            47.3700163
          ],
          [
            8.512883,
            47.3701255
          ]
        ]
      },
      "id": "way/1374699308"
    },
    {
      "type": "Feature",
      "properties": {
        "@id": "way/1374748784",
        "cycleway": "link",
        "highway": "cycleway",
        "lcn": "proposed",
        "name": "Birmensdorferstrasse",
        "oneway": "yes",
        "surface": "asphalt",
        "width": "1"
      },
      "geometry": {
        "type": "LineString",
        "coordinates": [
          [
            8.5145247,
            47.3704394
          ],
          [
            8.5145036,
            47.3704153
          ]
        ]
      },
      "id": "way/1374748784"
    },
    {
      "type": "Feature",
      "properties": {
        "@id": "way/1374748785",
        "cycleway": "link",
        "highway": "cycleway",
        "lcn": "proposed",
        "name": "Birmensdorferstrasse",
        "oneway": "yes",
        "surface": "asphalt",
        "width": "1"
      },
      "geometry": {
        "type": "LineString",
        "coordinates": [
          [
            8.5164822,
            47.3706102
          ],
          [
            8.5163888,
            47.3706615
          ]
        ]
      },
      "id": "way/1374748785"
    },
    {
      "type": "Feature",
      "properties": {
        "@id": "way/1374748786",
        "highway": "cycleway",
        "lcn": "proposed",
        "name": "Birmensdorferstrasse",
        "oneway": "yes",
        "surface": "asphalt",
        "width": "1"
      },
      "geometry": {
        "type": "LineString",
        "coordinates": [
          [
            8.5163888,
            47.3706615
          ],
          [
            8.5163312,
            47.3706523
          ],
          [
            8.5157605,
            47.370585
          ],
          [
            8.5155336,
            47.3705583
          ],
          [
            8.5153427,
            47.3705359
          ],
          [
            8.5145247,
            47.3704394
          ]
        ]
      },
      "id": "way/1374748786"
    },
    {
      "type": "Feature",
      "properties": {
        "@id": "way/1374748787",
        "cycleway": "link",
        "highway": "cycleway",
        "lcn": "proposed",
        "oneway": "yes",
        "surface": "asphalt",
        "width": "1"
      },
      "geometry": {
        "type": "LineString",
        "coordinates": [
          [
            8.5171389,
            47.3707456
          ],
          [
            8.5170748,
            47.3706693
          ]
        ]
      },
      "id": "way/1374748787"
    },
    {
      "type": "Feature",
      "properties": {
        "@id": "way/1374748788",
        "cycleway": "link",
        "highway": "cycleway",
        "lcn": "proposed",
        "oneway": "yes",
        "surface": "asphalt",
        "width": "1"
      },
      "geometry": {
        "type": "LineString",
        "coordinates": [
          [
            8.5182877,
            47.3703654
          ],
          [
            8.5182577,
            47.3704397
          ]
        ]
      },
      "id": "way/1374748788"
    },
    {
      "type": "Feature",
      "properties": {
        "@id": "way/1374748789",
        "highway": "cycleway",
        "lcn": "proposed",
        "name": "Birmensdorferstrasse",
        "oneway": "yes",
        "smoothness": "excellent",
        "surface": "asphalt",
        "width": "1"
      },
      "geometry": {
        "type": "LineString",
        "coordinates": [
          [
            8.5182577,
            47.3704397
          ],
          [
            8.5178433,
            47.3705554
          ],
          [
            8.5177806,
            47.370573
          ],
          [
            8.5176319,
            47.3706147
          ],
          [
            8.5172594,
            47.3707186
          ],
          [
            8.5172062,
            47.370733
          ],
          [
            8.5171389,
            47.3707456
          ]
        ]
      },
      "id": "way/1374748789"
    },
    {
      "type": "Feature",
      "properties": {
        "@id": "way/1374748790",
        "cycleway": "link",
        "highway": "cycleway",
        "lcn": "proposed",
        "oneway": "yes",
        "surface": "asphalt",
        "width": "1"
      },
      "geometry": {
        "type": "LineString",
        "coordinates": [
          [
            8.5181913,
            47.370329
          ],
          [
            8.5182877,
            47.3703654
          ]
        ]
      },
      "id": "way/1374748790"
    },
    {
      "type": "Feature",
      "properties": {
        "@id": "way/1374748791",
        "cycleway": "link",
        "highway": "cycleway",
        "lcn": "proposed",
        "oneway": "yes",
        "surface": "asphalt",
        "width": "1"
      },
      "geometry": {
        "type": "LineString",
        "coordinates": [
          [
            8.517745,
            47.3705179
          ],
          [
            8.5177833,
            47.3704434
          ]
        ]
      },
      "id": "way/1374748791"
    },
    {
      "type": "Feature",
      "properties": {
        "@id": "way/1374748792",
        "highway": "cycleway",
        "lcn": "proposed",
        "name": "Birmensdorferstrasse",
        "oneway": "yes",
        "smoothness": "excellent",
        "surface": "asphalt",
        "width": "1"
      },
      "geometry": {
        "type": "LineString",
        "coordinates": [
          [
            8.5177833,
            47.3704434
          ],
          [
            8.5179607,
            47.3703937
          ],
          [
            8.5181913,
            47.370329
          ]
        ]
      },
      "id": "way/1374748792"
    },
    {
      "type": "Feature",
      "properties": {
        "@id": "way/1374748795",
        "cycleway": "link",
        "highway": "cycleway",
        "lcn": "proposed",
        "name": "Birmensdorferstrasse",
        "oneway": "yes",
        "surface": "asphalt",
        "width": "1"
      },
      "geometry": {
        "type": "LineString",
        "coordinates": [
          [
            8.5164204,
            47.3705426
          ],
          [
            8.5164822,
            47.3706102
          ]
        ]
      },
      "id": "way/1374748795"
    },
    {
      "type": "Feature",
      "properties": {
        "@id": "way/1374748796",
        "cycleway": "link",
        "highway": "cycleway",
        "lcn": "proposed",
        "name": "Birmensdorferstrasse",
        "oneway": "yes",
        "surface": "asphalt",
        "width": "1"
      },
      "geometry": {
        "type": "LineString",
        "coordinates": [
          [
            8.5145082,
            47.3702979
          ],
          [
            8.5145547,
            47.3702955
          ]
        ]
      },
      "id": "way/1374748796"
    },
    {
      "type": "Feature",
      "properties": {
        "@id": "way/1374748797",
        "cycleway": "link",
        "highway": "cycleway",
        "lcn": "proposed",
        "name": "Birmensdorferstrasse",
        "oneway": "yes",
        "surface": "asphalt",
        "width": "1"
      },
      "geometry": {
        "type": "LineString",
        "coordinates": [
          [
            8.5107102,
            47.3699893
          ],
          [
            8.5106048,
            47.3699514
          ]
        ]
      },
      "id": "way/1374748797"
    },
    {
      "type": "Feature",
      "properties": {
        "@id": "way/1374748798",
        "cycleway": "link",
        "highway": "cycleway",
        "lcn": "proposed",
        "name": "Birmensdorferstrasse",
        "oneway": "yes",
        "surface": "asphalt",
        "width": "1"
      },
      "geometry": {
        "type": "LineString",
        "coordinates": [
          [
            8.5114465,
            47.3700165
          ],
          [
            8.5113305,
            47.3700625
          ]
        ]
      },
      "id": "way/1374748798"
    },
    {
      "type": "Feature",
      "properties": {
        "@id": "way/1374748799",
        "cycleway": "link",
        "highway": "cycleway",
        "lcn": "proposed",
        "name": "Birmensdorferstrasse",
        "oneway": "yes",
        "surface": "asphalt",
        "width": "1"
      },
      "geometry": {
        "type": "LineString",
        "coordinates": [
          [
            8.5119982,
            47.370143
          ],
          [
            8.5119539,
            47.3700759
          ]
        ]
      },
      "id": "way/1374748799"
    },
    {
      "type": "Feature",
      "properties": {
        "@id": "way/1374748800",
        "cycleway": "link",
        "highway": "cycleway",
        "lcn": "proposed",
        "name": "Birmensdorferstrasse",
        "oneway": "yes",
        "surface": "asphalt",
        "width": "1"
      },
      "geometry": {
        "type": "LineString",
        "coordinates": [
          [
            8.5129486,
            47.3701936
          ],
          [
            8.5128532,
            47.3702421
          ]
        ]
      },
      "id": "way/1374748800"
    },
    {
      "type": "Feature",
      "properties": {
        "@id": "way/1374748801",
        "highway": "cycleway",
        "lcn": "proposed",
        "name": "Birmensdorferstrasse",
        "oneway": "yes",
        "smoothness": "excellent",
        "surface": "asphalt",
        "width": "1"
      },
      "geometry": {
        "type": "LineString",
        "coordinates": [
          [
            8.5145547,
            47.3702955
          ],
          [
            8.5146969,
            47.3703262
          ],
          [
            8.5147925,
            47.3703461
          ],
          [
            8.514879,
            47.3703605
          ],
          [
            8.514973,
            47.3703718
          ],
          [
            8.51549,
            47.3704325
          ],
          [
            8.5155627,
            47.3704414
          ],
          [
            8.5164204,
            47.3705426
          ]
        ]
      },
      "id": "way/1374748801"
    },
    {
      "type": "Feature",
      "properties": {
        "@id": "way/1375209835",
        "crossing": "uncontrolled",
        "crossing:markings": "yes",
        "cycleway": "crossing",
        "highway": "cycleway",
        "surface": "asphalt"
      },
      "geometry": {
        "type": "LineString",
        "coordinates": [
          [
            8.4996905,
            47.4027765
          ],
          [
            8.4997795,
            47.402768
          ]
        ]
      },
      "id": "way/1375209835"
    },
    {
      "type": "Feature",
      "properties": {
        "@id": "way/1382957716",
        "highway": "cycleway",
        "junction": "jughandle",
        "surface": "asphalt"
      },
      "geometry": {
        "type": "LineString",
        "coordinates": [
          [
            8.4819517,
            47.3918055
          ],
          [
            8.4819567,
            47.3917937
          ]
        ]
      },
      "id": "way/1382957716"
    },
    {
      "type": "Feature",
      "properties": {
        "@id": "way/1382957717",
        "cycleway": "crossing",
        "highway": "cycleway",
        "surface": "asphalt"
      },
      "geometry": {
        "type": "LineString",
        "coordinates": [
          [
            8.4819353,
            47.3918444
          ],
          [
            8.4819435,
            47.391825
          ],
          [
            8.4819517,
            47.3918055
          ]
        ]
      },
      "id": "way/1382957717"
    },
    {
      "type": "Feature",
      "properties": {
        "@id": "way/1382957718",
        "cycleway": "traffic_island",
        "highway": "cycleway",
        "surface": "asphalt"
      },
      "geometry": {
        "type": "LineString",
        "coordinates": [
          [
            8.4819262,
            47.3918657
          ],
          [
            8.4819353,
            47.3918444
          ]
        ]
      },
      "id": "way/1382957718"
    },
    {
      "type": "Feature",
      "properties": {
        "@id": "way/1382957719",
        "cycleway": "traffic_island",
        "highway": "cycleway",
        "surface": "asphalt"
      },
      "geometry": {
        "type": "LineString",
        "coordinates": [
          [
            8.481893,
            47.3919441
          ],
          [
            8.481902,
            47.3919229
          ]
        ]
      },
      "id": "way/1382957719"
    },
    {
      "type": "Feature",
      "properties": {
        "@id": "way/1382957720",
        "cycleway": "crossing",
        "highway": "cycleway",
        "surface": "asphalt"
      },
      "geometry": {
        "type": "LineString",
        "coordinates": [
          [
            8.4818755,
            47.3919852
          ],
          [
            8.4818842,
            47.3919647
          ],
          [
            8.481893,
            47.3919441
          ]
        ]
      },
      "id": "way/1382957720"
    },
    {
      "type": "Feature",
      "properties": {
        "@id": "way/1382957721",
        "highway": "cycleway",
        "junction": "jughandle",
        "oneway": "yes",
        "surface": "asphalt"
      },
      "geometry": {
        "type": "LineString",
        "coordinates": [
          [
            8.4817327,
            47.3917923
          ],
          [
            8.4817943,
            47.3917764
          ],
          [
            8.4818285,
            47.3917676
          ]
        ]
      },
      "id": "way/1382957721"
    },
    {
      "type": "Feature",
      "properties": {
        "@id": "way/1382957723",
        "highway": "cycleway",
        "junction": "jughandle",
        "surface": "asphalt"
      },
      "geometry": {
        "type": "LineString",
        "coordinates": [
          [
            8.4819168,
            47.3919919
          ],
          [
            8.4818675,
            47.3920054
          ],
          [
            8.4818755,
            47.3919852
          ]
        ]
      },
      "id": "way/1382957723"
    },
    {
      "type": "Feature",
      "properties": {
        "@id": "way/1382957724",
        "cycleway": "link",
        "highway": "cycleway",
        "junction": "jughandle",
        "surface": "asphalt"
      },
      "geometry": {
        "type": "LineString",
        "coordinates": [
          [
            8.4819818,
            47.3919786
          ],
          [
            8.4819168,
            47.3919919
          ]
        ]
      },
      "id": "way/1382957724"
    },
    {
      "type": "Feature",
      "properties": {
        "@id": "way/1382957731",
        "cycleway": "crossing",
        "highway": "cycleway",
        "smoothness": "excellent",
        "surface": "asphalt"
      },
      "geometry": {
        "type": "LineString",
        "coordinates": [
          [
            8.4835189,
            47.3918995
          ],
          [
            8.4835139,
            47.3918815
          ],
          [
            8.4835076,
            47.3918589
          ]
        ]
      },
      "id": "way/1382957731"
    },
    {
      "type": "Feature",
      "properties": {
        "@id": "way/1382957732",
        "cycleway": "traffic_island",
        "highway": "cycleway",
        "smoothness": "excellent",
        "surface": "asphalt"
      },
      "geometry": {
        "type": "LineString",
        "coordinates": [
          [
            8.4835253,
            47.3919223
          ],
          [
            8.4835189,
            47.3918995
          ]
        ]
      },
      "id": "way/1382957732"
    },
    {
      "type": "Feature",
      "properties": {
        "@id": "way/1382957733",
        "cycleway": "traffic_island",
        "highway": "cycleway",
        "smoothness": "excellent",
        "surface": "asphalt"
      },
      "geometry": {
        "type": "LineString",
        "coordinates": [
          [
            8.4835471,
            47.3920065
          ],
          [
            8.4835412,
            47.3919824
          ]
        ]
      },
      "id": "way/1382957733"
    },
    {
      "type": "Feature",
      "properties": {
        "@id": "way/1382957734",
        "cycleway": "crossing",
        "highway": "cycleway",
        "surface": "asphalt"
      },
      "geometry": {
        "type": "LineString",
        "coordinates": [
          [
            8.4835574,
            47.3920473
          ],
          [
            8.4835516,
            47.3920247
          ],
          [
            8.4835471,
            47.3920065
          ]
        ]
      },
      "id": "way/1382957734"
    },
    {
      "type": "Feature",
      "properties": {
        "@id": "way/1382957735",
        "highway": "cycleway",
        "surface": "asphalt"
      },
      "geometry": {
        "type": "LineString",
        "coordinates": [
          [
            8.4835618,
            47.3920643
          ],
          [
            8.4835574,
            47.3920473
          ]
        ]
      },
      "id": "way/1382957735"
    },
    {
      "type": "Feature",
      "properties": {
        "@id": "way/1382957736",
        "cycleway": "link",
        "highway": "cycleway",
        "junction": "jughandle",
        "surface": "asphalt"
      },
      "geometry": {
        "type": "LineString",
        "coordinates": [
          [
            8.4835076,
            47.3918589
          ],
          [
            8.4835047,
            47.3918486
          ],
          [
            8.4834916,
            47.3918621
          ],
          [
            8.483462,
            47.3918927
          ]
        ]
      },
      "id": "way/1382957736"
    },
    {
      "type": "Feature",
      "properties": {
        "@id": "way/1382957744",
        "cycleway": "link",
        "highway": "cycleway",
        "surface": "asphalt"
      },
      "geometry": {
        "type": "LineString",
        "coordinates": [
          [
            8.4865624,
            47.3913605
          ],
          [
            8.4865537,
            47.3913447
          ]
        ]
      },
      "id": "way/1382957744"
    },
    {
      "type": "Feature",
      "properties": {
        "@id": "way/1382957745",
        "cycleway": "crossing",
        "highway": "cycleway",
        "smoothness": "excellent",
        "surface": "asphalt"
      },
      "geometry": {
        "type": "LineString",
        "coordinates": [
          [
            8.4865839,
            47.3913992
          ],
          [
            8.4865732,
            47.3913799
          ],
          [
            8.4865624,
            47.3913605
          ]
        ]
      },
      "id": "way/1382957745"
    },
    {
      "type": "Feature",
      "properties": {
        "@id": "way/1382957746",
        "cycleway": "traffic_island",
        "highway": "cycleway",
        "smoothness": "excellent",
        "surface": "asphalt"
      },
      "geometry": {
        "type": "LineString",
        "coordinates": [
          [
            8.486593,
            47.3914156
          ],
          [
            8.4865839,
            47.3913992
          ]
        ]
      },
      "id": "way/1382957746"
    },
    {
      "type": "Feature",
      "properties": {
        "@id": "way/1382957747",
        "cycleway": "crossing",
        "highway": "cycleway",
        "smoothness": "good",
        "surface": "asphalt"
      },
      "geometry": {
        "type": "LineString",
        "coordinates": [
          [
            8.4866223,
            47.3914686
          ],
          [
            8.4866148,
            47.3914551
          ],
          [
            8.4866077,
            47.3914423
          ],
          [
            8.4866007,
            47.3914296
          ],
          [
            8.486593,
            47.3914156
          ]
        ]
      },
      "id": "way/1382957747"
    },
    {
      "type": "Feature",
      "properties": {
        "@id": "way/1382957748",
        "cycleway": "traffic_island",
        "highway": "cycleway",
        "smoothness": "excellent",
        "surface": "asphalt"
      },
      "geometry": {
        "type": "LineString",
        "coordinates": [
          [
            8.486631,
            47.3914842
          ],
          [
            8.4866223,
            47.3914686
          ]
        ]
      },
      "id": "way/1382957748"
    },
    {
      "type": "Feature",
      "properties": {
        "@id": "way/1382957749",
        "cycleway": "crossing",
        "highway": "cycleway",
        "smoothness": "excellent",
        "surface": "asphalt"
      },
      "geometry": {
        "type": "LineString",
        "coordinates": [
          [
            8.4866527,
            47.3915234
          ],
          [
            8.4866418,
            47.3915038
          ],
          [
            8.486631,
            47.3914842
          ]
        ]
      },
      "id": "way/1382957749"
    },
    {
      "type": "Feature",
      "properties": {
        "@id": "way/1382957750",
        "cycleway": "link",
        "highway": "cycleway",
        "junction": "jughandle",
        "surface": "asphalt"
      },
      "geometry": {
        "type": "LineString",
        "coordinates": [
          [
            8.4867057,
            47.3914858
          ],
          [
            8.4866887,
            47.391514
          ]
        ]
      },
      "id": "way/1382957750"
    },
    {
      "type": "Feature",
      "properties": {
        "@id": "way/1382957751",
        "highway": "cycleway",
        "junction": "jughandle",
        "smoothness": "excellent",
        "surface": "asphalt"
      },
      "geometry": {
        "type": "LineString",
        "coordinates": [
          [
            8.4866887,
            47.391514
          ],
          [
            8.4866848,
            47.3915205
          ],
          [
            8.4866556,
            47.3915288
          ],
          [
            8.4866527,
            47.3915234
          ]
        ]
      },
      "id": "way/1382957751"
    },
    {
      "type": "Feature",
      "properties": {
        "@id": "way/1382969058",
        "highway": "cycleway",
        "layer": "-1",
        "level": "-1",
        "lit": "yes",
        "surface": "asphalt",
        "tunnel": "yes"
      },
      "geometry": {
        "type": "LineString",
        "coordinates": [
          [
            8.5362242,
            47.3776438
          ],
          [
            8.5361929,
            47.3776597
          ],
          [
            8.5361423,
            47.3776855
          ],
          [
            8.5358777,
            47.3778149
          ],
          [
            8.5353359,
            47.3780799
          ],
          [
            8.53504,
            47.3781862
          ]
        ]
      },
      "id": "way/1382969058"
    },
    {
      "type": "Feature",
      "properties": {
        "@id": "way/1384412760",
        "highway": "cycleway",
        "surface": "asphalt"
      },
      "geometry": {
        "type": "LineString",
        "coordinates": [
          [
            8.4744309,
            47.398111
          ],
          [
            8.4744374,
            47.39813
          ]
        ]
      },
      "id": "way/1384412760"
    },
    {
      "type": "Feature",
      "properties": {
        "@id": "way/1384412761",
        "cycleway": "crossing",
        "highway": "cycleway",
        "surface": "asphalt"
      },
      "geometry": {
        "type": "LineString",
        "coordinates": [
          [
            8.4743806,
            47.3980179
          ],
          [
            8.4744012,
            47.3980509
          ],
          [
            8.4744309,
            47.398111
          ]
        ]
      },
      "id": "way/1384412761"
    },
    {
      "type": "Feature",
      "properties": {
        "@id": "way/1384412762",
        "cycleway": "traffic_island",
        "highway": "cycleway",
        "surface": "asphalt"
      },
      "geometry": {
        "type": "LineString",
        "coordinates": [
          [
            8.4743685,
            47.3979987
          ],
          [
            8.4743806,
            47.3980179
          ]
        ]
      },
      "id": "way/1384412762"
    },
    {
      "type": "Feature",
      "properties": {
        "@id": "way/1384412763",
        "cycleway": "crossing",
        "highway": "cycleway",
        "surface": "asphalt"
      },
      "geometry": {
        "type": "LineString",
        "coordinates": [
          [
            8.4743059,
            47.3978989
          ],
          [
            8.4743386,
            47.3979509
          ],
          [
            8.4743685,
            47.3979987
          ]
        ]
      },
      "id": "way/1384412763"
    },
    {
      "type": "Feature",
      "properties": {
        "@id": "way/1384412764",
        "highway": "cycleway",
        "surface": "asphalt"
      },
      "geometry": {
        "type": "LineString",
        "coordinates": [
          [
            8.4742968,
            47.3978842
          ],
          [
            8.4743059,
            47.3978989
          ]
        ]
      },
      "id": "way/1384412764"
    },
    {
      "type": "Feature",
      "properties": {
        "@id": "way/1384413398",
        "highway": "cycleway",
        "note": "standort nur ungefähr, da luftbild nicht aktuell",
        "oneway": "no"
      },
      "geometry": {
        "type": "LineString",
        "coordinates": [
          [
            8.4770206,
            47.3997278
          ],
          [
            8.4769532,
            47.3997862
          ]
        ]
      },
      "id": "way/1384413398"
    },
    {
      "type": "Feature",
      "properties": {
        "@id": "way/1388851605",
        "fixme": "Position geschätzt, mit Amtlicher Vermessung abgleichen, wenn verfügbar",
        "foot": "no",
        "highway": "cycleway",
        "layer": "-1",
        "maxspeed": "20",
        "name": "Stadttunnel",
        "smoothness": "excellent",
        "surface": "concrete",
        "tunnel": "yes"
      },
      "geometry": {
        "type": "LineString",
        "coordinates": [
          [
            8.5370092,
            47.3788486
          ],
          [
            8.5370801,
            47.3788255
          ],
          [
            8.5371364,
            47.3788077
          ]
        ]
      },
      "id": "way/1388851605"
    },
    {
      "type": "Feature",
      "properties": {
        "@id": "way/1388851608",
        "foot": "no",
        "highway": "cycleway",
        "maxspeed": "20",
        "surface": "asphalt"
      },
      "geometry": {
        "type": "LineString",
        "coordinates": [
          [
            8.5369694,
            47.3800119
          ],
          [
            8.5369573,
            47.3800152
          ],
          [
            8.5369471,
            47.3800202
          ],
          [
            8.5369192,
            47.3800339
          ]
        ]
      },
      "id": "way/1388851608"
    },
    {
      "type": "Feature",
      "properties": {
        "@id": "way/1388973299",
        "highway": "cycleway",
        "start_date": "2025-05-20",
        "surface": "asphalt"
      },
      "geometry": {
        "type": "LineString",
        "coordinates": [
          [
            8.5380383,
            47.3804294
          ],
          [
            8.5380555,
            47.3804625
          ],
          [
            8.5380749,
            47.3805013
          ]
        ]
      },
      "id": "way/1388973299"
    },
    {
      "type": "Feature",
      "properties": {
        "@id": "way/1388973302",
        "cycleway": "link",
        "highway": "cycleway",
        "oneway": "yes",
        "start_date": "2025-05-20",
        "surface": "asphalt"
      },
      "geometry": {
        "type": "LineString",
        "coordinates": [
          [
            8.5381183,
            47.3806251
          ],
          [
            8.5380676,
            47.380702
          ]
        ]
      },
      "id": "way/1388973302"
    },
    {
      "type": "Feature",
      "properties": {
        "@id": "way/1388973303",
        "highway": "cycleway",
        "oneway": "yes",
        "start_date": "2025-05-20",
        "surface": "asphalt"
      },
      "geometry": {
        "type": "LineString",
        "coordinates": [
          [
            8.5380749,
            47.3805013
          ],
          [
            8.5381183,
            47.3806251
          ]
        ]
      },
      "id": "way/1388973303"
    },
    {
      "type": "Feature",
      "properties": {
        "@id": "way/1388973304",
        "highway": "cycleway",
        "oneway": "yes",
        "start_date": "2025-05-20",
        "surface": "asphalt"
      },
      "geometry": {
        "type": "LineString",
        "coordinates": [
          [
            8.5380008,
            47.3805603
          ],
          [
            8.5380449,
            47.380527
          ],
          [
            8.5380749,
            47.3805013
          ]
        ]
      },
      "id": "way/1388973304"
    },
    {
      "type": "Feature",
      "properties": {
        "@id": "way/1388973305",
        "highway": "cycleway",
        "start_date": "2025-05-20",
        "surface": "asphalt"
      },
      "geometry": {
        "type": "LineString",
        "coordinates": [
          [
            8.5379828,
            47.3803227
          ],
          [
            8.5380221,
            47.3803982
          ],
          [
            8.5380383,
            47.3804294
          ]
        ]
      },
      "id": "way/1388973305"
    },
    {
      "type": "Feature",
      "properties": {
        "@id": "way/1389154856",
        "cycleway": "link",
        "highway": "cycleway",
        "surface": "asphalt"
      },
      "geometry": {
        "type": "LineString",
        "coordinates": [
          [
            8.5374359,
            47.3804429
          ],
          [
            8.5373193,
            47.3804181
          ]
        ]
      },
      "id": "way/1389154856"
    },
    {
      "type": "Feature",
      "properties": {
        "@id": "way/1389154857",
        "cycleway": "link",
        "highway": "cycleway",
        "surface": "asphalt"
      },
      "geometry": {
        "type": "LineString",
        "coordinates": [
          [
            8.5377939,
            47.3803091
          ],
          [
            8.5378085,
            47.3803064
          ],
          [
            8.5378859,
            47.3803253
          ]
        ]
      },
      "id": "way/1389154857"
    },
    {
      "type": "Feature",
      "properties": {
        "@id": "way/1389475847",
        "highway": "cycleway"
      },
      "geometry": {
        "type": "LineString",
        "coordinates": [
          [
            8.4977041,
            47.3864373
          ],
          [
            8.4976187,
            47.3864661
          ]
        ]
      },
      "id": "way/1389475847"
    },
    {
      "type": "Feature",
      "properties": {
        "@id": "way/1390108237",
        "highway": "cycleway",
        "lcn": "proposed",
        "oneway": "yes",
        "surface": "asphalt"
      },
      "geometry": {
        "type": "LineString",
        "coordinates": [
          [
            8.5267614,
            47.3722811
          ],
          [
            8.5267352,
            47.3722738
          ],
          [
            8.5266932,
            47.372262
          ],
          [
            8.5266609,
            47.372253
          ],
          [
            8.5266384,
            47.3722467
          ]
        ]
      },
      "id": "way/1390108237"
    },
    {
      "type": "Feature",
      "properties": {
        "@id": "way/1390108238",
        "highway": "cycleway",
        "lcn": "proposed",
        "oneway": "yes",
        "surface": "asphalt"
      },
      "geometry": {
        "type": "LineString",
        "coordinates": [
          [
            8.5268253,
            47.3722871
          ],
          [
            8.5267614,
            47.3722811
          ],
          [
            8.5266733,
            47.3723015
          ]
        ]
      },
      "id": "way/1390108238"
    },
    {
      "type": "Feature",
      "properties": {
        "@id": "way/1391317307",
        "highway": "cycleway",
        "lit": "yes",
        "oneway": "no",
        "smoothness": "good",
        "surface": "asphalt",
        "width": "2"
      },
      "geometry": {
        "type": "LineString",
        "coordinates": [
          [
            8.5350818,
            47.3764778
          ],
          [
            8.5350351,
            47.3765067
          ],
          [
            8.5350039,
            47.376526
          ]
        ]
      },
      "id": "way/1391317307"
    },
    {
      "type": "Feature",
      "properties": {
        "@id": "way/1391317310",
        "highway": "cycleway",
        "oneway": "yes",
        "start_date": "2025-05-20",
        "surface": "asphalt"
      },
      "geometry": {
        "type": "LineString",
        "coordinates": [
          [
            8.5380383,
            47.3804294
          ],
          [
            8.5380073,
            47.3804372
          ],
          [
            8.5380008,
            47.3804389
          ],
          [
            8.537946,
            47.3804517
          ]
        ]
      },
      "id": "way/1391317310"
    },
    {
      "type": "Feature",
      "properties": {
        "@id": "way/1394393886",
        "bicycle": "yes",
        "foot": "no",
        "hazard": "pedestrians",
        "highway": "cycleway",
        "horse": "no",
        "lit": "no",
        "mtb": "yes",
        "mtb:scale": "1",
        "mtb_trail_type": "freeride",
        "name": "Adlisberg Trail",
        "oneway": "yes",
        "smoothness": "intermediate",
        "source:width": "ARCore",
        "surface": "ground",
        "trail_visibility": "good",
        "width": "1.5"
      },
      "geometry": {
        "type": "LineString",
        "coordinates": [
          [
            8.5880009,
            47.3695755
          ],
          [
            8.5879825,
            47.3695523
          ],
          [
            8.5879552,
            47.3695405
          ],
          [
            8.5879342,
            47.3695369
          ],
          [
            8.5878836,
            47.3695393
          ],
          [
            8.5876524,
            47.3695763
          ],
          [
            8.5875033,
            47.3696192
          ],
          [
            8.5873592,
            47.3696608
          ],
          [
            8.5871703,
            47.3697412
          ],
          [
            8.5871422,
            47.3697823
          ],
          [
            8.5871289,
            47.3698031
          ],
          [
            8.5871152,
            47.3698109
          ],
          [
            8.5870851,
            47.3698144
          ],
          [
            8.5870469,
            47.3698135
          ],
          [
            8.587005,
            47.3698109
          ],
          [
            8.5869283,
            47.3698393
          ],
          [
            8.5868691,
            47.3698849
          ],
          [
            8.5868308,
            47.3699288
          ]
        ]
      },
      "id": "way/1394393886"
    },
    {
      "type": "Feature",
      "properties": {
        "@id": "way/1394393887",
        "bicycle": "yes",
        "foot": "no",
        "hazard": "pedestrians",
        "highway": "cycleway",
        "horse": "no",
        "lit": "no",
        "mtb": "yes",
        "mtb:scale": "1",
        "mtb_trail_type": "freeride",
        "name": "Adlisberg Trail",
        "oneway": "yes",
        "smoothness": "intermediate",
        "surface": "ground",
        "trail_visibility": "good",
        "width": "1.5"
      },
      "geometry": {
        "type": "LineString",
        "coordinates": [
          [
            8.5868308,
            47.3699288
          ],
          [
            8.5868172,
            47.3699444
          ],
          [
            8.5867671,
            47.370047
          ],
          [
            8.586696,
            47.3700949
          ],
          [
            8.5866371,
            47.3701688
          ],
          [
            8.5864363,
            47.3702953
          ],
          [
            8.5862186,
            47.3704848
          ],
          [
            8.5860475,
            47.3706362
          ],
          [
            8.5859843,
            47.3707333
          ],
          [
            8.5859295,
            47.3707778
          ],
          [
            8.5857638,
            47.3709054
          ],
          [
            8.5856578,
            47.3710741
          ],
          [
            8.5856333,
            47.3710916
          ]
        ]
      },
      "id": "way/1394393887"
    },
    {
      "type": "Feature",
      "properties": {
        "@id": "way/1394393888",
        "bicycle": "yes",
        "foot": "no",
        "hazard": "pedestrians",
        "highway": "cycleway",
        "horse": "no",
        "lit": "no",
        "mtb": "yes",
        "mtb:scale": "1",
        "mtb_trail_type": "freeride",
        "name": "Adlisberg Trail",
        "oneway": "yes",
        "smoothness": "intermediate",
        "surface": "ground",
        "trail_visibility": "good",
        "width": "1.5"
      },
      "geometry": {
        "type": "LineString",
        "coordinates": [
          [
            8.5856333,
            47.3710916
          ],
          [
            8.5856146,
            47.371105
          ],
          [
            8.5855417,
            47.3711666
          ],
          [
            8.585476,
            47.3711981
          ],
          [
            8.5853946,
            47.37123
          ],
          [
            8.5853687,
            47.3712518
          ],
          [
            8.5853631,
            47.3713798
          ],
          [
            8.5852869,
            47.3714949
          ],
          [
            8.5851604,
            47.3716227
          ],
          [
            8.5851047,
            47.3717079
          ],
          [
            8.5850372,
            47.3717665
          ],
          [
            8.5849069,
            47.3719293
          ],
          [
            8.5848742,
            47.3719614
          ],
          [
            8.5847506,
            47.3719991
          ],
          [
            8.5847174,
            47.3720165
          ],
          [
            8.584696,
            47.3720427
          ],
          [
            8.5846575,
            47.3721701
          ],
          [
            8.5846433,
            47.3721889
          ],
          [
            8.5846028,
            47.3722186
          ],
          [
            8.5845773,
            47.3722337
          ],
          [
            8.5845388,
            47.3722448
          ],
          [
            8.5845048,
            47.3722492
          ],
          [
            8.5844756,
            47.37226
          ],
          [
            8.5844267,
            47.3722937
          ],
          [
            8.5843792,
            47.3723388
          ],
          [
            8.584325,
            47.3724579
          ],
          [
            8.5842484,
            47.3725322
          ],
          [
            8.5841514,
            47.3725875
          ],
          [
            8.5841016,
            47.3726069
          ],
          [
            8.5839821,
            47.3726383
          ],
          [
            8.583939,
            47.3726579
          ],
          [
            8.5836686,
            47.3728111
          ],
          [
            8.5836402,
            47.3728559
          ],
          [
            8.5836208,
            47.3729022
          ],
          [
            8.5836155,
            47.3729461
          ],
          [
            8.5836124,
            47.3729589
          ],
          [
            8.5835981,
            47.3729698
          ],
          [
            8.5835414,
            47.3729876
          ],
          [
            8.5833074,
            47.3730653
          ],
          [
            8.5831853,
            47.373166
          ],
          [
            8.583068,
            47.3731954
          ],
          [
            8.5829534,
            47.3732058
          ],
          [
            8.582841,
            47.3732341
          ],
          [
            8.5827044,
            47.3732931
          ],
          [
            8.5824958,
            47.3733116
          ],
          [
            8.5823356,
            47.3733207
          ],
          [
            8.5820695,
            47.3732945
          ],
          [
            8.5818813,
            47.3732861
          ],
          [
            8.5818239,
            47.3732994
          ],
          [
            8.5817599,
            47.3733462
          ],
          [
            8.5817064,
            47.373359
          ],
          [
            8.5816379,
            47.3733526
          ],
          [
            8.5815877,
            47.3733696
          ],
          [
            8.5814838,
            47.3734094
          ],
          [
            8.5814078,
            47.3734228
          ],
          [
            8.5811066,
            47.3733929
          ],
          [
            8.5808887,
            47.3734371
          ],
          [
            8.5807903,
            47.3734482
          ],
          [
            8.5806723,
            47.3734469
          ],
          [
            8.5805848,
            47.3734334
          ],
          [
            8.5802799,
            47.3733788
          ],
          [
            8.5800379,
            47.3733847
          ],
          [
            8.5797797,
            47.373422
          ],
          [
            8.5797063,
            47.3734201
          ],
          [
            8.5796092,
            47.3734064
          ],
          [
            8.579593,
            47.3733693
          ]
        ]
      },
      "id": "way/1394393888"
    },
    {
      "type": "Feature",
      "properties": {
        "@id": "way/1394393889",
        "bicycle": "yes",
        "foot": "no",
        "hazard": "pedestrians",
        "highway": "cycleway",
        "horse": "no",
        "lit": "no",
        "mtb": "yes",
        "mtb:scale": "1",
        "mtb_trail_type": "freeride",
        "name": "Adlisberg Trail",
        "oneway": "yes",
        "surface": "ground",
        "trail_visibility": "good",
        "width": "1.5"
      },
      "geometry": {
        "type": "LineString",
        "coordinates": [
          [
            8.5785522,
            47.3707782
          ],
          [
            8.5785541,
            47.3707545
          ],
          [
            8.5785571,
            47.3706909
          ],
          [
            8.578562,
            47.3706653
          ],
          [
            8.5785789,
            47.3706241
          ],
          [
            8.5785784,
            47.3706077
          ],
          [
            8.5785729,
            47.3705921
          ],
          [
            8.5785605,
            47.3705742
          ],
          [
            8.5785491,
            47.3705617
          ],
          [
            8.57854,
            47.3705462
          ],
          [
            8.5785366,
            47.3705347
          ],
          [
            8.5785367,
            47.3705234
          ],
          [
            8.5785416,
            47.3705069
          ],
          [
            8.5785592,
            47.3704854
          ],
          [
            8.5786115,
            47.3704538
          ],
          [
            8.5786316,
            47.3704396
          ],
          [
            8.5786476,
            47.3704224
          ],
          [
            8.578658,
            47.3703885
          ],
          [
            8.5786687,
            47.3703071
          ],
          [
            8.5786871,
            47.3702829
          ],
          [
            8.57871,
            47.3702613
          ],
          [
            8.5788049,
            47.3701954
          ],
          [
            8.5788808,
            47.3700566
          ],
          [
            8.5790434,
            47.3699055
          ],
          [
            8.5790716,
            47.3698721
          ],
          [
            8.5790707,
            47.3698418
          ],
          [
            8.5790203,
            47.3698114
          ],
          [
            8.5789678,
            47.3697957
          ],
          [
            8.5788677,
            47.3698007
          ],
          [
            8.5788214,
            47.3697749
          ],
          [
            8.578794,
            47.3697376
          ],
          [
            8.5788037,
            47.3696907
          ],
          [
            8.5788752,
            47.3696427
          ],
          [
            8.5789648,
            47.3696191
          ],
          [
            8.5790209,
            47.3695812
          ],
          [
            8.5790446,
            47.369531
          ],
          [
            8.5790277,
            47.36939
          ],
          [
            8.579035,
            47.3693544
          ],
          [
            8.5790285,
            47.369237
          ],
          [
            8.5791105,
            47.3691559
          ],
          [
            8.5791755,
            47.3691243
          ],
          [
            8.5792036,
            47.3691005
          ],
          [
            8.5792065,
            47.3690748
          ],
          [
            8.5791912,
            47.3690382
          ],
          [
            8.5792183,
            47.3689842
          ],
          [
            8.5792057,
            47.3689427
          ],
          [
            8.5792008,
            47.3687147
          ]
        ]
      },
      "id": "way/1394393889"
    },
    {
      "type": "Feature",
      "properties": {
        "@id": "way/1409744793",
        "highway": "cycleway"
      },
      "geometry": {
        "type": "LineString",
        "coordinates": [
          [
            8.5140976,
            47.3664067
          ],
          [
            8.5142047,
            47.3664169
          ]
        ]
      },
      "id": "way/1409744793"
    },
    {
      "type": "Feature",
      "properties": {
        "@id": "way/1409745143",
        "highway": "cycleway",
        "surface": "asphalt"
      },
      "geometry": {
        "type": "LineString",
        "coordinates": [
          [
            8.5142047,
            47.3664169
          ],
          [
            8.5141489,
            47.3664473
          ]
        ]
      },
      "id": "way/1409745143"
    },
    {
      "type": "Feature",
      "properties": {
        "@id": "way/1414870922",
        "highway": "cycleway",
        "lit": "yes",
        "name": "Andreasstrasse",
        "surface": "asphalt",
        "wikidata": "Q27329949"
      },
      "geometry": {
        "type": "LineString",
        "coordinates": [
          [
            8.5508333,
            47.4130222
          ],
          [
            8.550748,
            47.4130213
          ],
          [
            8.550652,
            47.4130202
          ],
          [
            8.5506077,
            47.4130198
          ],
          [
            8.5505165,
            47.4130188
          ],
          [
            8.5504196,
            47.4130177
          ],
          [
            8.5503447,
            47.4130169
          ]
        ]
      },
      "id": "way/1414870922"
    },
    {
      "type": "Feature",
      "properties": {
        "@id": "way/1418731842",
        "alt_name": "Uetliberg Grattrail",
        "bicycle": "designated",
        "distance": "0.825",
        "foot": "no",
        "highway": "cycleway",
        "horse": "no",
        "incline": "down",
        "lit": "no",
        "mtb:scale": "1",
        "name": "Höcklertrail Zulaufstrecke",
        "oneway": "no",
        "surface": "pebblestone"
      },
      "geometry": {
        "type": "LineString",
        "coordinates": [
          [
            8.497964,
            47.3420208
          ],
          [
            8.4981115,
            47.341866
          ],
          [
            8.4981592,
            47.3417687
          ],
          [
            8.4982184,
            47.3417227
          ],
          [
            8.4982312,
            47.3416619
          ],
          [
            8.4982897,
            47.3416206
          ],
          [
            8.498323,
            47.3415685
          ],
          [
            8.4982819,
            47.3414549
          ],
          [
            8.4982643,
            47.3413984
          ],
          [
            8.4982689,
            47.3413491
          ],
          [
            8.498347,
            47.3412009
          ],
          [
            8.4983727,
            47.3410183
          ],
          [
            8.498431,
            47.3409341
          ],
          [
            8.498457,
            47.3408547
          ]
        ]
      },
      "id": "way/1418731842"
    },
    {
      "type": "Feature",
      "properties": {
        "@id": "way/1418731851",
        "alt_name": "Uetliberg Grattrail",
        "bicycle": "designated",
        "distance": "0.825",
        "foot": "no",
        "hazard": "pedestrians",
        "highway": "cycleway",
        "horse": "no",
        "incline": "down",
        "lit": "no",
        "mtb:scale": "1",
        "name": "Höcklertrail Zulaufstrecke",
        "oneway": "no",
        "surface": "pebblestone"
      },
      "geometry": {
        "type": "LineString",
        "coordinates": [
          [
            8.4974961,
            47.3422243
          ],
          [
            8.4976414,
            47.3421943
          ],
          [
            8.4977991,
            47.342136
          ],
          [
            8.497964,
            47.3420208
          ]
        ]
      },
      "id": "way/1418731851"
    },
    {
      "type": "Feature",
      "properties": {
        "@id": "way/1418769481",
        "alt_name": "Biketrail Höckler",
        "bicycle": "designated",
        "foot": "no",
        "hazard": "pedestrians",
        "highway": "cycleway",
        "incline": "-13%",
        "mtb:scale": "2",
        "name": "Höcklertrail 3/4",
        "oneway": "yes",
        "route": "mtb",
        "surface": "unpaved"
      },
      "geometry": {
        "type": "LineString",
        "coordinates": [
          [
            8.5099871,
            47.3414915
          ],
          [
            8.5100094,
            47.3415103
          ],
          [
            8.5100213,
            47.3415296
          ],
          [
            8.5100335,
            47.3415558
          ],
          [
            8.5100524,
            47.3416015
          ],
          [
            8.5100695,
            47.3416337
          ],
          [
            8.5100821,
            47.3416608
          ],
          [
            8.5100792,
            47.3416807
          ],
          [
            8.5100687,
            47.3416976
          ],
          [
            8.5100596,
            47.3417067
          ],
          [
            8.5100479,
            47.3417129
          ],
          [
            8.5100141,
            47.3417186
          ],
          [
            8.5099768,
            47.3417209
          ],
          [
            8.5099068,
            47.3417356
          ],
          [
            8.5098007,
            47.3417747
          ],
          [
            8.5096381,
            47.3418539
          ],
          [
            8.5096213,
            47.3418652
          ],
          [
            8.5096139,
            47.3418753
          ],
          [
            8.5095958,
            47.3419167
          ],
          [
            8.5095808,
            47.3419352
          ],
          [
            8.5094997,
            47.3419769
          ],
          [
            8.509482,
            47.3419839
          ],
          [
            8.5094436,
            47.3419863
          ],
          [
            8.5094186,
            47.3419948
          ],
          [
            8.5094127,
            47.3420008
          ],
          [
            8.5094134,
            47.3420118
          ],
          [
            8.5094309,
            47.3420285
          ],
          [
            8.5094613,
            47.3420391
          ],
          [
            8.5095017,
            47.342046
          ],
          [
            8.5095593,
            47.3420442
          ],
          [
            8.509626,
            47.3420318
          ],
          [
            8.5096694,
            47.3420317
          ],
          [
            8.5097791,
            47.3420556
          ],
          [
            8.5098807,
            47.3420839
          ],
          [
            8.5099784,
            47.34208
          ],
          [
            8.5100405,
            47.3420883
          ],
          [
            8.5101274,
            47.3420642
          ],
          [
            8.5101523,
            47.3420633
          ]
        ]
      },
      "id": "way/1418769481"
    },
    {
      "type": "Feature",
      "properties": {
        "@id": "way/1418769487",
        "alt_name": "Biketrail Höckler",
        "bicycle": "designated",
        "foot": "yes",
        "hazard": "pedestrians; cyclists",
        "highway": "cycleway",
        "incline": "-13%",
        "mtb:scale": "2",
        "name": "Höcklertrail 3/4",
        "oneway": "yes",
        "route": "mtb",
        "surface": "unpaved"
      },
      "geometry": {
        "type": "LineString",
        "coordinates": [
          [
            8.509825,
            47.3415155
          ],
          [
            8.5099472,
            47.3414883
          ],
          [
            8.5099678,
            47.3414872
          ],
          [
            8.5099871,
            47.3414915
          ]
        ]
      },
      "id": "way/1418769487"
    },
    {
      "type": "Feature",
      "properties": {
        "@id": "way/1425988684",
        "bicycle": "designated",
        "foot": "designated",
        "highway": "cycleway",
        "lane_markings": "no",
        "lit": "yes",
        "name": "Langgrütweg",
        "segregated": "no",
        "surface": "asphalt",
        "wikidata": "Q27324598"
      },
      "geometry": {
        "type": "LineString",
        "coordinates": [
          [
            8.4886316,
            47.3730521
          ],
          [
            8.4886517,
            47.3730666
          ],
          [
            8.4889505,
            47.3733018
          ],
          [
            8.4890961,
            47.3734162
          ],
          [
            8.4893659,
            47.373631
          ],
          [
            8.4893958,
            47.3736548
          ],
          [
            8.489432,
            47.3736795
          ],
          [
            8.4894826,
            47.3737119
          ]
        ]
      },
      "id": "way/1425988684"
    },
    {
      "type": "Feature",
      "properties": {
        "@id": "way/1429924842",
        "crossing:markings": "no",
        "cycleway": "crossing",
        "highway": "cycleway",
        "lit": "yes"
      },
      "geometry": {
        "type": "LineString",
        "coordinates": [
          [
            8.5913234,
            47.4056105
          ],
          [
            8.5913404,
            47.4056396
          ],
          [
            8.5913587,
            47.405671
          ]
        ]
      },
      "id": "way/1429924842"
    },
    {
      "type": "Feature",
      "properties": {
        "@id": "way/1429924843",
        "cycleway": "traffic_island",
        "highway": "cycleway",
        "lit": "yes"
      },
      "geometry": {
        "type": "LineString",
        "coordinates": [
          [
            8.5913587,
            47.405671
          ],
          [
            8.5913806,
            47.4057087
          ]
        ]
      },
      "id": "way/1429924843"
    },
    {
      "type": "Feature",
      "properties": {
        "@id": "way/1429924844",
        "crossing:markings": "no",
        "cycleway": "crossing",
        "highway": "cycleway",
        "lit": "yes"
      },
      "geometry": {
        "type": "LineString",
        "coordinates": [
          [
            8.5913806,
            47.4057087
          ],
          [
            8.5913969,
            47.4057367
          ],
          [
            8.5914158,
            47.4057692
          ]
        ]
      },
      "id": "way/1429924844"
    },
    {
      "type": "Feature",
      "properties": {
        "@id": "way/1429924845",
        "highway": "cycleway",
        "lit": "yes"
      },
      "geometry": {
        "type": "LineString",
        "coordinates": [
          [
            8.5914158,
            47.4057692
          ],
          [
            8.5914327,
            47.4057983
          ]
        ]
      },
      "id": "way/1429924845"
    },
    {
      "type": "Feature",
      "properties": {
        "@id": "way/1429924846",
        "highway": "cycleway",
        "lit": "yes"
      },
      "geometry": {
        "type": "LineString",
        "coordinates": [
          [
            8.5913152,
            47.4055963
          ],
          [
            8.5913234,
            47.4056105
          ]
        ]
      },
      "id": "way/1429924846"
    },
    {
      "type": "Feature",
      "properties": {
        "@id": "way/1430563375",
        "cycleway": "traffic_island",
        "foot": "no",
        "highway": "cycleway"
      },
      "geometry": {
        "type": "LineString",
        "coordinates": [
          [
            8.4921503,
            47.4269454
          ],
          [
            8.4921269,
            47.4269572
          ]
        ]
      },
      "id": "way/1430563375"
    },
    {
      "type": "Feature",
      "properties": {
        "@id": "way/1430563376",
        "crossing:markings": "dashes",
        "crossing:markings:colour": "yellow",
        "cycleway": "crossing",
        "foot": "no",
        "highway": "cycleway"
      },
      "geometry": {
        "type": "LineString",
        "coordinates": [
          [
            8.4921269,
            47.4269572
          ],
          [
            8.4920614,
            47.4269907
          ],
          [
            8.4919744,
            47.4270361
          ]
        ]
      },
      "id": "way/1430563376"
    },
    {
      "type": "Feature",
      "properties": {
        "@id": "way/1430563377",
        "foot": "no",
        "highway": "cycleway"
      },
      "geometry": {
        "type": "LineString",
        "coordinates": [
          [
            8.4919744,
            47.4270361
          ],
          [
            8.4919412,
            47.4270563
          ]
        ]
      },
      "id": "way/1430563377"
    },
    {
      "type": "Feature",
      "properties": {
        "@id": "way/1430563378",
        "foot": "no",
        "highway": "cycleway"
      },
      "geometry": {
        "type": "LineString",
        "coordinates": [
          [
            8.4922603,
            47.4268957
          ],
          [
            8.4922064,
            47.4269163
          ]
        ]
      },
      "id": "way/1430563378"
    },
    {
      "type": "Feature",
      "properties": {
        "@id": "way/1430563379",
        "crossing:markings": "dashes",
        "crossing:markings:colour": "yellow",
        "cycleway": "crossing",
        "foot": "no",
        "highway": "cycleway"
      },
      "geometry": {
        "type": "LineString",
        "coordinates": [
          [
            8.4922064,
            47.4269163
          ],
          [
            8.4921773,
            47.4269312
          ],
          [
            8.4921503,
            47.4269454
          ]
        ]
      },
      "id": "way/1430563379"
    },
    {
      "type": "Feature",
      "properties": {
        "@id": "way/1431663043",
        "highway": "cycleway",
        "oneway": "yes",
        "surface": "asphalt"
      },
      "geometry": {
        "type": "LineString",
        "coordinates": [
          [
            8.5029586,
            47.3926181
          ],
          [
            8.5029083,
            47.3926398
          ],
          [
            8.5028099,
            47.3926821
          ]
        ]
      },
      "id": "way/1431663043"
    },
    {
      "type": "Feature",
      "properties": {
        "@id": "way/1431663047",
        "highway": "cycleway",
        "lcn": "yes",
        "smoothness": "excellent",
        "surface": "asphalt"
      },
      "geometry": {
        "type": "LineString",
        "coordinates": [
          [
            8.5027169,
            47.3923328
          ],
          [
            8.5026826,
            47.3923599
          ]
        ]
      },
      "id": "way/1431663047"
    },
    {
      "type": "Feature",
      "properties": {
        "@id": "way/1431663048",
        "cycleway": "traffic_island",
        "highway": "cycleway",
        "lcn": "yes",
        "smoothness": "excellent",
        "surface": "asphalt",
        "width": "2"
      },
      "geometry": {
        "type": "LineString",
        "coordinates": [
          [
            8.5025601,
            47.3924519
          ],
          [
            8.502526,
            47.3924712
          ]
        ]
      },
      "id": "way/1431663048"
    },
    {
      "type": "Feature",
      "properties": {
        "@id": "way/1431663049",
        "highway": "cycleway",
        "lcn": "yes",
        "smoothness": "excellent",
        "surface": "asphalt"
      },
      "geometry": {
        "type": "LineString",
        "coordinates": [
          [
            8.5024559,
            47.3924815
          ],
          [
            8.5024156,
            47.3924867
          ]
        ]
      },
      "id": "way/1431663049"
    },
    {
      "type": "Feature",
      "properties": {
        "@id": "way/1431663054",
        "highway": "cycleway",
        "smoothness": "excellent",
        "surface": "asphalt",
        "width": "2"
      },
      "geometry": {
        "type": "LineString",
        "coordinates": [
          [
            8.5028308,
            47.3923236
          ],
          [
            8.5028597,
            47.3923333
          ]
        ]
      },
      "id": "way/1431663054"
    },
    {
      "type": "Feature",
      "properties": {
        "@id": "way/1431663055",
        "highway": "cycleway",
        "smoothness": "excellent",
        "surface": "asphalt",
        "width": "2"
      },
      "geometry": {
        "type": "LineString",
        "coordinates": [
          [
            8.5030463,
            47.3924555
          ],
          [
            8.5031104,
            47.3924979
          ]
        ]
      },
      "id": "way/1431663055"
    },
    {
      "type": "Feature",
      "properties": {
        "@id": "way/1431663056",
        "crossing": "traffic_signals",
        "cycleway": "crossing",
        "highway": "cycleway",
        "smoothness": "excellent",
        "surface": "asphalt",
        "width": "2"
      },
      "geometry": {
        "type": "LineString",
        "coordinates": [
          [
            8.5028597,
            47.3923333
          ],
          [
            8.5028945,
            47.3923561
          ],
          [
            8.5029238,
            47.3923753
          ]
        ]
      },
      "id": "way/1431663056"
    },
    {
      "type": "Feature",
      "properties": {
        "@id": "way/1431663057",
        "cycleway": "traffic_island",
        "highway": "cycleway",
        "smoothness": "excellent",
        "surface": "asphalt",
        "width": "2"
      },
      "geometry": {
        "type": "LineString",
        "coordinates": [
          [
            8.5029238,
            47.3923753
          ],
          [
            8.5029489,
            47.3923917
          ]
        ]
      },
      "id": "way/1431663057"
    },
    {
      "type": "Feature",
      "properties": {
        "@id": "way/1433036787",
        "highway": "cycleway",
        "lcn": "yes",
        "lit": "yes",
        "oneway": "yes",
        "smoothness": "excellent",
        "surface": "asphalt",
        "width": "1"
      },
      "geometry": {
        "type": "LineString",
        "coordinates": [
          [
            8.5033404,
            47.3815226
          ],
          [
            8.5032843,
            47.3815276
          ],
          [
            8.5031923,
            47.3815468
          ],
          [
            8.5031302,
            47.3815647
          ],
          [
            8.5030808,
            47.3815829
          ],
          [
            8.5030186,
            47.3816111
          ],
          [
            8.5029642,
            47.3816365
          ],
          [
            8.500702,
            47.382714
          ],
          [
            8.5003769,
            47.3828679
          ],
          [
            8.5002682,
            47.3829192
          ],
          [
            8.500205,
            47.3829516
          ],
          [
            8.5001486,
            47.3829852
          ],
          [
            8.5000882,
            47.3830238
          ],
          [
            8.50003,
            47.3830647
          ],
          [
            8.4999731,
            47.383102
          ],
          [
            8.4999019,
            47.3831432
          ],
          [
            8.4997755,
            47.3832053
          ],
          [
            8.4995214,
            47.3833268
          ]
        ]
      },
      "id": "way/1433036787"
    },
    {
      "type": "Feature",
      "properties": {
        "@id": "way/1434313702",
        "cycleway": "link",
        "highway": "cycleway",
        "lcn": "yes",
        "oneway": "yes",
        "surface": "asphalt"
      },
      "geometry": {
        "type": "LineString",
        "coordinates": [
          [
            8.4975489,
            47.384225
          ],
          [
            8.4975304,
            47.3842622
          ]
        ]
      },
      "id": "way/1434313702"
    },
    {
      "type": "Feature",
      "properties": {
        "@id": "way/1434313703",
        "highway": "cycleway",
        "lcn": "yes",
        "lit": "yes",
        "oneway": "yes",
        "smoothness": "excellent",
        "surface": "asphalt",
        "width": "1"
      },
      "geometry": {
        "type": "LineString",
        "coordinates": [
          [
            8.4991759,
            47.3834716
          ],
          [
            8.4990881,
            47.3835024
          ],
          [
            8.4990087,
            47.3835343
          ],
          [
            8.4989134,
            47.3835766
          ],
          [
            8.4987367,
            47.3836636
          ],
          [
            8.4983977,
            47.3838313
          ],
          [
            8.4982006,
            47.3839291
          ],
          [
            8.4979615,
            47.3840466
          ],
          [
            8.4978888,
            47.3840863
          ]
        ]
      },
      "id": "way/1434313703"
    },
    {
      "type": "Feature",
      "properties": {
        "@id": "way/1434313706",
        "highway": "cycleway",
        "lcn": "yes",
        "lit": "yes",
        "oneway": "yes",
        "surface": "asphalt"
      },
      "geometry": {
        "type": "LineString",
        "coordinates": [
          [
            8.4979101,
            47.3839466
          ],
          [
            8.4979415,
            47.383903
          ]
        ]
      },
      "id": "way/1434313706"
    },
    {
      "type": "Feature",
      "properties": {
        "@id": "way/1434313711",
        "cycleway": "link",
        "highway": "cycleway",
        "lcn": "yes",
        "oneway": "yes",
        "surface": "asphalt"
      },
      "geometry": {
        "type": "LineString",
        "coordinates": [
          [
            8.503127,
            47.3813597
          ],
          [
            8.503192,
            47.3813473
          ]
        ]
      },
      "id": "way/1434313711"
    },
    {
      "type": "Feature",
      "properties": {
        "@id": "way/1434313712",
        "highway": "cycleway",
        "lcn": "yes",
        "lit": "yes",
        "oneway": "yes",
        "smoothness": "excellent",
        "surface": "asphalt",
        "width": "1"
      },
      "geometry": {
        "type": "LineString",
        "coordinates": [
          [
            8.4979415,
            47.383903
          ],
          [
            8.4981429,
            47.3838038
          ],
          [
            8.4984444,
            47.3836549
          ],
          [
            8.4985354,
            47.3836097
          ],
          [
            8.498578,
            47.383585
          ],
          [
            8.4986744,
            47.3835266
          ],
          [
            8.4987739,
            47.3834667
          ],
          [
            8.4988869,
            47.3834015
          ],
          [
            8.4989603,
            47.3833616
          ],
          [
            8.4990797,
            47.3833022
          ],
          [
            8.4991617,
            47.3832638
          ],
          [
            8.4992948,
            47.3832058
          ],
          [
            8.4993278,
            47.383191
          ],
          [
            8.4994664,
            47.3831248
          ],
          [
            8.4996439,
            47.3830357
          ],
          [
            8.4997349,
            47.3829904
          ],
          [
            8.499804,
            47.3829591
          ],
          [
            8.4998701,
            47.382932
          ],
          [
            8.4999651,
            47.382898
          ],
          [
            8.5000444,
            47.3828679
          ],
          [
            8.5001362,
            47.3828314
          ],
          [
            8.5002568,
            47.3827756
          ],
          [
            8.5004399,
            47.3826888
          ],
          [
            8.500589,
            47.3826172
          ],
          [
            8.5010079,
            47.382417
          ],
          [
            8.5019378,
            47.3819759
          ],
          [
            8.5026092,
            47.3816544
          ],
          [
            8.5029015,
            47.3815161
          ],
          [
            8.5029613,
            47.3814872
          ],
          [
            8.5030113,
            47.3814583
          ],
          [
            8.5030488,
            47.3814327
          ],
          [
            8.503085,
            47.3814013
          ],
          [
            8.5031094,
            47.3813785
          ],
          [
            8.503127,
            47.3813597
          ]
        ]
      },
      "id": "way/1434313712"
    },
    {
      "type": "Feature",
      "properties": {
        "@id": "way/1434349090",
        "cycleway": "crossing",
        "highway": "cycleway",
        "oneway": "yes",
        "smoothness": "good",
        "surface": "asphalt",
        "width": "2"
      },
      "geometry": {
        "type": "LineString",
        "coordinates": [
          [
            8.490882,
            47.3868396
          ],
          [
            8.4908535,
            47.3868039
          ],
          [
            8.4908265,
            47.38677
          ],
          [
            8.490815,
            47.3867556
          ],
          [
            8.4908049,
            47.386743
          ],
          [
            8.4907879,
            47.3867216
          ],
          [
            8.4907777,
            47.3867088
          ],
          [
            8.4907655,
            47.3866936
          ],
          [
            8.4907675,
            47.3866664
          ]
        ]
      },
      "id": "way/1434349090"
    },
    {
      "type": "Feature",
      "properties": {
        "@id": "way/1434349093",
        "highway": "cycleway",
        "junction": "jughandle",
        "oneway": "yes",
        "smoothness": "excellent",
        "surface": "asphalt",
        "width": "1"
      },
      "geometry": {
        "type": "LineString",
        "coordinates": [
          [
            8.4909778,
            47.3867553
          ],
          [
            8.4909734,
            47.3868042
          ],
          [
            8.4909705,
            47.3868103
          ],
          [
            8.4909587,
            47.3868154
          ],
          [
            8.4908934,
            47.386842
          ],
          [
            8.4908851,
            47.3868421
          ],
          [
            8.490882,
            47.3868396
          ]
        ]
      },
      "id": "way/1434349093"
    },
    {
      "type": "Feature",
      "properties": {
        "@id": "way/1443329077",
        "bicycle": "designated",
        "foot": "designated",
        "highway": "cycleway",
        "segregated": "no",
        "surface": "asphalt"
      },
      "geometry": {
        "type": "LineString",
        "coordinates": [
          [
            8.4829631,
            47.3921337
          ],
          [
            8.4829378,
            47.3920734
          ]
        ]
      },
      "id": "way/1443329077"
    },
    {
      "type": "Feature",
      "properties": {
        "@id": "way/1443329079",
        "highway": "cycleway",
        "surface": "asphalt"
      },
      "geometry": {
        "type": "LineString",
        "coordinates": [
          [
            8.4829378,
            47.3920734
          ],
          [
            8.4829219,
            47.3920386
          ]
        ]
      },
      "id": "way/1443329079"
    },
    {
      "type": "Feature",
      "properties": {
        "@id": "way/1443335308",
        "highway": "cycleway",
        "smoothness": "excellent",
        "surface": "asphalt",
        "width": "3"
      },
      "geometry": {
        "type": "LineString",
        "coordinates": [
          [
            8.488965,
            47.3931384
          ],
          [
            8.489067,
            47.3931715
          ],
          [
            8.489096,
            47.3931812
          ]
        ]
      },
      "id": "way/1443335308"
    },
    {
      "type": "Feature",
      "properties": {
        "@id": "way/1443490318",
        "cycleway": "link",
        "highway": "cycleway",
        "surface": "asphalt"
      },
      "geometry": {
        "type": "LineString",
        "coordinates": [
          [
            8.4699774,
            47.3707598
          ],
          [
            8.4699587,
            47.3707665
          ]
        ]
      },
      "id": "way/1443490318"
    },
    {
      "type": "Feature",
      "properties": {
        "@id": "way/1443490319",
        "button_operated": "yes",
        "crossing": "traffic_signals",
        "crossing:island": "no",
        "crossing:markings": "no",
        "cycleway": "crossing",
        "highway": "cycleway",
        "surface": "asphalt"
      },
      "geometry": {
        "type": "LineString",
        "coordinates": [
          [
            8.4700476,
            47.3707349
          ],
          [
            8.4699774,
            47.3707598
          ]
        ]
      },
      "id": "way/1443490319"
    },
    {
      "type": "Feature",
      "properties": {
        "@id": "way/1443490320",
        "cycleway": "traffic_island",
        "highway": "cycleway",
        "surface": "asphalt"
      },
      "geometry": {
        "type": "LineString",
        "coordinates": [
          [
            8.4701051,
            47.3707314
          ],
          [
            8.4700763,
            47.3707331
          ],
          [
            8.4700476,
            47.3707349
          ]
        ]
      },
      "id": "way/1443490320"
    },
    {
      "type": "Feature",
      "properties": {
        "@id": "way/1443490321",
        "button_operated": "yes",
        "crossing": "traffic_signals",
        "crossing:island": "no",
        "crossing:markings": "no",
        "cycleway": "crossing",
        "highway": "cycleway",
        "smoothness": "excellent",
        "surface": "asphalt"
      },
      "geometry": {
        "type": "LineString",
        "coordinates": [
          [
            8.4702226,
            47.3707395
          ],
          [
            8.4701051,
            47.3707314
          ]
        ]
      },
      "id": "way/1443490321"
    },
    {
      "type": "Feature",
      "properties": {
        "@id": "way/1443490322",
        "highway": "cycleway",
        "smoothness": "excellent",
        "surface": "asphalt"
      },
      "geometry": {
        "type": "LineString",
        "coordinates": [
          [
            8.4702495,
            47.3707299
          ],
          [
            8.4702226,
            47.3707395
          ]
        ]
      },
      "id": "way/1443490322"
    },
    {
      "type": "Feature",
      "properties": {
        "@id": "way/1443490323",
        "button_operated": "yes",
        "crossing": "traffic_signals",
        "crossing:island": "yes",
        "crossing:markings": "no",
        "cycleway": "crossing",
        "highway": "cycleway",
        "smoothness": "excellent",
        "surface": "asphalt"
      },
      "geometry": {
        "type": "LineString",
        "coordinates": [
          [
            8.4702662,
            47.3706587
          ],
          [
            8.4702649,
            47.3706643
          ],
          [
            8.4702495,
            47.3707299
          ]
        ]
      },
      "id": "way/1443490323"
    },
    {
      "type": "Feature",
      "properties": {
        "@id": "way/1443490324",
        "cycleway": "traffic_island",
        "highway": "cycleway",
        "surface": "asphalt"
      },
      "geometry": {
        "type": "LineString",
        "coordinates": [
          [
            8.4702706,
            47.3706399
          ],
          [
            8.4702662,
            47.3706587
          ]
        ]
      },
      "id": "way/1443490324"
    },
    {
      "type": "Feature",
      "properties": {
        "@id": "way/1443490325",
        "button_operated": "yes",
        "crossing": "traffic_signals",
        "crossing:island": "yes",
        "crossing:markings": "no",
        "cycleway": "crossing",
        "highway": "cycleway",
        "surface": "asphalt"
      },
      "geometry": {
        "type": "LineString",
        "coordinates": [
          [
            8.4702792,
            47.3706034
          ],
          [
            8.4702706,
            47.3706399
          ]
        ]
      },
      "id": "way/1443490325"
    },
    {
      "type": "Feature",
      "properties": {
        "@id": "way/1443490326",
        "cycleway": "link",
        "highway": "cycleway",
        "surface": "asphalt"
      },
      "geometry": {
        "type": "LineString",
        "coordinates": [
          [
            8.4702832,
            47.3705866
          ],
          [
            8.4702792,
            47.3706034
          ]
        ]
      },
      "id": "way/1443490326"
    },
    {
      "type": "Feature",
      "properties": {
        "@id": "way/1445809204",
        "highway": "cycleway",
        "layer": "-1",
        "surface": "concrete",
        "tunnel": "yes",
        "width": "2"
      },
      "geometry": {
        "type": "LineString",
        "coordinates": [
          [
            8.54921,
            47.3661467
          ],
          [
            8.5492296,
            47.3661515
          ],
          [
            8.5493659,
            47.3661162
          ]
        ]
      },
      "id": "way/1445809204"
    },
    {
      "type": "Feature",
      "properties": {
        "@id": "way/1445809205",
        "highway": "cycleway",
        "surface": "asphalt",
        "width": "2"
      },
      "geometry": {
        "type": "LineString",
        "coordinates": [
          [
            8.549125,
            47.3661259
          ],
          [
            8.54921,
            47.3661467
          ]
        ]
      },
      "id": "way/1445809205"
    },
    {
      "type": "Feature",
      "properties": {
        "@id": "way/1446390149",
        "foot": "no",
        "highway": "cycleway",
        "oneway": "yes",
        "smoothness": "excellent",
        "surface": "asphalt"
      },
      "geometry": {
        "type": "LineString",
        "coordinates": [
          [
            8.5357689,
            47.3980182
          ],
          [
            8.5358258,
            47.3980097
          ],
          [
            8.5360293,
            47.3980474
          ],
          [
            8.5362345,
            47.3980823
          ],
          [
            8.5362888,
            47.3981098
          ]
        ]
      },
      "id": "way/1446390149"
    },
    {
      "type": "Feature",
      "properties": {
        "@id": "way/1446390150",
        "foot": "no",
        "highway": "cycleway",
        "lit": "yes",
        "smoothness": "excellent",
        "surface": "asphalt",
        "width": "2"
      },
      "geometry": {
        "type": "LineString",
        "coordinates": [
          [
            8.5341544,
            47.3978671
          ],
          [
            8.5339985,
            47.3978245
          ],
          [
            8.533861,
            47.3977791
          ],
          [
            8.5337652,
            47.3977224
          ]
        ]
      },
      "id": "way/1446390150"
    },
    {
      "type": "Feature",
      "properties": {
        "@id": "way/1450633189",
        "bicycle": "designated",
        "cycleway:surface": "asphalt",
        "cycleway:width": "1.5",
        "foot": "designated",
        "footway:surface": "asphalt",
        "highway": "cycleway",
        "layer": "-1",
        "segregated": "yes",
        "smoothness": "excellent",
        "surface": "asphalt"
      },
      "geometry": {
        "type": "LineString",
        "coordinates": [
          [
            8.4900696,
            47.3942703
          ],
          [
            8.490025,
            47.3942798
          ]
        ]
      },
      "id": "way/1450633189"
    },
    {
      "type": "Feature",
      "properties": {
        "@id": "way/1452837575",
        "highway": "cycleway",
        "lit": "yes",
        "oneway": "yes",
        "smoothness": "excellent",
        "surface": "asphalt",
        "width": "1.3"
      },
      "geometry": {
        "type": "LineString",
        "coordinates": [
          [
            8.5037974,
            47.3809819
          ],
          [
            8.5038796,
            47.3809487
          ],
          [
            8.5039544,
            47.3809405
          ],
          [
            8.5040874,
            47.380955
          ]
        ]
      },
      "id": "way/1452837575"
    },
    {
      "type": "Feature",
      "properties": {
        "@id": "way/1452837577",
        "highway": "cycleway",
        "lit": "yes",
        "oneway": "yes",
        "surface": "asphalt"
      },
      "geometry": {
        "type": "LineString",
        "coordinates": [
          [
            8.503192,
            47.3813473
          ],
          [
            8.503178,
            47.381297
          ],
          [
            8.5032275,
            47.3812175
          ],
          [
            8.5033012,
            47.381167
          ]
        ]
      },
      "id": "way/1452837577"
    },
    {
      "type": "Feature",
      "properties": {
        "@id": "way/1452837578",
        "highway": "cycleway",
        "oneway": "yes",
        "smoothness": "excellent",
        "surface": "asphalt",
        "width": "1"
      },
      "geometry": {
        "type": "LineString",
        "coordinates": [
          [
            8.5036398,
            47.381476
          ],
          [
            8.5035122,
            47.3815142
          ],
          [
            8.5033404,
            47.3815226
          ]
        ]
      },
      "id": "way/1452837578"
    },
    {
      "type": "Feature",
      "properties": {
        "@id": "way/1453896326",
        "highway": "cycleway",
        "oneway": "no",
        "surface": "asphalt"
      },
      "geometry": {
        "type": "LineString",
        "coordinates": [
          [
            8.532612,
            47.3974188
          ],
          [
            8.5326275,
            47.3974236
          ],
          [
            8.5326337,
            47.3974644
          ],
          [
            8.5326483,
            47.3974943
          ],
          [
            8.5326722,
            47.3975168
          ],
          [
            8.5327023,
            47.3975332
          ],
          [
            8.5327691,
            47.397562
          ],
          [
            8.5328385,
            47.3975838
          ],
          [
            8.532927,
            47.3976099
          ],
          [
            8.5330031,
            47.3976282
          ],
          [
            8.5330885,
            47.3976467
          ],
          [
            8.5331553,
            47.3976566
          ],
          [
            8.5332367,
            47.3976656
          ],
          [
            8.5332809,
            47.3976668
          ],
          [
            8.5333194,
            47.3976632
          ],
          [
            8.5333504,
            47.3976557
          ],
          [
            8.5333702,
            47.3976451
          ],
          [
            8.533398,
            47.3976481
          ]
        ]
      },
      "id": "way/1453896326"
    },
    {
      "type": "Feature",
      "properties": {
        "@id": "way/1453896327",
        "crossing": "traffic_signals",
        "cycleway": "crossing",
        "highway": "cycleway",
        "oneway": "no",
        "surface": "asphalt"
      },
      "geometry": {
        "type": "LineString",
        "coordinates": [
          [
            8.5325047,
            47.397424
          ],
          [
            8.5325123,
            47.3974236
          ],
          [
            8.532612,
            47.3974188
          ]
        ]
      },
      "id": "way/1453896327"
    },
    {
      "type": "Feature",
      "properties": {
        "@id": "way/1453896333",
        "crossing": "traffic_signals",
        "cycleway": "crossing",
        "highway": "cycleway",
        "oneway": "no",
        "surface": "asphalt"
      },
      "geometry": {
        "type": "LineString",
        "coordinates": [
          [
            8.533662,
            47.3977255
          ],
          [
            8.5337205,
            47.3977235
          ],
          [
            8.5337652,
            47.3977224
          ]
        ]
      },
      "id": "way/1453896333"
    },
    {
      "type": "Feature",
      "properties": {
        "@id": "way/1453896334",
        "cycleway": "traffic_island",
        "highway": "cycleway",
        "oneway": "no",
        "surface": "asphalt"
      },
      "geometry": {
        "type": "LineString",
        "coordinates": [
          [
            8.5335905,
            47.3977112
          ],
          [
            8.5336281,
            47.3977187
          ],
          [
            8.533662,
            47.3977255
          ]
        ]
      },
      "id": "way/1453896334"
    },
    {
      "type": "Feature",
      "properties": {
        "@id": "way/1453896335",
        "crossing": "traffic_signals",
        "cycleway": "crossing",
        "highway": "cycleway",
        "oneway": "no",
        "surface": "asphalt"
      },
      "geometry": {
        "type": "LineString",
        "coordinates": [
          [
            8.5335146,
            47.3976923
          ],
          [
            8.5335365,
            47.3976978
          ],
          [
            8.5335429,
            47.3976994
          ],
          [
            8.5335563,
            47.3977027
          ],
          [
            8.5335703,
            47.3977062
          ],
          [
            8.5335905,
            47.3977112
          ]
        ]
      },
      "id": "way/1453896335"
    },
    {
      "type": "Feature",
      "properties": {
        "@id": "way/1453896336",
        "cycleway": "traffic_island",
        "highway": "cycleway",
        "oneway": "no",
        "smoothness": "excellent",
        "surface": "asphalt"
      },
      "geometry": {
        "type": "LineString",
        "coordinates": [
          [
            8.5334814,
            47.3976795
          ],
          [
            8.5335146,
            47.3976923
          ]
        ]
      },
      "id": "way/1453896336"
    },
    {
      "type": "Feature",
      "properties": {
        "@id": "way/1453896337",
        "crossing": "traffic_signals",
        "cycleway": "crossing",
        "highway": "cycleway",
        "oneway": "no",
        "surface": "asphalt"
      },
      "geometry": {
        "type": "LineString",
        "coordinates": [
          [
            8.533398,
            47.3976481
          ],
          [
            8.5334407,
            47.3976642
          ],
          [
            8.5334814,
            47.3976795
          ]
        ]
      },
      "id": "way/1453896337"
    },
    {
      "type": "Feature",
      "properties": {
        "@id": "way/1453896341",
        "highway": "cycleway",
        "oneway": "no",
        "surface": "asphalt"
      },
      "geometry": {
        "type": "LineString",
        "coordinates": [
          [
            8.5323699,
            47.3974057
          ],
          [
            8.5324116,
            47.3974145
          ]
        ]
      },
      "id": "way/1453896341"
    },
    {
      "type": "Feature",
      "properties": {
        "@id": "way/1453896342",
        "crossing": "traffic_signals",
        "cycleway": "crossing",
        "highway": "cycleway",
        "oneway": "no",
        "surface": "asphalt"
      },
      "geometry": {
        "type": "LineString",
        "coordinates": [
          [
            8.5324116,
            47.3974145
          ],
          [
            8.5324819,
            47.3974251
          ]
        ]
      },
      "id": "way/1453896342"
    },
    {
      "type": "Feature",
      "properties": {
        "@id": "way/1453896343",
        "cycleway": "traffic_island",
        "highway": "cycleway",
        "oneway": "no",
        "surface": "asphalt"
      },
      "geometry": {
        "type": "LineString",
        "coordinates": [
          [
            8.5324819,
            47.3974251
          ],
          [
            8.5325047,
            47.397424
          ]
        ]
      },
      "id": "way/1453896343"
    },
    {
      "type": "Feature",
      "properties": {
        "@id": "way/1453927129",
        "highway": "cycleway",
        "oneway": "yes",
        "surface": "asphalt"
      },
      "geometry": {
        "type": "LineString",
        "coordinates": [
          [
            8.5379178,
            47.3803905
          ],
          [
            8.5379839,
            47.3804073
          ],
          [
            8.5380221,
            47.3803982
          ]
        ]
      },
      "id": "way/1453927129"
    },
    {
      "type": "Feature",
      "properties": {
        "@id": "way/1456354311",
        "highway": "cycleway",
        "lit": "yes",
        "surface": "asphalt"
      },
      "geometry": {
        "type": "LineString",
        "coordinates": [
          [
            8.5489059,
            47.3660819
          ],
          [
            8.5489325,
            47.366048
          ],
          [
            8.5490132,
            47.366033
          ],
          [
            8.5490715,
            47.3660135
          ],
          [
            8.5491241,
            47.3659859
          ],
          [
            8.5491942,
            47.365969
          ]
        ]
      },
      "id": "way/1456354311"
    },
    {
      "type": "Feature",
      "properties": {
        "@id": "way/1492107051",
        "highway": "cycleway",
        "oneway": "no",
        "surface": "asphalt"
      },
      "geometry": {
        "type": "LineString",
        "coordinates": [
          [
            8.5218406,
            47.3641322
          ],
          [
            8.5219344,
            47.3641872
          ]
        ]
      },
      "id": "way/1492107051"
    },
    {
      "type": "Feature",
      "properties": {
        "@id": "way/1492107052",
        "highway": "cycleway",
        "oneway": "no",
        "surface": "asphalt"
      },
      "geometry": {
        "type": "LineString",
        "coordinates": [
          [
            8.5225569,
            47.3617028
          ],
          [
            8.5224384,
            47.3617794
          ]
        ]
      },
      "id": "way/1492107052"
    },
    {
      "type": "Feature",
      "properties": {
        "@id": "way/1492107053",
        "bicycle": "designated",
        "foot": "designated",
        "highway": "cycleway",
        "lit": "yes",
        "segregated": "yes",
        "smoothness": "excellent",
        "surface": "asphalt"
      },
      "geometry": {
        "type": "LineString",
        "coordinates": [
          [
            8.5223065,
            47.3623815
          ],
          [
            8.5223919,
            47.3619506
          ],
          [
            8.5224033,
            47.3619096
          ],
          [
            8.5224207,
            47.3618648
          ],
          [
            8.5224384,
            47.3617794
          ]
        ]
      },
      "id": "way/1492107053"
    },
    {
      "type": "Feature",
      "properties": {
        "@id": "way/1498156538",
        "highway": "cycleway",
        "oneway": "yes"
      },
      "geometry": {
        "type": "LineString",
        "coordinates": [
          [
            8.537727,
            47.3648428
          ],
          [
            8.5375841,
            47.3648875
          ]
        ]
      },
      "id": "way/1498156538"
    },
    {
      "type": "Feature",
      "properties": {
        "@id": "way/1498156540",
        "highway": "cycleway",
        "oneway": "yes"
      },
      "geometry": {
        "type": "LineString",
        "coordinates": [
          [
            8.5370286,
            47.3646139
          ],
          [
            8.5370196,
            47.3645961
          ],
          [
            8.5369477,
            47.3644534
          ]
        ]
      },
      "id": "way/1498156540"
    },
    {
      "type": "Feature",
      "properties": {
        "@id": "way/1499816071",
        "bicycle": "designated",
        "foot": "designated",
        "highway": "cycleway",
        "lit": "yes",
        "segregated": "yes",
        "smoothness": "good",
        "surface": "asphalt"
      },
      "geometry": {
        "type": "LineString",
        "coordinates": [
          [
            8.5375841,
            47.3648875
          ],
          [
            8.537054,
            47.3646254
          ],
          [
            8.5370286,
            47.3646139
          ]
        ]
      },
      "id": "way/1499816071"
    },
    {
      "type": "Feature",
      "properties": {
        "@id": "way/1500193442",
        "crossing": "unmarked",
        "crossing:island": "yes",
        "crossing:markings": "no",
        "cycleway": "crossing",
        "highway": "cycleway",
        "lcn": "yes"
      },
      "geometry": {
        "type": "LineString",
        "coordinates": [
          [
            8.5034301,
            47.3938156
          ],
          [
            8.5034213,
            47.3938772
          ],
          [
            8.5034169,
            47.3939059
          ],
          [
            8.5034125,
            47.3939314
          ],
          [
            8.5033996,
            47.3940107
          ]
        ]
      },
      "id": "way/1500193442"
    },
    {
      "type": "Feature",
      "properties": {
        "@id": "way/1500193443",
        "cycleway": "link",
        "highway": "cycleway",
        "lcn": "yes",
        "oneway": "yes",
        "surface": "asphalt"
      },
      "geometry": {
        "type": "LineString",
        "coordinates": [
          [
            8.5035296,
            47.3938679
          ],
          [
            8.503453,
            47.3939094
          ],
          [
            8.5034125,
            47.3939314
          ]
        ]
      },
      "id": "way/1500193443"
    }
  ]
}